{"version":313,"hash":{"type":"Buffer","data":"pCQk3Q6dQiejKEh1QxBYat5eZEl+Agt4WAy3OjHMLElh9bjUDYZ6eDp+WKVAGbbz1rQ0JeETOicy8vDcmAYdBBBWYD9fVKI64Ns/e7G33js4iYfidxdHFj8jKUgK3FBPV5fyVOgVMgLrdbIIIytAYc8VJl5X1MdJvjkf4CWX34A="},"indexValueMap":{"ABvhIQ7BSHoa2IfHu+/v7d8/tuIY3cEJCOp0a0uRo+4=":{"valueMac":{"type":"Buffer","data":"rMmySI75XpJTjk6fXhO1RIYyd36+y3zTktrYRPzRImk="}},"AS3fDNEHi+hAzw2ZbVKaqoq4HhcpAPIfeOIRUsF9PP4=":{"valueMac":{"type":"Buffer","data":"6r7gF+vZea+6ZOjDdfEMwMjO4Qe4fVoBkoCFX75u2IY="}},"As5igkuMR+5wjY4hP4jIhgOnsEIWYizU8vZ1JffkyA8=":{"valueMac":{"type":"Buffer","data":"TBzEwNdBp54/4enp3dr/UDkGdVXrq3blI7GvcGd9PfU="}},"BARQrp2dMkbbNSjTaFdPNllZDUzvbS+WNII/fZo6MpA=":{"valueMac":{"type":"Buffer","data":"dtmoa7EZ5aAvJal10qaqJz2USMuc/Qr3ge5wRfh7bvA="}},"BMEfwzdSC+vm1VfNDg7PSAVbRFbh8eXdD25Kqh64ISw=":{"valueMac":{"type":"Buffer","data":"mkMrqk2Hr31VMVYt1TpXZlRWdGRRIHyqoC5yVcDsRNs="}},"Bc1htRkk44aX+AmbbEZNVhIwHhYDa5Um98kSEh86tws=":{"valueMac":{"type":"Buffer","data":"XDbgF7WfP/pw77M4ubIltyHWrLKN0RZ6ugWxcEo1ozI="}},"B8VXLM/l7Ym6bblkGS0ktUNwcCbX1tvcmC1cMrxwBTE=":{"valueMac":{"type":"Buffer","data":"52HGOpDcwdKa1xGWnqLW8H4vCUexuYQrcNJbue3pNBw="}},"CAVhz6VCx6lQEH1l7qDJr/YFWGwlInwx3YS+N7GTGOk=":{"valueMac":{"type":"Buffer","data":"vFdkYUCI7uN1KBy9V7FlObePXDTiu+qa8dLmnoKW0F4="}},"Cf6i9m4+fxmiMTahOTBIj6sXX9ZOWAA48SvfaEx5n14=":{"valueMac":{"type":"Buffer","data":"HzDrTxUTNeNDpfpS9vZPQbfLiX2Uvkztm33tSiVImCg="}},"CsNMcOuJITdQp1iKecWQm91f6gCzPteCB6jNQShjF/E=":{"valueMac":{"type":"Buffer","data":"0oLCL0D5sHpJf/TUFGvu5+OD4HwXN+xFunmAkUQKEy0="}},"DEsw/tHyzoEUgsQkBzsl7gaR0aKrge+N5wDmAOKHjCY=":{"valueMac":{"type":"Buffer","data":"YpS1vrTQuee3IF+KIQ/aRJg608v5L+r+JJDG6PFNtUI="}},"DFs/rOni9nv6NTIuDl6XV062dRSYfeK9hqalBPWRI7I=":{"valueMac":{"type":"Buffer","data":"sSAGJ8hQWYb5aRy1gOBUP7gSkLx0mHzWQZvVRXbYKO8="}},"EMvv60ZO+05zLhGk4aXTvFVDopMcdKEH0advKLLaq+8=":{"valueMac":{"type":"Buffer","data":"08dAz/BMJPyfP8c54Y+NuuT0wt36gnPTShGC1pvhqBU="}},"Fr6Iq1yxJAMzHilyVtKaD4kGnZZGtqaVV4qTJKcPUEk=":{"valueMac":{"type":"Buffer","data":"nhlzJLQRky3JkQYC/BZC5a40S3SQTCbjSF38gaH7lmk="}},"Fu+2x/9jcqoPRLk0MLWTpeaDXK5NpcyzhfthzpvdJLg=":{"valueMac":{"type":"Buffer","data":"ddZCvpBx6nv5hVTBCjizzm1QYpwEjl+0uIgclM0y6xs="}},"FwyzpXXiCPOwMwip/KcbydKeDRBwpA+ZpsHTDYWteMg=":{"valueMac":{"type":"Buffer","data":"9WedFT6oD2MPL8ipxr2IPMKyP+VV2fslTao/3/Jb3nA="}},"GBVYJV8uW/UtLPqnc8+wgCoPlmTAdzixUbD7VTNFdnw=":{"valueMac":{"type":"Buffer","data":"TeH3cxV0MgRA8cNQ8C6K+ZAcesIIYgx1+Fn1x4k1254="}},"GEQ4sB5xZCNJZi9MzKKOKswAYpz5h/EJ9/v4XDTBbpg=":{"valueMac":{"type":"Buffer","data":"UiMguc3y/NMaZhcFExlURxrpHidXhiTPPzzZG/SY6Vo="}},"GNT82DNLv/FAVE35nIRLq1H1J6Nv7VNjfxHbKjUJtJE=":{"valueMac":{"type":"Buffer","data":"2QasG1RFZ3OznccCXtnk0WtW+ODpu6HEh/2IkaH8+o4="}},"GifSr4z+VNrgS626Elo7gZxepUcdM0HmEIpEqvjrsow=":{"valueMac":{"type":"Buffer","data":"ZEd0m0RmCXHHHXo2nmByR5twqe4uhv4BEavPJGEu1Q4="}},"GkTVLfKkpNNtj3QlMK1MhKWcgP/WKDzcrS5Ws1x2jGE=":{"valueMac":{"type":"Buffer","data":"CEuWtw5pQ6OJEJq7/EHSyQiZPPwhp2Kio65YjNPn5S8="}},"G2fhEVNhXj4GErU4BE2JXSy62ucMRo21htsQZRqtb8k=":{"valueMac":{"type":"Buffer","data":"iN/apJypJOdkNXRNuDHkhYa4ao2ytZGi3s6VUyoYutI="}},"G8RLh9MMgZdyeGdQDA446Xv8GLQFHs/vkm+h7Rz++k4=":{"valueMac":{"type":"Buffer","data":"FdVIKtVffkoLQNxQAB3vS3gu1JDbulJugRKtRESWDJ0="}},"HXsqSgEQofbKlteEZ4hMVRoYFxilG8AE2JdagZIoYYo=":{"valueMac":{"type":"Buffer","data":"0e0TDHZ8aoIagxTHESX4HBuWBE3F8a3nZrZGhpkL3vQ="}},"HbpsLxLN61PFsxFj6Xa49ZR1acjqcSZbc5m5WzfYhiA=":{"valueMac":{"type":"Buffer","data":"U+m2COzARNoFh++xwKsEBCjmG2rjCyOydUsCrhmSWiY="}},"HiCdEQzJp4OZg3/5agJrjLGPfS+gLA1IyU/+3aBktvs=":{"valueMac":{"type":"Buffer","data":"9wOmr2fQ00QeSq5jRsAOSGTDRAtPWxUDHirrBNyH8rw="}},"Hn5JjlqHhl4higfQdks/t7SBMSyPSWPPDuWMdrSEL/0=":{"valueMac":{"type":"Buffer","data":"KcxencvYpIfpTqd/59z7yQUavSz8nd3+e0otilLK4V8="}},"HrA2zEo2VCOvvnVl8F1+6ND68Y8K/QucXzlqpylAnok=":{"valueMac":{"type":"Buffer","data":"WkqveK6p8DWuHxuSSySwY5oSFwa2nLy01VfiiN/NVnE="}},"IRzCucucx/0mhDdD6oaIDobmiczqCv3ac67ZyTSxnME=":{"valueMac":{"type":"Buffer","data":"dCy0p9N31O4r8rouyJ+aNDwXdjNVpwIOz6+UoKc/TT4="}},"ITyX8kDkPNA9+lAOze5Vo3SY1vepIgWQir+dFSGkXpc=":{"valueMac":{"type":"Buffer","data":"ptCTTo3mdYr19Z2dBJ8KmVwZ4Ii4qn3B9dW7+kszP9o="}},"IyTI2yY3mkMtA0YwyH8rAGz4YtY5cNG874+tAS+IAnk=":{"valueMac":{"type":"Buffer","data":"y6Vh8PxYdxfm63/cNDnQw9YkduPBMwg4S6TMvZTup5U="}},"JOYI6/m3ZgSIdiVmKOeoazXuRAy9ras+wQDAu/lG4PE=":{"valueMac":{"type":"Buffer","data":"RWuFVq5kNQXXNMz7RxiWg8ZPz6QNpixVR8l4oaSrGWc="}},"JYpOK5f3hJuCA+9eDcZxaC8PRjZi8+M6gu3KDj3ovWE=":{"valueMac":{"type":"Buffer","data":"y+cojQxfG/jkUx7S9k1vNFb7qSOgKpXnZSDGfTexE58="}},"J0mcXyN5zB640cTM8/ElvLsZH87vbdiQQWIsbP8yySg=":{"valueMac":{"type":"Buffer","data":"JM9OgbnrdyyY8z5KqNJ8Bt8FGVLG6nHozWVZ/QGCFOM="}},"J6VvQ7P7DBQYIPl8yGhV2IQNO9wHG5mpmwwF1/Ttc9Q=":{"valueMac":{"type":"Buffer","data":"uDvj1GEuGq2B6HCAtNxzP/ov9QzRVLpgVySrfzgQlXU="}},"KQcN3N8bEc4w1ipkjiqCLViHEBl6PEGeld41yVMP7n8=":{"valueMac":{"type":"Buffer","data":"o142HelBm5it7BAv9DLBGpljxHwdvLn2nVsIlM4m2zM="}},"K99JG4AhUp6GAanInon3cpHhxjs/W4n3oRvc7r+8ZBc=":{"valueMac":{"type":"Buffer","data":"I6XVaf5ZP8Ku5sPfJjk+nlq3LiIrGAlfBVoPC6BaxzA="}},"LFtOquTW7NTCe8hc0JNUjpvXsxUjdUEUC9K0s1yGAS4=":{"valueMac":{"type":"Buffer","data":"7OySfqTW5EU+DRBxCWeQ7tEeYI0z2ZkfSwOm3IeD1II="}},"L2gfoS6bTy720m5lL+lz0/2dYwC1w1yBaG/vNkF63Ds=":{"valueMac":{"type":"Buffer","data":"yX400I/G863Pz9h/fps6N05/7rQsJI6LCaLWWKW+rGY="}},"MIAPEvi+7X/v5dRc2adOvO2TwYFJBWEOE9vtdLqmzzU=":{"valueMac":{"type":"Buffer","data":"FDzZsQZYPgvFb5F2NTF2JNqUwoeP0ti363aySwgqUH0="}},"MMcnO4+H/wpmzqCAZuoq+ZT9sdKMFR7oj2ToOFFsAOE=":{"valueMac":{"type":"Buffer","data":"yuw2ggknBqQpKA+RVi22KmAgVettq2+ZIPXlvrelG5w="}},"MS4pwMV/nX6btgfQTvU0JazxA8m7VkiFMZbp9s5U7wc=":{"valueMac":{"type":"Buffer","data":"7fZJ5uJIg/0e7fDNheK70KGXOIrAiP9195eZ9mYEagI="}},"Mjzs9insxTjjYxCcnh75N5R5V5nZhL9wBXcA03xXGwI=":{"valueMac":{"type":"Buffer","data":"bEuvK8SCrTz+jYWU9liDBtQvZ3JFB/qUSkT4WDXdnr8="}},"M0el1Sxw4bpFiCsiUCQl/w7HGqztI3FVZfHOlfT6esc=":{"valueMac":{"type":"Buffer","data":"9rGV9elpGbTiRU84sMxLKN0GYcbMYO4ZwI+aBdnNEOQ="}},"OBz6/kGzKGdakPQwkw2M6fqMYLEkmMoI7h8kfGey8C0=":{"valueMac":{"type":"Buffer","data":"kYenIrB8Y8Q4QZ7jKlw2q6AztSTZbj3QoEHeaY1oInA="}},"ObRVcY1O26m/0SVysFeF8ioshqgN+gavPvIsyjJYGKQ=":{"valueMac":{"type":"Buffer","data":"MFjzbooCcM245aHqsQW3nK0fZ6d+huz4aeyNyxTuYpY="}},"OePl1QF9pWFlMV+fxT+DcyASfCAYA7SL6tlaYvO7evc=":{"valueMac":{"type":"Buffer","data":"84bp03fjKNnQyOPOrb8KwJBgrWDXZK6hqyBCuN9qqGs="}},"PU+3nT5X2N5U0rFRvDQHGvxt8BuctKv5bIXG0fA/9bU=":{"valueMac":{"type":"Buffer","data":"abbTY9Js6hDXLuy7VrOmedBTSfHRzaMcE/Zotm4WDs8="}},"Pmlr/3hiTVDol3DM+UNPVWX6YkayiQ8Af9m20dud3TE=":{"valueMac":{"type":"Buffer","data":"KCIC18jUDY2Ur7L1hmGKuEmzYSEwkrhp9uP5vSHcq1k="}},"Po6G3PboNbuTBlEZOUZU7CAph8dJ3xohs0RIqUbot8s=":{"valueMac":{"type":"Buffer","data":"I7EASBpN1EcjIt2WZlJjIZvoNrotp7+Pjj2nTiSKPrA="}},"PxD6Vy5BF9asH0LcsqAmTjsSx1TrpQnvAg2K+T+xeBM=":{"valueMac":{"type":"Buffer","data":"DEUdoIM34/+4SG+J6O3LTHdzEY03ZSjLL2N/Ijhc6pc="}},"P9KqNWGUPPMvzi1CmPYOHD1k8Cl/Zu83KjvHj6XBsiY=":{"valueMac":{"type":"Buffer","data":"W/13k2/NcuDcjcXdhf9kpPeKnYBPfiosAwPVQE8yzKU="}},"P/g6jLCemy7W4qvOFV3fjqrP44rpyUBB2SYo7tRDN7c=":{"valueMac":{"type":"Buffer","data":"MvOyTkQMeXP+sqvX61nnwkg/fvhmoB8WPWEQY8/UdX8="}},"QrNgopfOOc53EWK9MYQZ/qIxNCKb5cVyOafgNSm7caM=":{"valueMac":{"type":"Buffer","data":"sE43MifyzUkrNWtwNwXk0b1r62HJGzPNLCN36ZlScNk="}},"QuXw/u+dfEue5lOKnwSZ/42grSaDeECMPWLq0MoEV9U=":{"valueMac":{"type":"Buffer","data":"VL9gMAn6e7fJVeR9dbLJLtYL/7THiyleTsAW5OyLlFo="}},"RAsOmVCVrqtKglRr4+yBG3KGiWG+nDLC7SQoXDBXNW4=":{"valueMac":{"type":"Buffer","data":"hHp0pR/pym/cBJ9ZrH1hpaog8G2bPNRMTeWUC/f+I6Q="}},"RU/wOCAtHSuh/Rb2PzLgSnFS8kWp3+kgPikTioq99fo=":{"valueMac":{"type":"Buffer","data":"yKH1jCAq8WGVEpMzTb5USITsXVCuEQdDp7evOohJtmA="}},"R4iXbUcZnl1eTjORb2gxycyj5HaeA2MPuM2/t+eMz1Q=":{"valueMac":{"type":"Buffer","data":"TkI5m14s6ylhqURFAFkxOXxT4D788zRrQYePHFXloXo="}},"R5Q/cCY3CP3wE49oZR3bfvQqkHjJJAtUtlF1S5j92jE=":{"valueMac":{"type":"Buffer","data":"NFkeUbwoolWEl9QewB+N4DiBZczgf12R3bdEJOEMMA8="}},"R61wQzRIphgGWkmLCcYIfAs+fcnqaTJoLsdCS0c+RPA=":{"valueMac":{"type":"Buffer","data":"6SGKB6AS7Ygi7+qipj1oSycJSjJet7lv2MnJP6JTxZ8="}},"SS7OEFaQwQ7nM2QbS4jHEEztYIsIyzyXDiRcm7IZkIk=":{"valueMac":{"type":"Buffer","data":"7zBFisC/8h/6WGwbqu18/H0FeJE/gqKCXlRt4QDFfGQ="}},"SaBHngimVCvYjOTktWss3tSPxWrrUjDqEjxTm7XCwYg=":{"valueMac":{"type":"Buffer","data":"s0xAlA36ucshVT5GAQfDaYA1hrlqnguGfCSQibSI1ww="}},"SrJloCzHcLWhPZALgp+g4a9OMisjUuZ9ShViHcHiYJQ=":{"valueMac":{"type":"Buffer","data":"69KszpwE1J3w67PHJqDdSNZAvmtsG4CkhBhZ0qcqVjk="}},"S2sEH3jNme1IxF3pXDDjsssnk352K69Qj3HQpvZgFZE=":{"valueMac":{"type":"Buffer","data":"UWKIx/HMgylBpkgVNlB6ICuSkb7VRQO/NTx6A/+97Gc="}},"S7YaHB0WPmSKkHiBztcWs8/oLmhbxa81HJfQhCmQKxQ=":{"valueMac":{"type":"Buffer","data":"q23SNDIUqWgcElhxzSHrpGxWtVZ3XF4n0mUJzhWFb50="}},"S+q3MEmTjfyw8i6QN7BAcz6o5F5iBy6vVmlOuanYVUc=":{"valueMac":{"type":"Buffer","data":"VPG//htxiV7mOVjuf+EL/OG0IBKNqlpUeZB6O2qWm9w="}},"TMCihnRlKXL8vOGIiR2Qs5ayWs7lsdaVLl2EaWPahz0=":{"valueMac":{"type":"Buffer","data":"GDVFGhqd0tq/45dYHmdlcEIXrkZvDdWP9dfmFGrsO1o="}},"TP2E4/U4G9MKRJlF3R1iPqVU58EM7F8MalkAr+WPYFA=":{"valueMac":{"type":"Buffer","data":"35I7ZOX7J/pgGmhgRzBiQVbElfNicGru9i/5b1bgRCY="}},"Tb3BnMiueTl6060N0rKXp6TfG76Jqxfjfn/RVoWQqd0=":{"valueMac":{"type":"Buffer","data":"zj3kFhWzV0ST3U+D6p6A3jyJ/QWmyjSJR57UB+Om0tY="}},"Tn+r0PkRYD0jkWFg2r/JJybPl7FD6N6DYmCGoUydZeM=":{"valueMac":{"type":"Buffer","data":"DUinqFJCuhSjIvgfolaV0brFy8CyEN9Zz2VkTFewoPQ="}},"UThxCLgEg4kFsn3VnurVOnN2XU5qwC3on8qFTYzwvDo=":{"valueMac":{"type":"Buffer","data":"5lZmaw7wMjWQOaYoevdK+YS2b9P61DtZP21t2dAmRUg="}},"UYR4Lgj2gK0Xbn6/Nr0gdVmDyDBzIXCIEOti8dzLYtI=":{"valueMac":{"type":"Buffer","data":"GseEa6N56PDvaiVjxij9GMDDkAtwXpPClwG4pjMa/F4="}},"UkNCk8balmlelQW/zypKw6soRttM8jVY6+pK73in/kc=":{"valueMac":{"type":"Buffer","data":"t34izWtoCaU7PPhwan10AmAAiVKTkPnYyibuFnNWqhA="}},"U35SLDT3FTW1wJqdqjd4TbvHSNuu0acJCwgDHJBDE1s=":{"valueMac":{"type":"Buffer","data":"MMP8VghlksZCcVsCjZsydSNqPQA69TKL/iqa8ArY/5Y="}},"VCsBE4OiImtBo05uvxHEJHyF74JWL8E79jfJtlIL0Dw=":{"valueMac":{"type":"Buffer","data":"r0ZoM3D8/k/FCLMf5erpKraWHkJq2HN04V7AQNnKnLE="}},"VZOyiFpD2jgPDyNjpUuuy7IvkqCkNUPRadVCBf6UwXo=":{"valueMac":{"type":"Buffer","data":"bII8Qqmc68wu81ksThHPGyA8yDNgrNywS6dDRskP3tg="}},"VeZyk1n2uOgDKEQgPq5o0HluZQRLtpM7QQJ5uadfVfQ=":{"valueMac":{"type":"Buffer","data":"JZlbT0rKuzZB3SOy05GOcsKoSabNrR8etCgkwZ3ZwWA="}},"Vg2v14iMe9FP7ta6Ey1u43fxajlSACpo/8sK+SLaLGU=":{"valueMac":{"type":"Buffer","data":"+6I/fjQhsUtZ7nU2pmqxgrSPmc/JpPhf+n41ydXqvCQ="}},"VqZjQh9KAPj7ZUeBNXaGdFkcGwO1fnN3X7MslaWXkx8=":{"valueMac":{"type":"Buffer","data":"xFuIsxpyNyd5T/+/9Ml+XEiRIu2o502pcMlHVfCf79k="}},"V3gS65muAqjoaQL1VyggJyo32/jbuLlQHHSeGV0FXxo=":{"valueMac":{"type":"Buffer","data":"6k4+cvk7yMPZipOn1G4dbLeifBg/tR2Oiuyw/rMNFPQ="}},"V3renGhqU8DfZ3ekkQqo9DsKGT4//T8JdXwATrNyGDk=":{"valueMac":{"type":"Buffer","data":"n5PNJ/opz/fHh9cXvTiG1MtbNNTcdZNbfknWp7wkU2c="}},"WQdid8XAs1HogkS8gyXz4EwkIQdNnlhWejcksCDXmO0=":{"valueMac":{"type":"Buffer","data":"19dHhlE0o6K5LLLTVTtQdKFfTK3Yhe708LULgErRNhU="}},"XKz4Z7c6ZzO9M8RUrw7pYGJwXOn39GM13XIv3Ak2MU4=":{"valueMac":{"type":"Buffer","data":"456b3l/B9j6GHekXM6THlfn7Vzh510sFyx+VMWTxkuk="}},"XbLYRYU4nITTQtdPcEd1OYpFQH6j8ZTZHbYSGBKC/WE=":{"valueMac":{"type":"Buffer","data":"JNIRbcVfgdju6Dtw9rgcv/aigQC+gCGLx04uiERaprs="}},"YY78HPzC9pPl3PPHbjZ42sJlxJu2a8Is+lwkGoyKBYs=":{"valueMac":{"type":"Buffer","data":"lRUPnlf0PTTn/WCcYVovu6PvsLJKwwzaaYIMbZWTgWI="}},"YiKtF3FvYQAyvhBFcRS3w6xInbpt/2q3LUqR+zUFR84=":{"valueMac":{"type":"Buffer","data":"jFcxgtwJbDcoV4RpZJ1VpjT4RLRlOf1Z0dRbuAbL45w="}},"Y6mV3MJzL4CM5t3RBb0tXn2tGScDoVJqaUGDDhYmto8=":{"valueMac":{"type":"Buffer","data":"YzA2fp68peCUYvP4QKCgWe+csT+YQPLLToHM2yz2KUM="}},"ZRsel4KPLKjbnu0X9ZSCJYCZq8cLAaVLpCTOajEFy20=":{"valueMac":{"type":"Buffer","data":"dgXu8FXFySpyrjqjuXU749MuQlK93Tb3wZ1Av2eA4yA="}},"ZUB5faVIr7xQK++SeqvBbVKASqHFlYNAxa6HXNbNbp8=":{"valueMac":{"type":"Buffer","data":"5jqaYmx2+dWLSO7mxCO3J8cXZzyQpuEe3RR0T7RtSdE="}},"Zb5PcUSMHPsnouCj8jev5wnG1m+zRydqZMbyVxl4LP4=":{"valueMac":{"type":"Buffer","data":"bJQkHZ7GWlhRNFXZfvvXQ6EJxW9QGxbyDkrcPDOsEYE="}},"ZrYBi67APexhqu4fJtbQnYhSkkPjDK7v8ugLNBcyXPM=":{"valueMac":{"type":"Buffer","data":"VlcXhl0PHDGiZfhIIvqCEiz6RQpY4g2k09i+ZwiI+eI="}},"Z3J2HqS8UgdnHDI6qIKu0+0769tzPcjphcYT+K/HkxU=":{"valueMac":{"type":"Buffer","data":"Xbuk8dV2KMykps3u2aXfUe+U2sJRuP71EU4j8zrV594="}},"aiWlv/kd49R/w2veCbcDf/WcQ1IkV11hUwoLRJZM2mQ=":{"valueMac":{"type":"Buffer","data":"n6XS78yIwy889O28f8WPCpkbzFR2s/EhzlVzJsn4q7c="}},"bJtu07a217/l1Jlk7zW0SZQBlEcqNLDqeb9Hpv+P+DM=":{"valueMac":{"type":"Buffer","data":"ENHkNWQVAHeUIy3na31hsx2KwA8HWT8nV1MIZqmalTU="}},"bSyGX0T2tad42FhlVxsBo31PFqXJ4+h8OuyGhVneXoc=":{"valueMac":{"type":"Buffer","data":"+9idOHH67zZSaZE8bPnBY3LPKk1etennwDjpKb+K+sY="}},"bWPdpjcOnHAV3C/7kYQ/dJBz+NB8LCPepJ9XfARENhI=":{"valueMac":{"type":"Buffer","data":"nqWuuqlu+vtisecCSKxgp3YcaKMSobwi4dPSIgmEgeU="}},"bfLeNVTBhN0PIHEcMyfl489AgCOGeZ0gkN/u9VRFTns=":{"valueMac":{"type":"Buffer","data":"ie4cKvtbuOp8S5Y72v+Ear4euIYr8U2wahap1v9q/ys="}},"cRZ2raFjOXZYfjLx4iMU6xCqZYyXWGWyUfWgItfgK2Y=":{"valueMac":{"type":"Buffer","data":"GSWagYuIf66Jf9R6J2lhonXC87m1boLXZ7qrozHYh3g="}},"ckcSXGrggT0elbMV+wweW18jiU2DXIgBU21rXGnDNqo=":{"valueMac":{"type":"Buffer","data":"ZcXNDEDQ1jc+x8h8+HGlji0KJWUJys0FwgXuYbs3tXg="}},"cqGIClokR9HOQoWuEw09EWUjiE50kCRnkUGtLYr6sEA=":{"valueMac":{"type":"Buffer","data":"JmR1a2Pg9Tx/y3xPkoNXd9Wy0tKARPL5Cm1tbY3yzuc="}},"dQ01JqPiZfP6ciW1wZPYmKU45XcRekUDjVQoX3ribKQ=":{"valueMac":{"type":"Buffer","data":"oSW6ER8olNJNaFJp+un7xwsj/cM29SeJB0vgbmX3N70="}},"djSdAH/clG5IKMhovCuLJ+zdHEOsKgFtSpW9dovAQ/8=":{"valueMac":{"type":"Buffer","data":"aLcQAEwq0PKxic1g1Oc0FbX/vGVAfGXQzoiYYNeQ338="}},"d3E1jclgggKBldRObT7h2PQIjZ7KO/zYmbY5J5wXavE=":{"valueMac":{"type":"Buffer","data":"B8Xw1eFd9kDeqAOp0PUrB6Fk2/FRPuADZ/ntTTpn+0o="}},"d3HzKYKMPlnUXWJ2GtZpBEJVz5BLCTdHFqzhTOzBEt4=":{"valueMac":{"type":"Buffer","data":"vRMgcC3VI1WQaYAXaa6+MNHX/yhQSEoOovRByqqotAE="}},"d+EdqlPOmB5gKiIeLhh9pXRnTreIqLArpr3VTkXsN94=":{"valueMac":{"type":"Buffer","data":"saB+CWA6cZ3eatforeptkLHpnjHwPw+M/j1se3hwNfQ="}},"eNDz91CufgwDm37fEuhwtGQN7a/fJdcuiMbCdNYTbi0=":{"valueMac":{"type":"Buffer","data":"TMaNpMzD3FWEJ9gWLGCEx+SZQdTLaD3/n4Dmq4EOMck="}},"ewzQ/87/XKZ/6KdwEZLq1clxj/4vKvsH6TrgdaPQf70=":{"valueMac":{"type":"Buffer","data":"V3z0ogQ2uaCQMf0NmwNK3s8S4m2C0qQcNoAYz8ZH5fc="}},"fL0fmSfJg82fffOcu8MsqhbsGGL73r5n5dMVPsAUeB0=":{"valueMac":{"type":"Buffer","data":"1ZyBjZjUYCfJG/RpUOkr4NlTr0zHLN22HDCZvqwlnTw="}},"fqX3GyTwYitXhNarRcgZElZffC0H441heXH68dz265I=":{"valueMac":{"type":"Buffer","data":"jg+MkJWXVAf0jzSEAagdiT67xfOjNeUxxme3a3nYLcA="}},"f6rrKBqL9OKOuvFHhTQR1W85ZdFZjDo+H+O0vxgMmDI=":{"valueMac":{"type":"Buffer","data":"Y/Y5VV5TFii20bGVEsfbTvd7SNc/NNIrbmbPYYuCkzk="}},"gBTiA2MEhTpgwUYrMvUsgnU60/q+LRksC/i8Wxha9eQ=":{"valueMac":{"type":"Buffer","data":"xgJEp8m/TC3M+h7jlQ0+0ANA+3WdF+ngFAMBfdbQR/k="}},"gFcyHr0r9hdgM4eAy5GtmRhmSyBwL5KGsq7RpjIH42U=":{"valueMac":{"type":"Buffer","data":"X34bzeNi4VztGakiCdhPObkrXYDfDD3OAvvSymkRdbk="}},"gM4cdlGIi5b9iwYQ8ZmM6WdN9U+s590I1zfAWS8GQ5w=":{"valueMac":{"type":"Buffer","data":"E+kdZ6JuPiaCp7UP1qJEizl7pCJFtguVl4GyubPmbWE="}},"gWVf47S5iJdInBQmotbrt4R1JeusW+8PRSUro8/iHGA=":{"valueMac":{"type":"Buffer","data":"6Asvj6Lt0bzX5QtwmdQTvO2dO1d0rHT+ADU+bAJjoBs="}},"ggBYRgR5W761kOa4cFbY9II6NptJDolY78DZ+6vBpxQ=":{"valueMac":{"type":"Buffer","data":"+2mLF0z4Y3agUcfyU2WYcc5zUwGN3b9CcT2IHnGhkRU="}},"gy1q6GMCnwasKMr3yGMGenwekQhrG+f0JKHfTsBJ7yw=":{"valueMac":{"type":"Buffer","data":"mxADYja1/0Iy5/eglwV7Db/czc1y/JKChZ6rAOdr4Uo="}},"g5DGRtE2c/3oYuGYf6U/OnDhOyonMWrot439wwWFBy0=":{"valueMac":{"type":"Buffer","data":"Tl/MUKBHmVN4y6CkeZF2nd8ulpyJsfA6WW5mKbf8SOs="}},"g/foWbeQC6SZmjXj+YUQhtVWInPRS6f3Ke5Z/Nm3pps=":{"valueMac":{"type":"Buffer","data":"gg9riS5ISZcda7i4qpPHRJo/J8AbgqVbdGfOTbvDM3E="}},"hFotWop0KI9BinTUyhBR3v9sXGmRfCWl6axd9VQlyK4=":{"valueMac":{"type":"Buffer","data":"oNZTwmKcrW2BGHfzZ/L8LQbs0RPTxgMukQjXVPNHnHo="}},"hHcEU8VJe6nmIwm0e8i7iGDh4ESzuNYj928HIBVcTlQ=":{"valueMac":{"type":"Buffer","data":"wgkW21e3feXf68lZfQxPH4y1Jea570WL4E13GpghmKw="}},"hHjUIHxOlwvOmbm+6subgHt9RH/4aF01XefqB3R6wJE=":{"valueMac":{"type":"Buffer","data":"KbeYwIG5am0hVgOsQnrDFuALlFT7BnyjtrwdSfWctes="}},"hHx5Inlalu3Nl4GxxRZ+IWOJURWvEb90SRC/QAL8mN0=":{"valueMac":{"type":"Buffer","data":"PlEJEBQH8e334vUrwFRwuLTbF4zo8B3LZRVwSifeHjI="}},"hO54j/1sEeT9H7QbsMbq4F4tblJSO8baFXX9GVrT/3M=":{"valueMac":{"type":"Buffer","data":"zFRXsLSLVYdg//xjipkkIQGiKN/lBHkvdNgp/QMnBHU="}},"iAWw66CxX8zn9Ohhxp66QF/d/pwQEnU8vaXCsSUQ1LM=":{"valueMac":{"type":"Buffer","data":"JIEhq6/TGcXnB1pIeGMSmjdrjPITdPvyTFwlCTDWIvo="}},"irKlx4HUzxU5POjbXHv/sY4KN+Zl+842VH6uvncrCP8=":{"valueMac":{"type":"Buffer","data":"BBHHgsQ+D8G7T0V8/A9HgnZoY/wf12LxKozylI706bk="}},"jIFsGMh8j2uWQzUX6raaJyz7lC23b+xDBSYR+bJiRKE=":{"valueMac":{"type":"Buffer","data":"1+hk4lf7yKnqJPtbYzEXoY1x+lblamvA5Q8v/Qbq7gw="}},"jKxmGwfiYOafDE7XuCiHc+z73lL1UuFMIipviNvaVmw=":{"valueMac":{"type":"Buffer","data":"Z+brdYBVIoZ3Q/t95ZyCbaRRL5EWytUx0MSfSupk7IY="}},"jrikRPKn7sMd7bSfgRDE0twUdSsY/8GMgwDDpfZVnro=":{"valueMac":{"type":"Buffer","data":"0LyrAtmmPcTJdk95YoPV875EnxQoZ1GPJ50pIpUHNLA="}},"j9rBnXUfrBb6XTmf3CVLGCFefpQFFKH8ZRR3pee+/7I=":{"valueMac":{"type":"Buffer","data":"FB9Q75jgiaEtOK3HvXmWWAVRFESe1nfgWq4d9bmKYB4="}},"k9Wch6RQZ9bIXXdPURRvkOIPTbPb+16v6JSuNAxIdhc=":{"valueMac":{"type":"Buffer","data":"w+sHEnl2b2YYci4HImNI+pwKcoaEoEkcFMoaph/FDCs="}},"lAQcSmplBKVbNRkFBpXRfER6wyQRRJk0owcJGp99kdw=":{"valueMac":{"type":"Buffer","data":"tJdK1MyKZLYqmt2hFP+dFY63Tq8p3CTOnSh03aUMvt0="}},"lFVUnuQ1udwMNZVJN0J0NBYlb/Lxpt7gog6vTV55n8w=":{"valueMac":{"type":"Buffer","data":"Yfk15pN1xs9uFhvcQDOOOuYOaOSIdxy4AzwMV/Od8rA="}},"lKTcZJovsgZFwWfwFgZS9fkDatywIS/xLA2AYMBnB0Y=":{"valueMac":{"type":"Buffer","data":"uACO7A0nos8RD92uq72t7vK8g7BYueYoTq1PpYFr/g0="}},"lMSpv7PYLq57wYTEENOfJ9AVB6tgymiTp2Iav2w/Qms=":{"valueMac":{"type":"Buffer","data":"5iSi3e2ZoUNhbzd4aOpqluInn9lYZorJQkJAoeaDNXM="}},"lPqu9S/G+7MG766H2Fb5Eb6R4igf3y8CkpsiD1Mirdw=":{"valueMac":{"type":"Buffer","data":"7w6mT2IyUBDST0rl8Ig7gDLwpdK5hcYMGnsXDEfGVSM="}},"lRnZmYkhG2x/nMedzXGsfuqRgRot4mCeGKyWP+WkpjY=":{"valueMac":{"type":"Buffer","data":"Ta6Fh/e0OmKTL95W+5vVk+BF9t3g4tHygxRWmnuKlr8="}},"lkyXmVIt4iadgqAbPZ3h37ioqOE4uK73r+DMom/q8yw=":{"valueMac":{"type":"Buffer","data":"B7uJC1rIlR7od7BjHRRK88QeR2eaOi7HM2MdgldrtEA="}},"mOlKL/tpCRvHoMeiHBWjZKaexKEYlKPFYSqlQyJnrqQ=":{"valueMac":{"type":"Buffer","data":"8aMVCvpDHK3teNFAYcC5Neikpk/dPT2ynrXX53sLMlQ="}},"mRlnLuWK0SeHNbhaw7rCaZD1GVM/TB8uyLyF0O6UA1s=":{"valueMac":{"type":"Buffer","data":"r/xANHfJiS7Ha5x4n+ThtBu5ei/3GTJ/I5F37vlKwyc="}},"mvt9X6q8nMxRRZg2rCrLaiavJCXYzIciwDDdz+iZPOY=":{"valueMac":{"type":"Buffer","data":"g1qKh+HMFpRPR3Ko/jYs0r4lKBd4UabIC9QMcMsLxVo="}},"nHAgqOW/Cu1B0W68HYM2jWmm86EjG59x1NyEsoDMli4=":{"valueMac":{"type":"Buffer","data":"hTj7MJ4ykqu0aMipHUO0wElsGPM+9o81vQyf8uU1YO4="}},"nch7PQA63ElbZ3LDcx8Zl2L17i3sUtra4eQJHJgwdYc=":{"valueMac":{"type":"Buffer","data":"V9gGgJ4XgzVSXh6s+u9C/SxCkq2lhPZgvfBkrRNoZaY="}},"ndO5yOlCdjrBMo0hOAiF6lq+juICKHwgy1STHTLNSP8=":{"valueMac":{"type":"Buffer","data":"PUwVkKCGxCiyR32ORpoUXfWAyl0iHV5iE3dmQs69S4s="}},"nmHn6utuaXNwLJuuSq09Iyvcphgaqi9ICmMh6JuO0sk=":{"valueMac":{"type":"Buffer","data":"aIhKXr1sjBlXPglfin+RP5mFpG4Ogs4zqEwcDa9Ft0Q="}},"oL/JluslT9++KueMjyfXQkG4GuSLpeBnWBl/hicdZX4=":{"valueMac":{"type":"Buffer","data":"pge3nd58V6O7NKwOhvM1a2oHA6br/5cmRNnFdf2/WCc="}},"og1doT/yoROtjBZ+bhvA5fgdjvCtkHiiadQQEY74yQQ=":{"valueMac":{"type":"Buffer","data":"whF2y5tP7RGuPrcUudQWTRgi6UhfG3LxU1sTV+vdyes="}},"oowIVlAZLAcUVK3Hp9rwRVrt6+T1uj05SCyp5aeijwo=":{"valueMac":{"type":"Buffer","data":"XV5nxOU/9lV1Fhsoh12lKDx06EG7y46FolysMp9wnNg="}},"oyNliL0+lDEr5PfebukqlqhDXfDxQ89/d3v76XNz9gw=":{"valueMac":{"type":"Buffer","data":"amfjOCjr8rUj6mSNy5BM2AKEqD0r39yh9rYu5+8TrJ0="}},"pJo9TzF7C5Z+ZSYRNPzpATE8hBhVQcDgz6YgT7AjrSQ=":{"valueMac":{"type":"Buffer","data":"leThjPBVptVuYRULslENAWPz5krSB9dAMhOjkN4+2G0="}},"pWGI+wFGrA0R6Kfpsao/lRxZT1WnEgI4w6wvGm0kJ0M=":{"valueMac":{"type":"Buffer","data":"TyNqx6CeGkAMjPrw9Qu86qOFEnzkj28VZvTkkzMdh9o="}},"p8hPTx4QCiNtu5VFtfo9ti3lzjdeDezgoJWaYsWv76s=":{"valueMac":{"type":"Buffer","data":"ZEP7B1nizMp7Mp4lCoH/B+iEqiH5/Wd0yN/63a+pcIg="}},"qQFJEDdFNcNLYTfrGGnNvgAfQSXM4nTPUTCGXFG3WyE=":{"valueMac":{"type":"Buffer","data":"Xh4fSmlMe8cP2q3LHWjl4OCnRr7m4t+Y8yG2KCudZSQ="}},"qRU4oBTevSjMlpI/dJSR6c30ZEsV9nl7vcwORV2DgE0=":{"valueMac":{"type":"Buffer","data":"M9QuifDdCN7pbjuKMMdy7AOQfIjW/jo9deUgiBbF2KA="}},"qfdfWA2MJHXmmN13oWzK1V7ACbPiWqoZVO/xSyiv49E=":{"valueMac":{"type":"Buffer","data":"T7BUrx0Sy3ifRHrKSJaMZPlY5cFzq3XwL8r9GSwz0jM="}},"q/BbIHDFbO5oWlXNPNe9ik8+boVqAEv9IhIYTK3QRRY=":{"valueMac":{"type":"Buffer","data":"YFLBECiGyA77NUEm9dxHkXKRe9MZZfRkQTWcdIEiuH4="}},"rDX7OX+Gn5kY4OKsiimF3SwCJYJvWwbAxVgTDtYz6aU=":{"valueMac":{"type":"Buffer","data":"oRvxicmYa1XlyHVkXkUlrkfDkVpmBiQhi4h1iahSDhE="}},"rRvwbFAukmGraTYYFwIlMvTwKiDQrR4hvHqBwD1F/wY=":{"valueMac":{"type":"Buffer","data":"RwKO74YxQ1Nrj8cVY9IJnv5P8iX4CJPCtgDHsQItRRg="}},"rR0BQNbnp9PT0JEIUpn2uxF7YRl1XlAXfc+nvHi5cwE=":{"valueMac":{"type":"Buffer","data":"gXMLcjxwA7IStn1OazcvUM6xl2Q/S3Y4/76LIAyVxS4="}},"rswLEO4RwrF6ERAmfjfvrdrxVLlD3mySvoOqEkrNrRI=":{"valueMac":{"type":"Buffer","data":"IWWWOW3yQwDxklbQ14ynpepA6VeHAKn1m79IAjsAqIE="}},"ryz1FaEBmXn2Gbipq3001VoK75yrtcRRtoqwzvqZQaQ=":{"valueMac":{"type":"Buffer","data":"za+3JlWBR8hHtgdN4KB3y4b8cmHrcdLqTAgCTfka2+E="}},"r5/AkfxuN2H9eBJ9SEXulU7Iu6SM6q1hbO/ZPE+6I50=":{"valueMac":{"type":"Buffer","data":"jaJ50BgLa97JCxstzSNJBN2dT79tlE0u071uuYkiFEA="}},"r+v6M1stpepYnb+dXIz6ff5Mj5tWfezaFoJK1xIpz0g=":{"valueMac":{"type":"Buffer","data":"NrPQztYCZYfwrCHBwmHzaJW0aiNXZpaK+tqZol/pPmY="}},"sBWUXjv3rSp2dUsfGE6nI2SuATvAIcHOkO4sShYZt2I=":{"valueMac":{"type":"Buffer","data":"MQyptT4hTvLI6mTgHz/PjJDodXHyau8YWYQP10bZ0N4="}},"sBlZKLfPGrO+CxVXwrPlSG253RR0/FsckH9juwJRvlU=":{"valueMac":{"type":"Buffer","data":"OQe9vjGNUKjm4tzXmvTi1wsCnayqkrMy1hPFnc+PsYg="}},"sV9u0GbHIweyP6vkxB/oArcyhLxWXCo7UfArvT8jiYw=":{"valueMac":{"type":"Buffer","data":"FS0ALaL2MCtTW9HYP26glgCUJHcX5ajO0anXIbMGhOY="}},"sbZN7bZ42+gKSOV1GWSHtELi1c/uaXGySEO0Dh+6/9A=":{"valueMac":{"type":"Buffer","data":"tooRr+VfBSyUiqYzbAK3fKbMsbDcixiqOjLBWZmGq88="}},"ta9lNg00vDNs+90g/uOiOX7e3DWXSjg4439N9gG9Ebo=":{"valueMac":{"type":"Buffer","data":"7CAf8eI26JaSUA9vbWDMLzPc2nDByJU2K+r3EpkKSwA="}},"tmLyS33SZwwnNsPNMRHRHghfKCeHWYwa8edZnQsxH5g=":{"valueMac":{"type":"Buffer","data":"65xCEflmOYYnadzRhgl/wLg9qJhzF5KKtk6TNHJ7aoo="}},"tv+kUNASYAGQAfJRkebH/cM/lBxIsgOjZNM1tU8bKwM=":{"valueMac":{"type":"Buffer","data":"IQcsELcDc0cUX8JbJK8h5gVNphSB2Vl7rvq96uSf/yc="}},"t4wwtGSddGL9tjuMGwFAfFa5HaTzH7ph6MUjGRAGJaE=":{"valueMac":{"type":"Buffer","data":"V89q/qUmIoY2l/B+l2Y5ABfhVFcLtH8t/bCyMmsl2Ec="}},"u1E5JroGb6ZZup06vtEU4L5lNEOG7WZ51fNsJvMruXU=":{"valueMac":{"type":"Buffer","data":"ZKGCCX0AhGOpIeG6xMmfXds/AsKye9Q6+z1Sdyvwf2g="}},"vACFGVRHW/5MKnYtCJ9mrcHS/0WIEskHM1okblnDkxA=":{"valueMac":{"type":"Buffer","data":"/ozcoj6rnlEtpmhqwICn3knNqH9RUpEEwlo0CoZpmyk="}},"vBsQUUWnKpyqMWsfnbmSZ9eCBrh6ydkDDot0C56CWuI=":{"valueMac":{"type":"Buffer","data":"IzYDwV4KYmU1f6c8X3tjMg76jjVHf55O5CcBnlN1rxs="}},"vFzlosjnis6ReuiMzJ/80jbrS/S8pyTGIAihHvhlFPs=":{"valueMac":{"type":"Buffer","data":"DFBAB48/hB28Klw0Kg/yT5nlU0hIi/xNnmUE3MJmp5s="}},"vcaN17UgAgsG2gp20Mqx+OKnb5QuFXrKI5KXeogLLWg=":{"valueMac":{"type":"Buffer","data":"DfZxzkIb6XlxLr+irklVxdrihG4/eAiwIkuBz53eQS8="}},"vmcNJ9gckvR17lNOHKp4uZ9Uon1ySul+Yy0GBntShxc=":{"valueMac":{"type":"Buffer","data":"oW2Z47ZVzI1IeiWXhCzll+/oxVa53mr8IoXciImXfvY="}},"wF51Thx0IWJ5qIQ+oDiIw18bp99Jrr+ukvJtkTtDeAg=":{"valueMac":{"type":"Buffer","data":"yN20p/5+Mp2JAVJcgUR0/o2OAdsUbHWcN4+ACitxpZ4="}},"wz4iEE0UVpX9SqRAVbdrdKOykXIP+t58OV9OQ9A8hmk=":{"valueMac":{"type":"Buffer","data":"TLuwZ0gi81rkEA0A8Ln7fmAe+2O74h+comOw6e7NQTw="}},"w58TUjme7I3ZxhEjUEBe2ZTcfhY31otnIB55O2Hc6/c=":{"valueMac":{"type":"Buffer","data":"Acx6hcOgXbbDS+2m4/vWRZRsgmE70dC1M0fe/RmVdfE="}},"xjrobswg3xJQMlaIUSPIbmm1fsSsVlTCEuGzYIPVM3A=":{"valueMac":{"type":"Buffer","data":"4g5uqwRcQz9POVhQddrmSApBicLTIS79f84loQlunag="}},"xq3lBIUd7CFM8J2kz+OEKn7hZNF2slwE14hZOsDk1gA=":{"valueMac":{"type":"Buffer","data":"Hh7FezCT/lBdfoIdGKUz58k40BK/p4WA1gmyL+NavEc="}},"x+UVWmh9OLaAnjN387g7GuPPN3ItwFKG+GBwHKX1oEY=":{"valueMac":{"type":"Buffer","data":"E+oAiEnT8xZm8nz2a/L6cYnxWiFZV3osUN6oufHysjA="}},"ySEIQGDnWCyHFsSutR5Q3wl9H8OymCdAGrmziSkQVEE=":{"valueMac":{"type":"Buffer","data":"qE6Pu3WU/u75JSy3OIDXa9GnjPlk/XaVwelpBtDxf44="}},"yUjwL+canHy5tcwS1KLWa+m51gFRSz2KGxc2ZROUsCU=":{"valueMac":{"type":"Buffer","data":"AE/Qk5MjewemRy8Xn9M2gkFPlrypljiU1oFKTArOzmE="}},"ycSv1xzZJJzdFyFxK18JzQPiAD/ljAq97vbAyu6r0Dk=":{"valueMac":{"type":"Buffer","data":"PByZzgA4MGv+ynnm1coDwdZ1SVY9HkAD+CbHBGA46h0="}},"yv78Tga+6DaNN2zjkk39s4m1JOsniHbrjJUxqG4jJyE=":{"valueMac":{"type":"Buffer","data":"OLann0S+mMj6gpuPLr/Z/jaEkOz8wDruOZUAvExYBkc="}},"y20CPuPXxWWK3fysvHvUQvwUzwcO3+NM6/8Bsto6In0=":{"valueMac":{"type":"Buffer","data":"1VjaY2bJPfCYmEOlhW6Ho4/GRShb8cZwCwoOZ8CoYh4="}},"y+k8tz+qUT9yGJkVhOg9Yx9Kd4ji2hw5FrtX44fAa60=":{"valueMac":{"type":"Buffer","data":"Vr6Apk+KJhMvbvFGqeRwRKpnbaiNwN4WCYpVCxuuO8U="}},"zQX4QqZgxYA0Fl7FHzZj/9eDNDNEm3bQMQASfGiTRP8=":{"valueMac":{"type":"Buffer","data":"ykP4BvZq3sik1RdTZYb084C2joIHPRK6gQtFh8TihG0="}},"zShtK8SQ7HycA6ifi8uLBfytg2wLZLUBjphv+epnB+8=":{"valueMac":{"type":"Buffer","data":"Jzbz9Dbs+diwBCaW5/SprwJzHzz/mm/7ppUw72O6h6s="}},"zTR+/dNZjYe8inxqVLPS3tMzGWnyZeGP5Or29PJXEXY=":{"valueMac":{"type":"Buffer","data":"UU3JWVVSeVKawKTFHfhqoPyhdI0pbdqBBf7tpvop8oo="}},"zVRp6mDjmSulLcNl/G5v2KxbD03sd6er6EKQ3RNnBbE=":{"valueMac":{"type":"Buffer","data":"JiLxx3pi/TGds6riFPqx6mkNkqVvULgyL9MWyG8efv4="}},"zX41/GxOJtSRso3P4rdTI+CQuFBpbvJ/YwfedUZDDlI=":{"valueMac":{"type":"Buffer","data":"uKzvCchv+R5L8RABd07Q47KkNovU8cCuxCjWa1C+AlE="}},"zrZPQNNpUPeFzfeU5Cw9k8smFinPxOX9tO+cWUdomCA=":{"valueMac":{"type":"Buffer","data":"tRLm6VnUBLyI9EVM3qgA9tjTC4u/mE3PWt9KzmGM9EU="}},"zsIluxIFRWQsH1Oh46X4QY7+GxhcNjTFZJWoCLBclzo=":{"valueMac":{"type":"Buffer","data":"OA4F6+VejPvqGQjLQLFoehj2iR8f42wylaLzztJfhqU="}},"zzzu6S+bpXZNGi7IdM4eTByfSEajI9uH6QGfPNm4wUk=":{"valueMac":{"type":"Buffer","data":"IvV3kEX/OsqHBGq4GGPrd3eM/L4MuYv1jjL5MPGNbLk="}},"0qnbTeXMxe52OGfYBRj3UrHQYA5unQz71eu4Mztti14=":{"valueMac":{"type":"Buffer","data":"uOgp6yW4gAvnDLZzRtsO26RE0D5Uq74VCBa/REk1MJI="}},"03orM8MWq+tly4azqVRC+RjSpE4v3lUOJZvWfJIPJAs=":{"valueMac":{"type":"Buffer","data":"XWIeTsRMjkASoC2Z1Nx01CD4NhrwddqWEaDwaf02CRk="}},"1RT7189neC68u5lF+SlSxr4WGde0yZEZOou74M0vgrc=":{"valueMac":{"type":"Buffer","data":"6sfPT5VEeFKBZrNaLYAO5vRTwVSO/hZUKxY5mWkBM6k="}},"1iU7ycDSuPQq015OQvDGQgOLXjm3Xz6QfloH1KtgxzQ=":{"valueMac":{"type":"Buffer","data":"IgjOJ6ESLFz8q4aN8FhIkdifn/f6G2MNQ7Ty77H2UoY="}},"2itDnJW1xpsBJ915BrdZOCo0R6l6oXiW5Z9H+olLlhI=":{"valueMac":{"type":"Buffer","data":"PARODMBhBlaU2aFlJFw24pLO1Bxi1W0aStrxV+u2STk="}},"3GTqN/sRgM3EF5yRaErVGpRFXihOqtKr71PoFXuG2bg=":{"valueMac":{"type":"Buffer","data":"khQQ6SSPrFA/8cr2RK2KRZ6clLdX4PRqfJN5jBn6y5Y="}},"3Y1fZ8cukuOTVM8iCM14l34ByNfEgAsL88/lLIAeBAA=":{"valueMac":{"type":"Buffer","data":"Ijr2VG//dXxFlNaQgmGiC2ZlyW135IplO3blpajz55I="}},"3ip0HSBoD4qI++aB9kCxR2+cf+R/HsRgloqC7DidMOA=":{"valueMac":{"type":"Buffer","data":"AfO2ecQync3gVTNzu8qBfYDt0FMNIf02XF9H+cRQONo="}},"4hzcuBPx/7ch6xH4XNNPVo59yBtVhc7hx4CT0wOt7ic=":{"valueMac":{"type":"Buffer","data":"VjcYdT6VBAiLB/NNw2952CKkQU7SI6j0AwMOHGnLLmE="}},"4il7cgC9MbIR3hRq9yr8k8aBPFXqiVfhfwjxV/k7wJI=":{"valueMac":{"type":"Buffer","data":"xCLEFJ8fxcfvY4K6DxcTaf23GwNRBZuqA9KZogeIVwU="}},"4z38P8ARr7oWvFKUkEC9Q9jJ6ODRD30PsI91sc9hd6w=":{"valueMac":{"type":"Buffer","data":"EAzMxHhfCjY5BftgGuScHHWuZO3DdbZSZeh7/mkOLic="}},"5BtavX5bGJyKVIZ0b4dYz/IlwxySDTjeq6OwKl2a8js=":{"valueMac":{"type":"Buffer","data":"IthYcM/2p05FEV3ucFmoua7RF/qqhPHX61FY0B9OdhQ="}},"5kjjtNNj9rYYcKUsDVakIZeUmXY8nBGUfGzbZ4+r5jA=":{"valueMac":{"type":"Buffer","data":"Lmp6n9jMvKk9PSMyqKLtJOOqVw3OLJohKB+UCnnmlK4="}},"5lu9gvudykcMgLCktT/LsZ4krIa17+0xK5qkiH6Pyqw=":{"valueMac":{"type":"Buffer","data":"LSFJwYn8UUbCnEnGBAnYwR3I9mui9ctR2cwL8/m9ORE="}},"5tw+qfgwsda5diEbC09xISo1lOmp/IEUfuD30tR5HmI=":{"valueMac":{"type":"Buffer","data":"PGBnPVjqWEEPw+QwBYdhFXtFw50puRo7SUdE+JGFnQw="}},"6AkOusoI9FOIL+qJas1y69e57VN+mdpR4iJbXcir+8A=":{"valueMac":{"type":"Buffer","data":"NRujedhbpWrLz4Ocr8VmwhqsROlkFe71+TgCU3XsOXo="}},"6unjYnzGw0edYdZMG0Qen0knbz0gl7bskh3573/I/Vs=":{"valueMac":{"type":"Buffer","data":"80F6HMjVzLrvVJwJ/5EN8y41LReAgq7r4vjpSbKQ9V4="}},"6xQsyph+EfpG7NlnzSOixNGL9k1lSz6Z2lbGNYCjjg4=":{"valueMac":{"type":"Buffer","data":"6Lo4cIriCwJEYxHiW70vcYh6EyTGvolc5az5ooMfZZg="}},"62vbABfdN4Vwh3d+AYzq+rmDKml+2ZdoHglKZleh0Tg=":{"valueMac":{"type":"Buffer","data":"InesoPIhsdSaO6m2fkjM2YXmmXk2Aqpv6ivaEIARMBI="}},"7RI/ncru9TvR495GA8yK3lc+5F80AVArrnIDoxj47CY=":{"valueMac":{"type":"Buffer","data":"rGVXvADW+7NG4jVPHplYIHMG7FjgOe3EH7AYqoVs3S8="}},"8IUg0vuE0udAVi9QsHO3CeR9KJal6baGUoa/uKVDhfA=":{"valueMac":{"type":"Buffer","data":"YB4mK/fKLvMFVEen/QpI8WOBhyoPV5ISswxVWHmjpe4="}},"8W+1p9Q9RvuDKpL6cGJMClHe2HuMYo1oeDm4adty6po=":{"valueMac":{"type":"Buffer","data":"4SQ2L7xqg2veMvpkNXI/VvJBp0HT3bjFoX/T2fJavcA="}},"8bkNbJ4h8CT3MqRgPNXgpJlnbQLAC4t+yDJdAab9tnc=":{"valueMac":{"type":"Buffer","data":"50wiT6i8Q+5Lix3a69UL8Q9myFY7n03sbWuHn+GqpVQ="}},"8gLHaEoItMMk2hB14htafkEVczciJCdTXcZ0Ra8M5AA=":{"valueMac":{"type":"Buffer","data":"bOSg3H0ezC5uFRAULa+FYibANjtLzzNS2ddS7MPzo0E="}},"8lBje56rBP4MXLImGUV/IHuGeW1jNsR51xb/fW2VSYw=":{"valueMac":{"type":"Buffer","data":"3bI+UYaR2a0I/8LJ3Wa00MRWpFN6LDgmnfl3TeijLK8="}},"8sG6jXuA8cIoBPGSu29rZeZyKlTIMVqSJf7mrC4bdmU=":{"valueMac":{"type":"Buffer","data":"iqVdJPkdbn6sYigPKhP8cC3e28m+ICdvEmX+Q9aVN5E="}},"9CdfkKkoRJQew4+oCKdDGLhpJs3ziJ0bEfFHWHFSjA4=":{"valueMac":{"type":"Buffer","data":"ygEEGG8nXHYuYQKyOcb+KB8YYl8x/kyrBO62FVPV32k="}},"9MZ/Sc/poclaY5iAzrUdHNHOEj+CC8Iedz2GUorHZ/c=":{"valueMac":{"type":"Buffer","data":"e5GHecdPnNiN3P9h/uMOFsQ4qpX+InjzCdgAzmAxzyk="}},"9UjT9WWe8rMYhxghzqVW+RsSxcEZqnfRhAnDIK8WqMM=":{"valueMac":{"type":"Buffer","data":"rzHToaNB2QR9gpGKVjM/QSHK0Fy284qdqgPCKHGQbfo="}},"9yfu7rMEMox2Cz0XkHu54W5hVkO4zNHjYQSYuk+Xvw4=":{"valueMac":{"type":"Buffer","data":"aHf4lNFAr0qwjXIw8S7l/rEncIVDs6Y/FZQJWEjE0M0="}},"93MXpxcPznzFX8gxh+Qqp5mDFfIPbKcCEMOZqdkePSg=":{"valueMac":{"type":"Buffer","data":"JPsHSHByLn+57hJzw8+eSx2facXwyVtyThnPzOleOhw="}},"+G9EtoKiF1C9iSe8+QA/pik7jUOeeoNvyFaK8LkdqdI=":{"valueMac":{"type":"Buffer","data":"lN75Baag5OmMIEgtDGKRqOeNMS2rdl4Gt0h/R0lvork="}},"+a5F6ttB0cH6cN80WmS6LfblWl+7z2V7+wlbXCv9+fU=":{"valueMac":{"type":"Buffer","data":"OmBkpDQvzxgXuQQLokGAeWqgg/zXcDHHwR4MfrnKbm0="}},"+kYULgkOimjEsYnk8bHnjQj0bi+AFz7zjnWhGab2uI8=":{"valueMac":{"type":"Buffer","data":"/blORwP3Q9TcEtAs1h7/4ykYuTRPd7UdLQnekwzBD3I="}},"+llPURDmdYbLrBs6GiwmIP8qcT4BtYrIsajBvk358cQ=":{"valueMac":{"type":"Buffer","data":"3uDhQalJiZSKA8HVaAXIg+GHeDPTHiK8RifAn6I0j8M="}},"+mPl38OJPYDtQdcmL6ffQ8w27tbruSbmrIAzJo0Ty2s=":{"valueMac":{"type":"Buffer","data":"yB5ehcu7OWJUnSe3ulVH4pYRIyCf6qX4azC78A+X7NQ="}},"+8tgov4XBfvlVWxjirOS22LtZoVph/ZzE0BmSwc1MGs=":{"valueMac":{"type":"Buffer","data":"l37xBu4KjuTU4hgiONyF3Xoy72Ibjkvhdsk/XxTMY4M="}},"/N0W/N8+8EklgpPtE7dIOfYG9QqjL4lgmf39r+kAx8k=":{"valueMac":{"type":"Buffer","data":"xKXZWFjBByXsGrAQiC8Xq8s1YcBPBW2RTuJCr8CUlh0="}},"/S/bcnUo8L2QB10yydIRLIj8cc5KAgXjSydCiu5O9ac=":{"valueMac":{"type":"Buffer","data":"eF4RrRhsOgRK6lBVAAOam1VKIbhAe2xHDwdXtbN96BA="}},"/h5+G9LDBzlEG6e6wTvXXJpICPCk5T1Fc+PFuFoVzpQ=":{"valueMac":{"type":"Buffer","data":"DYnUAPYcCiBx5A0D5029vFfXeGG01jTi1PapGVqLtaY="}},"/iEmfs0+S5u/sFuygvY0duqsDEGMTIiPrN7VXERrfSE=":{"valueMac":{"type":"Buffer","data":"a8Kcx4CIIUsclXnbla4k7kTsSGdfTk3zv5lAIyBkU78="}},"/t8iyZ7vewjnYYni5fM3tqSUJVizcshMts/2SFGL6H8=":{"valueMac":{"type":"Buffer","data":"P3vX2vuWt7zyHspbIFf28HBMmRSM9xE3m11qL3ufbcU="}},"/uBR3/TpSIUmr0B2l8ZH4dLtm3+XyN9ugpyowPJ0dOw=":{"valueMac":{"type":"Buffer","data":"n5PFxaShh4YIroR0MyT1/Eqxkc//vERgBgexUe02oaU="}},"/41wWvf8z4S9J7oGFP/jOlcUXvO8Z6Qwtt3BxVMCw+Q=":{"valueMac":{"type":"Buffer","data":"6L0IacaiU4oxL5MjYYlEexHD7aZ0p6uUGAZYktcgNqs="}},"4Cka3til+BQooVwYBrvgi1S27BK7/GW/MVP/sPnVZd8=":{"valueMac":{"type":"Buffer","data":"ym77YWwDRL4CvI6dVsElY+yAWx/W8RAVKpyIJHx8zHI="}},"QYzNQLRx3TAyA0esBzwbiqZDUjRpK2cteVPS4lxI61E=":{"valueMac":{"type":"Buffer","data":"ntW/jWDkDN3T3LvM3WCLoDPZ1mLSZOri5FyKAwAK3Xk="}},"a53FkV6NxZY8XQYXrG46uMCyDt1uDxkzfo2L9CKX554=":{"valueMac":{"type":"Buffer","data":"hAMOWp2eiYr5IKgskVoXMKSP61hixuNR0PIkN65mpxA="}},"u+gMNTVeiIh7XkWcDBo1kvX601KeWjT3pria4Fowi2k=":{"valueMac":{"type":"Buffer","data":"LXtRWW6Vv4Y1rIau92WiEqQ9dbQ2L6B/bbimJDF+LU4="}},"3X9GOkhIoymF0pAWUbVHKjEeNb74XPjFSyFJ8LQr+ME=":{"valueMac":{"type":"Buffer","data":"ZzQeOlRJ7uEnA5kxMt49lUQk83NcZ68R5Jl0m69SPeA="}},"mKldpebAgh/HNduqVZhSItNtEuMwzSAXzNoDabc0nMY=":{"valueMac":{"type":"Buffer","data":"f8Ga7hZ/61SWBZLlB5VpeI8HtsBU8EAOuuy/LxUJ16k="}},"eVWpcJwashnG00tHeHnNju6K2ebo4XwhV+HoWGhDFR8=":{"valueMac":{"type":"Buffer","data":"+wagbthTZKZsXStMTUk1ZjKu68dGY6hBuycROqeLr8o="}},"EfxCymX4qp+aeIdrxrSVRXSQzirDXv+QcGm3y2dphmc=":{"valueMac":{"type":"Buffer","data":"yoHqEBbpZpJ3pxsHBlIdN/9X4NBHgmxAGXVnRsChFyc="}},"3s7OOKV3ILT4oQZkU6iPHr777ejH1aQDjsBUknLc5wM=":{"valueMac":{"type":"Buffer","data":"IaxCENHGMPELn+CPyXxlYD/ypKdYsFU6PC4zJb1sj6A="}},"xsPikcdN2rjnMDiX0l0Z8b1gVoLhgmLbbxyMrmg0qvA=":{"valueMac":{"type":"Buffer","data":"BigGDfVqjRmQL+UoXyhqQKHfGEOGaCamIpy9+ixuOOc="}},"oj44SYsVQ9ScGqkmM0WjbOLnR/4iB5cZj/7/uAbbt84=":{"valueMac":{"type":"Buffer","data":"IvW1p3GFkCFgXosSKLv9jkR1PQmF6tYCcrDiKoadCcc="}}}}