{"version":28,"hash":{"type":"Buffer","data":"9bUM4CzfF6P7I6pr1Bu4fJodGUOj/4V16oA19Il2wsOBfA/Q9wAqj5sYIgdX/1R2AeK8yyzeiWBNm0P2Yj3lZHOsXQpb9lmWtIMxD9G4eeEI8wtkU95xtr7i3IwT39Hv/7gGUiPcmElk7y2vvCOlXusnDbtwN1cBwvlodYPl8WE="},"indexValueMap":{"Bv0ltmayC+H4lKKhpjteUe+d/LAVIU111KPabXFl8rU=":{"valueMac":{"type":"Buffer","data":"Mw5OqlMlu14d3l8qv//ifyioO2uAJWXm6SrcIhk1yPM="}},"Lkcoj60sZt7Ep0JjjheJNl6NfpzJJPaisrUd+Us+rFA=":{"valueMac":{"type":"Buffer","data":"YhBYtSOvfk5e3E2ivMzxorH4xq/jyvqEKP12suYBvAw="}},"MKyk3gXqkOLGP+GEWag7vOnj4IK1aPjwO6sSyttkTok=":{"valueMac":{"type":"Buffer","data":"jF0LKYSncR+sWIpaLMYeM1/8cLiQ1ti/D8uIZ7dvSdY="}},"Oj43r3Ii22881jGa+P2d6xiAnAaamj7vh6T6haAGuqY=":{"valueMac":{"type":"Buffer","data":"2eKaJcSu5UOuprCVZ/drzT5671/I8uTpPzcg7OELH4Q="}},"YiofuW0dsA68YNri5l54dORID2gP67L2yOZAerPOawQ=":{"valueMac":{"type":"Buffer","data":"XHk8R9S3N0WyJL+geXn7H2d/c+uo5MT1UPhQ7G0TWvc="}},"ZcfM3LFf2hd0Zsn3HJmDrGN+CWt0LWjYh4iCReXtxmQ=":{"valueMac":{"type":"Buffer","data":"z7yhc/qBTR2Bak4Nu9AYElwyN9XY+kk36jC5lBZsIBY="}},"a6ljvYA5DRbQM0vegrPLdwVYqVwl97MyA0ePnlo7M74=":{"valueMac":{"type":"Buffer","data":"L711Mnz3VwpwVjJhxBbp+9ByDcuYlbSQLbQyUUSKw+4="}},"cBIbMNtBfSll27eYgN/P8I79cPo2dfD/rU3MDcTlEKs=":{"valueMac":{"type":"Buffer","data":"Pq5KxHfbyPFAGp0WfJkN2SFC1v/0zzw5jXB5JRVd4F0="}},"dN49+gjZm1gZijhDHhNX4Y9vSEC8iucrLNhCW9xPro8=":{"valueMac":{"type":"Buffer","data":"HNXMbGXGAoXuxGKsUri8Gnu3GKk/Dff63yt3bowts0Y="}},"eTqrzqig/ajc++EB9JFQpTvKP3UR+S652dh35BI+Pis=":{"valueMac":{"type":"Buffer","data":"u7jbHVhQQybz2Rxykf1TYjeC4pVL3fFZTCW16+otBqY="}},"gxJO80Bp0d6Y8/86AYoN0z+7MdMDC1qpB83pGyzVmu8=":{"valueMac":{"type":"Buffer","data":"HtDpMH8IfnkBnu57NP27CBArzedwkAcgw156TKOr5No="}},"hAiftrQAYCJ4YkGmFEEAzypJXQdi5iSgKtoG8PR+XPs=":{"valueMac":{"type":"Buffer","data":"q3J67x370F2LynPJ4/0u85TYu4OhttiE/YvOEYUuHcg="}},"lJO/+4JwN2/128U+KvgTktbyeywJ5Xom4nYROdq877g=":{"valueMac":{"type":"Buffer","data":"5hYwTv6PrR+SIu3qVUvsS8lTsTt1iO9eB1f4fb9qRrA="}},"mhGHUvWuHcWpLdeIZ41NthYAyXllCDuvNgFgTLeH+uE=":{"valueMac":{"type":"Buffer","data":"DuNT6iVDA0/8AfEKH7zyCCgvz0Ss8zCsB6EYowS19J4="}},"oesBuLLB93m7ooy8WvT45cftS/Ijz1+qQYm7aBAAOEQ=":{"valueMac":{"type":"Buffer","data":"r4+tOQrWpo5Bw82UeL9hqeDmiCkFn8JQSMn5hqurKM0="}},"rUlKle9wDoZgL5B2XafjeVnWBkCKkpqOHRNbmIMCgZk=":{"valueMac":{"type":"Buffer","data":"f7WIEvTeOsrGb6UcQF2HKER+pFJerzJLm7nIFExqIkk="}},"tS/kJ5DNsyhFR746jHYUDB0iywPx2K4SXDqyRhC521s=":{"valueMac":{"type":"Buffer","data":"0l0TvNJRKvwncJOGtYoKZLd5nDEHSSEe51bAVD3nkaE="}},"1c0ZbvtSoKSfMA9Zn0YQJp2ISHmicUPPqLER6z0Sud4=":{"valueMac":{"type":"Buffer","data":"8pKeIqzrLvW0mTCjj0UYCP6slGW8u6eHhgRDAGXodHA="}},"21/RJAghOLdxsqbYoUCuMS1XCqRjg5l92y76nvR0tLA=":{"valueMac":{"type":"Buffer","data":"l2c+TL1Y9dSlxXUXOmJaBFidSa8lRVsY4PfP1AhM9Dk="}},"95F6Bnhk1XQ4fba6gIIXDUeRt/o0RFgfN3eCKL0VnKM=":{"valueMac":{"type":"Buffer","data":"/vzkP/TAiH76sRnHtfeA9DBkOhtR/GYonk3jL8lBXDI="}},"+jiRKCUUKpxecVRyH9NDIDZgjj89267jqIXkSVeios0=":{"valueMac":{"type":"Buffer","data":"z0PVyL1UVvJyhQzGLe+LyziRTnxCmIqfco4WXrnyyC8="}}}}