{"version":94,"hash":{"type":"Buffer","data":"pOm8aCO+2kj/dHBdb4zFuk7FrwkDpwHZlEOm32HN9wSNqnTDKWP2gpPT0wQf572q02id+CmWZd/b0FsWIZSCmixfM1S4ZJMV+FN2+h6U5WWsrjhdoFh8hhGnwrVGmpGUCShxRpDYRcZzxcewnRH7unIBdcIulyLMIWfSpXy6f48="},"indexValueMap":{"AFljrKUd+NSrQ04f40rGgV8jxUHgbqzdBPr3w0qdvpc=":{"valueMac":{"type":"Buffer","data":"uldmx9NXo8/NRvsjvRzlGQAYWzSx2SbpVI90QQKDKB4="}},"ANr2EYSRQLSjJN8WM1WQoRDqXISExnyec0jpMarXy7A=":{"valueMac":{"type":"Buffer","data":"1zYAjDxJFr2A8sbyqbC8G0xxHVRySEkNdHowh2kLnFE="}},"AVWLbNqpvBTAs2fV6/H6hL9kvXjl1GcJpTDQPP5z/8g=":{"valueMac":{"type":"Buffer","data":"keN/dh6nO3GCo30eJWfflnrK9xohcdWyLaXWy8mZ9eI="}},"Ar5Y/lrxJljvfMg6LjA9TlzuofpRZPZ+ECQ6/oMl+k0=":{"valueMac":{"type":"Buffer","data":"oP7bdh+n8cYQBYFxzLO/XdDCY8fz4pe6WAgvIkW4nx8="}},"AvUshqveQFu7MXrum7HtI2O9RcTj3+AIWZKOJacv1Sc=":{"valueMac":{"type":"Buffer","data":"PJrm1WsUbU0ND7VbktaE3uUrVXnYBAWdnjOHHl7bkL8="}},"AzP4+2RvqkBC2rl3nS8r8LpbvKu2HcdJmNFoskzmcVo=":{"valueMac":{"type":"Buffer","data":"Lo9HlePf2K+nSS6O9309SUCcRPKUMl2Z9UrHXbOA3T0="}},"Bl6TvMDFNSuuw0KCEFP5trdbYGDP3wi/Z9U65euFjI0=":{"valueMac":{"type":"Buffer","data":"IyylMaMmLlioN3tOFMxnDvbPreJIlNPJrLEkRxLtNhQ="}},"BtwI3A/AMlIH928wYsR5gBebm3xZZNVjVK3ONn6g3k0=":{"valueMac":{"type":"Buffer","data":"7xRJF2p7hYn0aOcBXcUfUf67OiUAzRDgmOpM2QXGSFw="}},"B7631VBJGJmR08JeY1Da0iBZhjmm1P714WcDzmZoxqs=":{"valueMac":{"type":"Buffer","data":"uLtnZXZ8JvBNlkqZnouwEnl50T6VTpYpS+q0I/zRSPM="}},"B/PD6iy1ORSvVCwKV+0JSrlVzHV7phGWek++ufxnJuY=":{"valueMac":{"type":"Buffer","data":"IOJWhEo6M0iaq4kKAc/r5R4AEYGJJF0VbApBk+VvpFA="}},"CBpqpScLtBczkXyOTba1E+/drEtL1bwCIkFVRLmngCw=":{"valueMac":{"type":"Buffer","data":"d9TvEErqcVBk2GYQrarlXUCMuB1OyhN8aY6rBTSMNjI="}},"CQ1JQCVSnLiJ7d4mvAA/cMLDzTx7Ad0zirxBFhs2Mjc=":{"valueMac":{"type":"Buffer","data":"cDc93oL8vk9sJrRmivTbdY28STPwdrBRzSo6PCEid4U="}},"CbSlMm4umsH/DDW7+I6xPVn1NTT152d5/TFBgzvrT4g=":{"valueMac":{"type":"Buffer","data":"zjsW5bJRHdquszS+9mTIM+rT5GRdCThCRQkDokiZicc="}},"CblXnpZ936vv96Dr1xQrE4ReVU469O1LpzYfhnEanZI=":{"valueMac":{"type":"Buffer","data":"H5Ms0X8rirVVWEyGSuJ8M1QvTtUqx6kV74EeG3mHiVY="}},"Cp/9sLggUqusNDLbSAWDMM+GAuf12RPDdhMMFQVNnaE=":{"valueMac":{"type":"Buffer","data":"ywm/jf+O4HB2IRMrlrL9KBZJ+qr26cbB5VAj8OHAks4="}},"Dq+OUL3oMPjfHKTOWePHNEN/W8LQFZTEXvjYfoiEp8U=":{"valueMac":{"type":"Buffer","data":"Nl8gFn6AYOw7VeNPxLZRVX6q0lonK8Q4nYzE8I0DfWs="}},"EThXG/cLFF1r2pqJT2HRu+DL7n4/TvKa796u06b/WIQ=":{"valueMac":{"type":"Buffer","data":"IcYnGcz4UYR6yokz1fR3MZaLmCZDIDyR9AVwUeIhKuM="}},"EuHszyqrOwZMcttq7n5OKRruvvoI31Mxj8CSlHTCfjg=":{"valueMac":{"type":"Buffer","data":"9RB3pNnVowMq7JkYn9P3HgaxdrSEa7j/xCZrCsZijY8="}},"E6hiSPGlZ38rOsj6u6Sk6KB5N9Jz+xmxFXocEWb+hms=":{"valueMac":{"type":"Buffer","data":"g4KoObYG7KUp8P7Ll/DFu45XRr3I3Tsx2eyWBSRdD3w="}},"FELvks0ZOHZfWvRXywus8yrK2loEqRYZBM0D2N328PE=":{"valueMac":{"type":"Buffer","data":"Fy+9E+ED7V+X0G1V/qTXnAa4rGWoqt3Ps5Ap1zLoe48="}},"FITv8ZO0ywBWY/TIaY00MkJlel8IQhGqUYVDgVTa4RQ=":{"valueMac":{"type":"Buffer","data":"Bg64fZ1KeRzJkrYGfKUZIBcZRbzCvKyeSsoREohPfgc="}},"GjpoOVitCaa+XWO+zf+KWu3Kddg5irjP5X5FhnqpLpg=":{"valueMac":{"type":"Buffer","data":"pe5zWUxxk+BgmPN156IxmGl472R+3XDdWFQq7qLf1xA="}},"GpXtm/Xl7YfmQOoNP64AXZ9SsFVgsuOElVMX7mEoEh4=":{"valueMac":{"type":"Buffer","data":"uxu/DamLL+icbpGGqhrNegzLbyjJ3pgQ6PP5jZ47kQY="}},"GqVqWHi5oqgXye8OpjjPc0FqUV3v1Bza40RouBp5ejk=":{"valueMac":{"type":"Buffer","data":"nYzN7E0s7l5IR+YYKCzRZmo/Nai4BoVwALdbBXor+D8="}},"Gx4fv3r97HRM8YHcHTdvVVH8eIdDM6ORSSx+LSGQ+UY=":{"valueMac":{"type":"Buffer","data":"hY3ppLxl+BzzvgByuRf0Ih1ZKLbDUV3SjljOa4Q202A="}},"GyTN8XIgSRmH4mR2nBZm0ljKPY0hC1+03hAqs+RMVYc=":{"valueMac":{"type":"Buffer","data":"Yl6KeGxLK4pmAdYs5Yf2bcRN6cT47btdNnnlutcY0EY="}},"HGQvssU/yFxpm+IJ3uEdG2TxVIb+3pdK8Z4FX9/1BDg=":{"valueMac":{"type":"Buffer","data":"WIr3brsEQFKRgmL9K1klNCBBz+cEDkAx+Kh2n4cXH8U="}},"HYL490H+CAsSw47rLUm0aFetyRlWnjyuvZduHhKrOg0=":{"valueMac":{"type":"Buffer","data":"hPx/6XUGvE82/SwU4sEi65DM2Xoq9vczqFuowl9lH/Y="}},"HYjQr9phuVfnTWROxS388Xo0TVSjU4/iCFWA91pX6U0=":{"valueMac":{"type":"Buffer","data":"dAWmWDXnZ6OVnUCaGdjJ1JlnI1+dHbG2J1c8nLKyG1I="}},"Hy3LuZDOiKkCq+Aacg1RxZcQA0e4Krnpt6OYioLhT2o=":{"valueMac":{"type":"Buffer","data":"G5zt7Hf2yElrNBGX0zLgon3NEt/hJwV+ipjpaGRNjKI="}},"H3i1v/zUo+iVCOOmG/8NC0QyfC1VnJqIt9u5dWL00oI=":{"valueMac":{"type":"Buffer","data":"sO3A2yKIuwCOLpjsWOMyWfR07l0RJ1/j4WrY/gffUyM="}},"JJfd1nRUEnVYAvcSalwaOZqE1z7Ra1tCXT8asDIvTAk=":{"valueMac":{"type":"Buffer","data":"nkmAkbPM6+D3CElAnTTWL9fw8D9eG8hT7Udnu494WbM="}},"JWBvgjutykbLwXuA9Rj1lr4KKtebADH16yzdWIjF5aI=":{"valueMac":{"type":"Buffer","data":"Xh6Dz0BmqmUN2BlK2SA+P0LIuS3xPNS6huViAr6vI+w="}},"JtG/1jG7vp1G6T/VS+K7VIL8DLTUi17hiCHA/uTk94M=":{"valueMac":{"type":"Buffer","data":"CU9I13KTM2H450ZMrqlLTkCDeWzpnptQrGFuemhsMz0="}},"JwykQv/uZ6Gs4rWbNL+VoRuMOQ8Oe3FGzX1ZuynIn24=":{"valueMac":{"type":"Buffer","data":"wdZlZ9N73eRqrnT4afg4YcAPFKgh+GwR6HBnRzYGgEQ="}},"KFw6ZqYu7ylr+2/vIPDqqBeQZK2f9A47ZjKeNL/kjn0=":{"valueMac":{"type":"Buffer","data":"Rtu0qTYjPLrSGjHBQOOlZoTj8I3WDWveB2ZTH3yYXL8="}},"Kdnqc2Dj7UMYJI191Q97ltxqy+iH6ymLXyuX5wKEpXc=":{"valueMac":{"type":"Buffer","data":"TMPvXcbJd82hRzLCLofv+aXNzRPBtM3B6Ks+hygkGBQ="}},"LNGBIvg7QOdh7m9X5IfGqYAKYZV7hjll+rgJPngoChg=":{"valueMac":{"type":"Buffer","data":"5j13Rv3N2EFosYr/kgSeLrGmHaAtarU7AV7h1xL5DZA="}},"LZdOX8bFrUyH9d2LVfhy37lc/TWqsalyRhtJmwONyAc=":{"valueMac":{"type":"Buffer","data":"F0wgVjHoo5W4R9bYEq+RDlKjZDPyuQqxKJnhyZVS64I="}},"LoUf1TpCk1ZNxOd/sgCWvYUCSC+LleBTfNUiSJ6lcu4=":{"valueMac":{"type":"Buffer","data":"K5ToC99xHH9GhB4T/IFoVYhaERUgurDo49gpeLi40Xs="}},"L9WnffQLbW/1JkudQsYSTi/d8qvhkzM4DVnx3aM3DHs=":{"valueMac":{"type":"Buffer","data":"LZpz5JcS4bPKsgAGMIj92vPZS2+kbPOtEokfYs5i0eI="}},"MBMXWlWWS3Cj4lxntvvpiz0PRYRtdPAd2nyl0EzlIuA=":{"valueMac":{"type":"Buffer","data":"MIBdCml9nJNmTAX+7Mjnh9u0iqpsCYy9yM8wWh5ZJ7M="}},"MLEc2EYx0UxQT2sd/VKOajww65yxuQwImnrXASyNavc=":{"valueMac":{"type":"Buffer","data":"hgsz5IP5wdYoCWoMWdr9bD2YKC8yevkPPf7CO+3FXp4="}},"MS/jaOxfeTvApv7ZN3vsscnHYjPE1LskMae5IOBx60I=":{"valueMac":{"type":"Buffer","data":"wzzHWB2BmJtdJrCyxOEvrUWNKtJZkiuoiviHf9POUzs="}},"MZI6FmUlgMebflNn+NnPUGLjaFcG5UXNSumr9W/D2N8=":{"valueMac":{"type":"Buffer","data":"GYVqSUBcmfkW+ytP4Y5KU9z3cguCYPizEifMVTsh6Lg="}},"MdYz8IVQh3/91E4s22mCAMWhslhd2dYfl3wHhvtmCpM=":{"valueMac":{"type":"Buffer","data":"dWpQqfCNwBCuEBJdhNglECAxnD2MIPi3uE4HB4vTD/U="}},"MosRXjlVFVPKpVK/e8vLHYrfgHQ5oVM3Sz+vF1j5toM=":{"valueMac":{"type":"Buffer","data":"ouYVdA0mlQGD4ch1kNujAsFJjDkM0zSRnskdO9SZpYI="}},"MrAEq8e6wHpp+A8Szp4YUl9MNcBbqjNN0nRf8keHCgw=":{"valueMac":{"type":"Buffer","data":"RKq58OiNatu4JJVTnXTgwDA0CQxTvnzqnPmqua8k0OU="}},"NUzndt4Rg/gcttx80pPMoRRgeOsspz/8itHaWI/OAeM=":{"valueMac":{"type":"Buffer","data":"vD+SXghI34ofD28ivG4KzC0uyz+T0QP/hvf/Z/g7Spg="}},"NWVQ0AuEvUaL0VOJ0n2lVvolq/B/UbxFOM9azXZ0l5o=":{"valueMac":{"type":"Buffer","data":"NYOiv4bzK9dwS3g/J7xlmlNM2MNHf+wLaD1ZPEJ332c="}},"NtrIRfl8oXoTDaE/Ok7e0perhC0u1Idsj5hCU+e6lKk=":{"valueMac":{"type":"Buffer","data":"UVU2qOJUC0xAUSDF9+BFl+dz4nR45/EUSVlbTNQd4x0="}},"Ny8SDxMUsPlIanO5+TdcnlRJPJbd2eMmUc4ekOyBdS4=":{"valueMac":{"type":"Buffer","data":"KdTIwNULRtWoU743QTCsg+dCK0tebBZ7xTOqNMT59es="}},"OYMNp50llr79UdrcrD+DgYVpS1/8/c/gBzS8ewirxyw=":{"valueMac":{"type":"Buffer","data":"PgzY4l/tWOd086XFPCppizMX3c8J96ocF2+4eJE1/Do="}},"OiFEmMGhDV5SIN8Oeohf3KWhVp4/U28JTnMH3JllNxE=":{"valueMac":{"type":"Buffer","data":"B4Xb1623RnBqzAEL7TaZH5I3XRK16AXIEUzAGpJGQbM="}},"Ot/VsYhqkbpMRaJocWtXKoIoGq59pMwGzMp9tWPFi6s=":{"valueMac":{"type":"Buffer","data":"dFxRkWd/bkh9cgdN1GoR5JB7+D1zb+U7p/lUvNj+2B0="}},"O4v+ltLCCwk4TKd+w5pj73/k//ftlYLUFkehZA6lex8=":{"valueMac":{"type":"Buffer","data":"f++QFyTcdXOqF8xbqjwOISAWO1LY7Odd8dTcbHUPffE="}},"O5EBhfSZSwiqKCzLdQ8Cvl4khUaqs4t5HoOrEpLs/wY=":{"valueMac":{"type":"Buffer","data":"N+AnDzv9a+cMjU8tJ8xd0ycq/MP4Dg9OywB7RITPYYg="}},"PR7BF0i9n2CXY02Jgez7pJcnxF42pOm5V1/G/w/6Fk0=":{"valueMac":{"type":"Buffer","data":"0ab/VZHnU6v8aVD+x/X+E+P7dDOWRMM3CvlnrYMJd/I="}},"PgMVoZSq/hLgBy7B78F/AoKIrPDQqccrKmlG8IYDiRU=":{"valueMac":{"type":"Buffer","data":"2W4uEbazmzlmPeccNxoShr5+SEPva3q7LXGw6V7SLBU="}},"PgSbcO3Udn+dvx2989RTEg7TLvPZUcCXkfjtgp35FQg=":{"valueMac":{"type":"Buffer","data":"tBzkzolAxVHw1B6xSciWM6FqmVEuY1wuj611RjfJuX4="}},"PszOrGN5kqB1TAwuddTEdAFVPk4CJFm08W2bidwbP+Y=":{"valueMac":{"type":"Buffer","data":"ILfncFPsaVAvu1DGidT50s8vEegxQUtwVFpR5633FA4="}},"P51xP2DWgDkPxvqACwFYyqi/yqvfQGjM3ZctCZJU6K4=":{"valueMac":{"type":"Buffer","data":"GGsQdKNnfo/qWnW2crWv0wugu29OAFXCQFUDQRTlJKI="}},"QbsYpmmYROZcWkoX2YdX0BzNE/6YHds4ZVBNIhvTNy8=":{"valueMac":{"type":"Buffer","data":"JfIpBTpHlQ1qmVF+CPmNQs6rBXfCdQCxWGURYHpJ3oc="}},"Q2bV16zjxaNwcT+aMGfocuZbLeQQzaYALwd6+isFO0Y=":{"valueMac":{"type":"Buffer","data":"oHtEkx4hPqcsO4YioxLsVl5kl2GNzQkTWFIeqZN+ZCo="}},"Q8Ag/Kr9QrRqUGrBXy8XqJRAbtw4Hhe56XrVvGf7Ya8=":{"valueMac":{"type":"Buffer","data":"jA5IKDU2HfAWq09KMNRSAkvMLWEEpbyej9fe4+xYMxY="}},"RMbHZWlpBVm+012AAdqFHmFM+yo/Y+5wfhDTwDovmYs=":{"valueMac":{"type":"Buffer","data":"fNOd9VmHG9gBCuTml/hWWN+E0D5iZv+vTyRKoe4grxM="}},"Rxblg5PH5UfE8v+5b4LX0Mz7SjPySgJMEFxVnj58Hcs=":{"valueMac":{"type":"Buffer","data":"hV7dwtxNPH5SnycuU4h3V62fDbqQ6MSVAx9POG31Chw="}},"SVO884+Xr6l+KBOX1ooTPF3TTDsDEqE53f64ndOt8vk=":{"valueMac":{"type":"Buffer","data":"2AGuORhPWxs6tanebpl3PiqIhA+04C8ocqf+Hr+z19E="}},"TBPus1ZCS13pPafSCpTjxw+Kuo17mH+DQ2O4SGkQGIA=":{"valueMac":{"type":"Buffer","data":"QB8Cm2sxV/CnIjcooeWJbKf84i8pFPFjWB2gTIRxB/k="}},"TUxyudakWELyU9h7p9FamsdR/qMuqFdADiaGsosR6ns=":{"valueMac":{"type":"Buffer","data":"GSOav9/fqJ2l9KA+zKWBvtoIsi6aMtCDaBdL2AegkEo="}},"TxTlItz1EsbOlXB98d2sgC3xWgE/HuEdp4Bt+++6k/4=":{"valueMac":{"type":"Buffer","data":"dNBdLiTFEZD21QicizWe2nv3RZ/4efz0sHaixvF/FOU="}},"T9zxk+v0EA8x8VYcwdtfbBP3RI4XtafZR8qgBDWl2wU=":{"valueMac":{"type":"Buffer","data":"AwzvuOn2ZuxwcY0R8JcaMyVCpglMOVlTj8UZK901fBM="}},"UNSa3dgcsSoX1aOxrFT9X0lP4Sn0zL9LYXJ2arOLagM=":{"valueMac":{"type":"Buffer","data":"F8NRpFpw7JZMbdTmmWv297JKKH7u2daN0mQNus4eYcQ="}},"UnwQhv3O9jpGcAXuvjSQSEbxjwY0a0T9A+PezqWUI14=":{"valueMac":{"type":"Buffer","data":"uHS9JjEEvwwwIAJHC6zMXS13tJuIjB9IkfacP7kLHpg="}},"VKDgAXohOLcrix9qpTGJNXJDu/SPhV14TZ26foNn694=":{"valueMac":{"type":"Buffer","data":"bhUAVAgBLEURLb2f6FcKPlO615AWTD9oeKm4xQuySDo="}},"VOil78dODmnR/tJ2I9vsGYLaon1j64qBsU4qbJWemDI=":{"valueMac":{"type":"Buffer","data":"gsHmz+EdYxFrguqGdrAnFd2BdtOzdqhrIYMU4rvQJIU="}},"WBDC7LHrTk1kX3HIBacnxDoagw7GkGYlBUm4OqACXeU=":{"valueMac":{"type":"Buffer","data":"8HkEt3+t5137yWL9IKpTgxZy8A8hw6VeyM8sjxlgrsc="}},"WCxxhhN5tEHZb0SfoK3U3FAv5iwhWz+fagztDBfugGg=":{"valueMac":{"type":"Buffer","data":"1jYIg84iTYjmNYkNzPa49w8dFeG5OZLq1zABrVn8rw4="}},"WNVp958YG1kTa7AOj3XQOHZM+5qu8brOYxqO8U0ZsL8=":{"valueMac":{"type":"Buffer","data":"qv76FIxlGqn7Gpy8OsXBxqYKv1o6Bc8E2dyBsi1ekQs="}},"WdUhAB+8zbkQo+SuB2wD2xurbemRi3IwqAt4SkkYEUE=":{"valueMac":{"type":"Buffer","data":"WWT/1/Cu93zyn2t0xxsXzyOgwB2zAcSozA833Rf2XQ8="}},"XCaYHTdl6lN06xg7rUrkwS0EQr4QAnff5er0ueo0xgQ=":{"valueMac":{"type":"Buffer","data":"2UR2ZBhh3kM8abZBVBWHyeAZcVEJQ0M/mmPDIT9RY2g="}},"XS025FgeOp+7iZnOwBCQez+gcTx0CoYWs2am9hAhllM=":{"valueMac":{"type":"Buffer","data":"LCgDO2EeOG2ZbGIltQ3V1LbLwPP9/X6IQSOBZx5QZ/k="}},"XkW11HikOo2ExGaFRLdQ9d68heIDHfA9f+pfyFaSI74=":{"valueMac":{"type":"Buffer","data":"FHD60diKjJkIPw2PbsCG7TcXJIEgztOU15Y5S1OwPWU="}},"YLH0nw2D8iey5ll/ST1vBizuEN5wpBPIZBdpWaO8GOM=":{"valueMac":{"type":"Buffer","data":"1OrM+RjJQao5+TXQEFF1qWH3bRi7Tlr6Dca2It5vUP0="}},"ZOjMpVW0hUWHsbHv529hug5ZBYcDJwydvu5bpN+LYAI=":{"valueMac":{"type":"Buffer","data":"JfFuccnL8VRZ/Dr2lCM5u4D42pyRxzz9JSbq3wumsow="}},"aQwHIfRT4u5vaVjRWTJ+rLhVfbJmL6i578ewdCfoK2w=":{"valueMac":{"type":"Buffer","data":"KfCMQjTSEw2VghVLW4VTgosg+0FWCTjcN3S6j4k+Hjs="}},"a9P1Fz9JWcAjFCKZHiLmXdhxfkRZL3Cjpee0FeiXCR8=":{"valueMac":{"type":"Buffer","data":"E78HDxsd0hxHu87OfB5Xw4sFFUg7imCM6Zx+OIK+Iwk="}},"bGU6TR9494dHBbAjNEXk5XXNJHFXDD2mBB0KVEff/Ek=":{"valueMac":{"type":"Buffer","data":"I15514xhko6LBtGRoM/N2/t8UAFkEYjZA1V29upjWVI="}},"bLDrco0WVUNttR7bbtrdECVj+7m7HzSy0bOyI/zVCuM=":{"valueMac":{"type":"Buffer","data":"kXXyiAw4YGWRyw/nuxiI1SWzKiutJf8gU16k/QGzfAc="}},"cDQHVi8zfz1mpfLdCDSjq5DF/9ulfatIKAOGtb+KzP8=":{"valueMac":{"type":"Buffer","data":"9dnVnwgj20mGlqbAJGcQZzSyo5elrGla8g7Uzu3R6GA="}},"cKxF8dbW79YvL6QFgjYHpMAR2Smz12uaM15j3Umuvn0=":{"valueMac":{"type":"Buffer","data":"V6XRhGLRW1NMUDp2H9pRuv/2QRPpY9NsJZpGn1fkZG0="}},"czVc+3SUQxJZVq2H77LYTQCTEi46yzVcpHBfSvBI69g=":{"valueMac":{"type":"Buffer","data":"lb1Wg0QbI7kfrnY04Cp6Tu6paMzstfL2yzEfGva2Sz4="}},"c4onFhQPcFiorzcXAwClqb2kJfWhb654AaEJXjdUBNE=":{"valueMac":{"type":"Buffer","data":"+JOf5nHtNklMtNPeJhwZSk1t+xe/kK2Ofv+DSQ0NwAg="}},"c9mXlF4UVF7TGppZdoxg5KXRgV6gGyhX1UvLLRU6PS0=":{"valueMac":{"type":"Buffer","data":"mRCF8A3VvT5BAztzsq493CtZn78JdLDxVHcFgsW/5KA="}},"d2kQGZopIFTkWmZpdm92WqI2Gp2MrCclhW3YVf7xVAM=":{"valueMac":{"type":"Buffer","data":"YeCxHr4edqvnnuvbjGBf1elYFR6A/Veoqv93PdJSUfc="}},"edoWtf8JfzL2tFmJDJ2TjBpCallq7gcamVm5juhRMEw=":{"valueMac":{"type":"Buffer","data":"Eh6T0OZCvWGUljGh7Lla+xAMqRppz1wlTfxXGeuAiIU="}},"fN5vwgI2JdlaHyE9LynXp/qbY5sHgnNGeI6NAlWCF0E=":{"valueMac":{"type":"Buffer","data":"y1jcJbIi0WOUQYHZ1ZXsltwRic1CqBDYlCv0z9BPVKg="}},"fTWO/V7XqrhXrxQb9wwZp96ilZGKN63ipSTqNbARsbM=":{"valueMac":{"type":"Buffer","data":"r3ax79lx1fehX5Y9yEps9T0ynVwzcG+/6VKdEpQzCS8="}},"fZVIesJH7uUWaVh84eF20Ac9c3bGGb3+OKjmjw0MSr0=":{"valueMac":{"type":"Buffer","data":"SMpFHaJKy6QEwdA4dN0xbekSO12IbEhBh4XGS+GzIYQ="}},"fof9Yp1dS3lcNfOAd3OQOlZ/kLmp8HxkMjBAwwvaQrI=":{"valueMac":{"type":"Buffer","data":"tfvF/c9u9zFzWbyjBglnHqXHJZ8USsMDtSYO0awyfwo="}},"gooFy4NBWMOuCZY+WW9iUVZHbg2GJNJ6NJ9fs9Nxp30=":{"valueMac":{"type":"Buffer","data":"9oI45KYdezyDfT06BLNrCkqhP6GMOQkrksgcbcS4j+o="}},"g7TqwxSm+ueVsr4IODImGhTn3D5Dga51y/KSSUxHu0Q=":{"valueMac":{"type":"Buffer","data":"dvCEjjJRHH/YCwgpyTI3r/VuZHes/2PSc7dAn4lgSxQ="}},"g8UPGZt2+3HS0DjviFDmauhdIpRGmyrgFh33gL8rohY=":{"valueMac":{"type":"Buffer","data":"NpImck7OTpsp56XyF5L3k9M/CZFN2uMbkM/0IyILYXc="}},"hAb+ro1KJihyrju7uwO3Hday/z6uGtF7OzsXIwi8uz8=":{"valueMac":{"type":"Buffer","data":"/oPzHaaerSETOhRAyF9yft5eUCrj9kQH1mFR1nlUYhY="}},"hQrze/ACKzhWpCmnBLNBeKruTbEg8TdMGF4eZgXrzds=":{"valueMac":{"type":"Buffer","data":"BUBcfFsWT3TmTY/GUKHzKisY3UjOyT4tdm+pf/vXkRk="}},"hWf56sCsdX0nTXpbrGUN4zPV9owa5wO/J6qP404F0hg=":{"valueMac":{"type":"Buffer","data":"As5wFVOm0HsO6iYKuUPnUwTs92KllQhvScaJqR8IikY="}},"ied3U4hQSkLrYqWuZ3LQ2N6lVw1uxNIfT+z9hOTrbU8=":{"valueMac":{"type":"Buffer","data":"0sse+Tyz00DvfX05bYWPUPhzsaabV8iNtg30lO33cSo="}},"iwU+7LRpMPXMaPJ5aUEcphkSkxMm/bmpihRpnVbCMjY=":{"valueMac":{"type":"Buffer","data":"+HtW3fqH03mvol7B3fGagCyr8OXI3bJErj/9QRD6HhQ="}},"jBN/QvzzDHeRxfrnVssAMAWmVcTS0Q2dNv8+MjcUMJg=":{"valueMac":{"type":"Buffer","data":"khJzmAd+3sRcPaub3GbBzceHDnbr1QIeSpJOXLO54DU="}},"jsIkQfmb5HIdOI7dSCFYgHt6EMoGbkoP+oF6HG863D0=":{"valueMac":{"type":"Buffer","data":"f/CZUp2DACFW/ZU4xV0MOmtClDG7NSCOycgVZ1nYO60="}},"jsnaZLHeGN+gFOxX+XxPSzVYR9HUV6Xvuzm5GQUk0+0=":{"valueMac":{"type":"Buffer","data":"TAZiBp9y+TiYsYtbOYuUqH7Tvnbx8V1+H692Cyto4M0="}},"kAiGG1RvPj+RkYq1NP8OAVLbNCqxJVYvbalmKk2Ny4c=":{"valueMac":{"type":"Buffer","data":"d4GKePEExzv8efJGcsyJWrkiU7EHJPySKlQ2oeCWZ8s="}},"kNzHUSo+N72JSE7OndDktD+FkbOlAtOYgdqLMiLTSW0=":{"valueMac":{"type":"Buffer","data":"oYJlkGH8k/kBerHsIY3QSBRmC+sXz5Vy9izf39uH9M8="}},"k1k+e/FffQDsd1G5OAbsBxBCAGuLgLbeb0FHboyDPQc=":{"valueMac":{"type":"Buffer","data":"lZPX+MpvP+xF5RYTV6Frgp+pBCG/6ZuWP8cYGFNyfK4="}},"lEp7QogYhuzgyTEeP0q3cpcdP/u14X1GYJ2Fn+418Uc=":{"valueMac":{"type":"Buffer","data":"PM3/QGcYbTtzIrEoMyon/fcltbMIlnijCvVthZY/Ltc="}},"lZV4HyH+s6rQeSs3Gy+otT5IewE76/64PlY04llWwbw=":{"valueMac":{"type":"Buffer","data":"esmNRZ0y5Jv5/p/PQ07enT6tBVZ7inoYR9NLe5OE/hU="}},"lf96p4RwZmol9AA9k+g8tpLkpWKu3U5H6KIUIEkzYYE=":{"valueMac":{"type":"Buffer","data":"aEQdGtTZGwoy0oeSEjbDSFYrzCF+ZeWVkzJtfDv3M6E="}},"l3bgz8pgiUHDeeIu7Q5gf6weRzNTYS8RdqaO4rEiH7M=":{"valueMac":{"type":"Buffer","data":"I4K9Tm1PeUMqtKLtEj39UILskTbgmYE8j8lZ+JewLaM="}},"mSFOcOVME90/4+3oQXi0jZRpAItlpJk5VZlqldk8oD0=":{"valueMac":{"type":"Buffer","data":"n7GyBlEZTZ25Mol/iIUSEII/pL/fdMdMYohsvI8VWho="}},"m3ShnrHph+i2zPuoAJl2OZVCoys+sX32HLR9lYIKewk=":{"valueMac":{"type":"Buffer","data":"L1Q8WKgrxSN/YN72VEZBcLuG7gShYS2NLQaMALgi6xk="}},"nTJh/CHB60PXTkhmk80/lDaZHSv+WmI1jiuGccCSpWI=":{"valueMac":{"type":"Buffer","data":"2lQiQ0nGFxJyq4vjYM9+6fyQvu3cS0el7jUyMMR9Z8A="}},"nXPs1jAjqyVod9vLOr+BhwhtrAsKhGgLiGmZw1ePwCQ=":{"valueMac":{"type":"Buffer","data":"OcCpqypvCDqLX7OI8p5JTRp9N82pLJpbsVm1J4Y9EKw="}},"nar77C1kqpBbTKMas4kx/cr7XofQcn+466tzWy0UTfM=":{"valueMac":{"type":"Buffer","data":"Oncis+n7Y7ejOaCz/SWJj5gxeM7M2bVIHTru8zdhN7k="}},"ngF2hC04NE6zrRKNic/sgk96zg9bNULG97Jvz5CqvdE=":{"valueMac":{"type":"Buffer","data":"vX3csXNzOenvjdpmFtWe5KtauGQWZ7BR5qknvCV+fqI="}},"nkd+6Rem/TPq0czjfY400NeZkiQFREKHf7ZhMU/0WBo=":{"valueMac":{"type":"Buffer","data":"EyXNRrT6g/JONO1Ge96VabUpj34yTCF85w/JVFUQjP4="}},"oGs9Vd/FVN/G8bozkRiL2sguez96yNIfJtMchlF9CGQ=":{"valueMac":{"type":"Buffer","data":"iDVdgdRD1l7dLawjp3rnRKl9CtmynqEsaAhXQnHa+IM="}},"oO5JW+ARrb/TSb0tCm4wCTUm7IDbWKkm024zt4KIPwk=":{"valueMac":{"type":"Buffer","data":"YPjl/cHK8vv3hfriP1GwHUhJr8/IVFH4AujdgJ6FohY="}},"oVwx5GvqhYm7L4r2fc4fmlDFO52BvU5CdlWP4mTFbTA=":{"valueMac":{"type":"Buffer","data":"gj3gKH3aZdHSNxIZOpI/Z3E67psjcVFcBxwnhJNm2iE="}},"o4kgzZfq7OTd0XmD68GDcajIEy0bOYvU6yiTuQ4Z3cQ=":{"valueMac":{"type":"Buffer","data":"y4CVeRb7h393+P+0TP6EpgLjm5EGC+bMRusrEDDYsHA="}},"pO8ELQO3Il5tHG7wrPwrltpryykQpwXNMS1L9/6Kq3w=":{"valueMac":{"type":"Buffer","data":"NBAZqjDAUiu3ON+XMrSwyZ7++K6myw+0LkToTZKLHRk="}},"pgSzJHSjXRgNRXuBLRsl99DODR9LTZNEO073OuxAiOE=":{"valueMac":{"type":"Buffer","data":"opntdjEJWyeRXjGaPjsjU2MttS8hM/fiZZGiXGwa/tY="}},"pzoFSJnDc6hz3X9CQYdeyQkfapNTGraVFdpVmqEHi28=":{"valueMac":{"type":"Buffer","data":"rI7Ibe6tdPZTNHOD+USMpvJrLVLgTZNYssJYyLBFC+U="}},"qIUwNm0XvRp5LK8DvkYHP76ZxFKPcDOQ9ngcvXGumy4=":{"valueMac":{"type":"Buffer","data":"EladQyEQtDkaxHs7Yh4KFQNvFEAnzE5iZkvQb8gdAIg="}},"qTH+ICJE/TDFm8i2e6AiZQLXXqhwo4ygqZGME9pu+6w=":{"valueMac":{"type":"Buffer","data":"rYRiZP/BzWJ51Eq3u5fqZewqmRtOvCLQKLPvUVRZGWQ="}},"qZOCXum6tBPErbeYgElEAZ8t1knuwigMWOxQhXLNUDg=":{"valueMac":{"type":"Buffer","data":"81olI079ELyLibaAYEuRpyC97JdqpOA/eMGrPMk7SvA="}},"rOZDsZN5eLii2bhB64nRC3MKapJrgSG3h/G9GE+fcs8=":{"valueMac":{"type":"Buffer","data":"sVwc8tSTwoQvg+Kp9IKQoJuv9bHyXgjNx9VFZzc93Ic="}},"rX2/OO2CEYl8NiT/W2V4+TORyyNPJrdX5x6JLXdp4do=":{"valueMac":{"type":"Buffer","data":"SwR5WXnOXYwzjfSqf5dHkk1lyMbc6yG4rOylKnoJcqQ="}},"s58GViqut1jikdTp7PBTgEh6yaVG3A9rkedJcA5a7zY=":{"valueMac":{"type":"Buffer","data":"qquIrkVCs+qH/q5FHn8Bsy9ylzMP/b8kEPD6TCMATQQ="}},"toX6ckuksuN6wXwUmP5DUGiGNe7vQJRHSht+fNoRKlI=":{"valueMac":{"type":"Buffer","data":"kmg+7RlnmdU/05LpZJhDnDBcAU390IjAUiFF5VC0zdM="}},"t2Y41QWTeQqkxxp34+0Fm7g7T8nR4ylu0SixopAQVtU=":{"valueMac":{"type":"Buffer","data":"zrJH8sZ5MFLBEOBvr+BX6NT0QIzYXjVCwyWfS4TtO84="}},"t7AV35Sn8Ftnk242ItCjHPPpw8QxKCyb0Xn3hHPPQYQ=":{"valueMac":{"type":"Buffer","data":"hwZ9nlcgx4wSw7z7Wmuao0yrg/rrTEWUu3cXQmZj4Pg="}},"uBw2LrOINPNLMt8pd3PKMvH5Kz8jYoMrik22ZuALAtY=":{"valueMac":{"type":"Buffer","data":"56bBqxRCdgH+9Gq23EkppK+JM7FR/i5wYexOvW2ZXK4="}},"vB0i3sFDKbS/OKGl0GKnji2Ot2LF9xuB3tbpAiwbz88=":{"valueMac":{"type":"Buffer","data":"6sE/+dHNVEoPHSu6YHG+l6y8KtIwTgiJv+yY0C1pij8="}},"vVkkwCesrk3xYn/LFr3YAKpnk8QZsR6Gph7Sg5qGUzQ=":{"valueMac":{"type":"Buffer","data":"M2xS9oysujLTjTCj/TVVGGyD8DsplJX4DlO80NsQCFk="}},"wUdYXEMF5NxHQCGqHJukuXxi0Xeq0QodWuCjIt89C38=":{"valueMac":{"type":"Buffer","data":"s4oxH5xE2JxNNqrrXwgjI/QlwvXBAeODVKiduT0J7s8="}},"w6cinWtaO9/IxAT2rO81d0cLcaeW4HIewpTwyuUIyjE=":{"valueMac":{"type":"Buffer","data":"paaM68rz502a0S96fqGE3pDTzCNeok77p/n+pU+h1V4="}},"xCjLjNjBg906XAaBmesRzc0LXkoJRK5LZCPdCyzDsEY=":{"valueMac":{"type":"Buffer","data":"xWLELwxIbY9ErmfgzqG2OJXfsxA9bqOi9K5gsHlOsZc="}},"xJ7NcjOSytNXAhdEnwj5YdZP0DvqGhoDWWD4+W6OBoQ=":{"valueMac":{"type":"Buffer","data":"K8E6qH94fO6YyfhSL9ToNhV7umxIUeul1Pj+doFaNKw="}},"xMA5V83mExa4obrTFfYgXkxcH+HaeooDXfGeVwz9sqE=":{"valueMac":{"type":"Buffer","data":"8i27KIr7VZBSCVuzT3wJLZw4qbA9CTiH1e8DKz7VDQg="}},"xYQsKWIT+5rATl2AahgqoM8hak0246llV5qWTBtuWDY=":{"valueMac":{"type":"Buffer","data":"Rn7+6kf26tH93k3kPFbqnUPmXv45hSr2s4Zttz2cGR4="}},"xo2tCklWELqlRfYiLMQXhkDxpeRHr/lGRteMvh8lFUU=":{"valueMac":{"type":"Buffer","data":"rW+Ov2k8nKkBSatrNlI3BkVnX0g9SuP0edo4yUYRzE0="}},"xtP1NxHcWJ9Vkmwa/frR27OrZM9W6jcl2YuM8krdx8E=":{"valueMac":{"type":"Buffer","data":"hurEZDAimRJXY5URhiULofcbJrpd0Q4mWfmGjbUajq4="}},"x091oxhOQwXIbZ0BW+Is+9ISfCd0E1LKN4Cc9JwY5qg=":{"valueMac":{"type":"Buffer","data":"jnh18V1daP2DvdaFMxwZw/HPmne6CCSwjaSPnolMCTU="}},"yGiNzW/72ieAqo46tMwIxD7SUuwd/6iLMH4+qbLI4ig=":{"valueMac":{"type":"Buffer","data":"G3hImuaiIlPEpuFboG0C+bEY7RR6QWJp2Lt9sEcQB8c="}},"ydyeRiXyMxFF/E7LAS+ys3AWgO/OkOzpC+0yTRKHKho=":{"valueMac":{"type":"Buffer","data":"IDgcfMaCwJCy70rec3bTuQygPYHTFDdXTY4nfj12IOA="}},"yfOL61zm79AJ65Cx0N3LCZACnm0N0GKuXYuBHtzbyzI=":{"valueMac":{"type":"Buffer","data":"gVfWeysuxlnBHX70NC+5l/dH9eHhocNzQW9PCG/K0B0="}},"ypkMJwXn3zgIjbLxR0Hf/XnEcHZHCz3m1JkrR1zVXyM=":{"valueMac":{"type":"Buffer","data":"6XCUpPn6kikERKmAG/8a54qBOwLKlQ8Hx+4aLkJV9Bk="}},"ytk5Zt+eL+LCmp/iQYEkDTYybmuWpgeOmMi0sRQM1aU=":{"valueMac":{"type":"Buffer","data":"xsQDoCWFtL29iPfXUzdM2VUCwkfZlWbEak8RvqAAjQ4="}},"y953iOWxQkcdIq9+AVzQun8LFd0lhb3mTUsc3rRsBs8=":{"valueMac":{"type":"Buffer","data":"lpIH6kDdYVnCr619j/+yFbsXKQ+6YL3AwpIDkhWzSto="}},"zKAWQ3wtZMejSXjyuDSLQOEBpYHWZmE0Tzbi5xr6YKY=":{"valueMac":{"type":"Buffer","data":"fqBp6Y9kX6EsY+yb2xjowXNqCC8eNxgUrZJ9l3Zn9Do="}},"zOFUv/+uz2lHammORfVIouEyKrVGG1SQVy5duJy1yvQ=":{"valueMac":{"type":"Buffer","data":"g3KS1VrrKL/JSAFjiTYY+JlhutF7oBacoAtbIACWlqw="}},"ziIzw7UIlWsXOfviB3RNTZm8pGgfLH3sTJjnN2Rurnk=":{"valueMac":{"type":"Buffer","data":"azrhVjTcri5YLVB8ZS4y6axVLTmbOQxsZMDgwqcQvGc="}},"0DEfd35YnhUiD9mRqroxxwDC5eRZxiP0JTTWdi6NHwc=":{"valueMac":{"type":"Buffer","data":"XyTQjKCVXiKYSVhfJL6hJnjqOk7/xRExnWOiZdAAGc4="}},"0SP18KFo5U+0PvTcBaQ5TW7Iqsqaf5JNWkXR1WlO2ps=":{"valueMac":{"type":"Buffer","data":"0ZemWd7sc8Zq4MwBwrAAmB9WzqkDKvHyWT/2nIEUrC8="}},"0Z2MS18VGrTfctE8H4oBptzDzHtznEO3RAwABRCvGUQ=":{"valueMac":{"type":"Buffer","data":"UO15sUvFl1SRsjoJV/FIQQ++DCmBrz9k6b8ZKkjpJBY="}},"02OMJbMKcOpbYWRRrMcNOT+wS/ySB/ZE2o8TKEGI3JI=":{"valueMac":{"type":"Buffer","data":"isLWCqCefQoQBX/lL/BE5oYNovUBebn2WhyjeODBSLg="}},"1CBapmXEyF4HLdu8yH0uK5s4YpKer9srYgqwPSxVBW0=":{"valueMac":{"type":"Buffer","data":"Y4BdUhI2DTXAxty90ooOnMqc8l/tS+MHHkD22AuLlVU="}},"1Jx4kcwCl22iyGPWIO0PZBOZA5d9NdhoaWdj0oT4mGM=":{"valueMac":{"type":"Buffer","data":"4HwiS48aVgevGatZJAz1i3OvB/LvN0kAnlQB/tIIayY="}},"1j/1RMRiwroKjxx+eSW1JX2HBHL0bUA9h0CB0BIHhQM=":{"valueMac":{"type":"Buffer","data":"aWB1QyJq98ccjYgbKNeBp0BaCb+BS9lpVYLvAPyp8oI="}},"1lPfQfCexJr2RmoJPV57cffFQzVMRiNlyXI/OtEQ7JU=":{"valueMac":{"type":"Buffer","data":"CLFL/h54y8T30xemwoY+XSIfhG/Y/ke6e6sGkszi4JY="}},"16aRZjJ/HiwOg6mzRTmR2uthaNKP0ARBLM6cmtDzXWQ=":{"valueMac":{"type":"Buffer","data":"JNRfiYXxv3iE6WGYSTtdmvfMz9ZIG/OUJYDH5SlIWK4="}},"2McGhBuVRnhk0V4fy4iJoIb6odXaePFNoSDxiTezAns=":{"valueMac":{"type":"Buffer","data":"l8stOTJL2wlX7R8LYqjhnFjFPtwkArkvkWGK5RykSog="}},"2uE7kZo0CUgH8EWOMguKm72z3eHyN0xoeEmCr3t2zBA=":{"valueMac":{"type":"Buffer","data":"Nbdpt3sdIICIGFmcByw8F2y6TkDWvNi3fjz61lT6pNg="}},"3MqXWcwrPhcS2O1xk2niKpXARiCsxX7PwH914LjReHY=":{"valueMac":{"type":"Buffer","data":"+QjBnTJLqjLQV8/Ggr124Sb7+9T2LNXl0ER9QYvGqv4="}},"3XMqzq1mCnaOOvbYh9DEBzP6H3UYOPkJx4kVi6zqERg=":{"valueMac":{"type":"Buffer","data":"0hB1STIuOJlVOuB1kNK2UEmQPPgu47tA8aLluHOChsI="}},"3fZjLSDjrDwC2wivWF/XMpXm4zsNTe9SlSP6in9rARU=":{"valueMac":{"type":"Buffer","data":"xVmSILiUipK/66ljQQjg7A5V0K7Blp1+xV3QJL6lsgE="}},"3swPMv+oIPTgZoXEhCN4HpUyw1MUETqbDPwMJuMDVCI=":{"valueMac":{"type":"Buffer","data":"kP82bu47ClcctGlTF9LIsIsY8jzGyyEIgKgSiSAuhkk="}},"4GjdfWA6aOh4JMRCpYg8hNd78eIZ1aHE/GHD4fqnBGU=":{"valueMac":{"type":"Buffer","data":"Nffon5nUW7M7/vB8+Iz+IKloT6mpdO9Y/hv8E5e+uus="}},"4HZoPEcMtEYFvmNXLMrdSnJhksmvVV36ILyVUEa7388=":{"valueMac":{"type":"Buffer","data":"6vMvIlrrMVukGeswKq0LdutIYACeOizSylzRHG80MrE="}},"4aLC8axYJL+AvLnQUbvXFJTJP10cK/8KWfBXyb8z/XE=":{"valueMac":{"type":"Buffer","data":"aR0HHpLi9pc1KE4MIWXE20/V/pewNo26qDjkcHMhuvs="}},"4xLbby2MOPcG5s2wXDwvQ/k8BlHQtkoqeIXccMi2kJ0=":{"valueMac":{"type":"Buffer","data":"SmP1cmvt6wqRX8wIsERjdWcZEFDpoHyTo9WX/VOiQYI="}},"5Jz6Vqbz77NaR7CbD6qEw6UrJHABMzq1+gg+UJGsIr0=":{"valueMac":{"type":"Buffer","data":"yw9jyU7sjYXJaxxy6eqcj/j57E+eYab7oZN2ZE7SIu0="}},"5f9UvoiKgpgUQloLCMTvD1u3XUDMFJzsAY7JBHarB5Q=":{"valueMac":{"type":"Buffer","data":"HtNrxUrlcXd+THj7woovdwVBYFpDaV5zFuB1Pat/iLo="}},"54KuFaL9RNRsnTqJ/Eqlnu18s1w7N5q5JI1QK+HjLGY=":{"valueMac":{"type":"Buffer","data":"UoZ4Osj8xhTlnVP8NTlfzg2c/u7Trbk4LlwD88MFSLA="}},"6SH3Pf225qt9n6Y+ehhRLAAgvcL9bDdjpJv+dFDJj4c=":{"valueMac":{"type":"Buffer","data":"nzdHNM5UBNmzf2occvEZdpZJI5ggz54kcHvvjXNpbkM="}},"6Twy8V/zCTyXSj2OpFk1zr/F9fvkCuDf7wDIf+1mS7A=":{"valueMac":{"type":"Buffer","data":"Ki/cNWhgszJI3/K/QgTaH2bldJhVHmVkhVS092G2ljI="}},"6dbhlRYd0VLLYx0Dzg6P19TLJMaxBlp+VRuC+TyFFrs=":{"valueMac":{"type":"Buffer","data":"QEQnnGg5aYrpUSJn5JIzAtjWRlwaLwNm0gCnKGy/dO8="}},"7JP0+zywfDfW/y9ZSm3ryDKPVcMKVJIAXXCCeDzup4I=":{"valueMac":{"type":"Buffer","data":"2fOw5HXbSx+ix1W9jXo86FEgXmyniTarqNiCMcCjC9o="}},"7Rc9CuE5A1Py5aQJKtZUv5sarEz9Q/TyWpmxFcEZGvk=":{"valueMac":{"type":"Buffer","data":"Wf/lncS+Em9b0hQqJNF4X+ZaHVyqCmQinuab5WpImPw="}},"7SsAYBvXeqnJYd98ujIQWzuIElDiawqF8CKCTX5YhF0=":{"valueMac":{"type":"Buffer","data":"YrHP8Aj7cIcB7a+fIpoWuZp6sUTtBYF35plxN9sSmjw="}},"8Spv0qfORQqFEKphKVTXiO1wEc3Of3TdAs/dxTuR12E=":{"valueMac":{"type":"Buffer","data":"Zt2paBGRmvKNKt2j2HWbahwEZK9r3hjFK0iSsJR7XAg="}},"8gCX8ilajsmtZfHM9NGyuK7t2Hnk6Q+itlAxawX2aF4=":{"valueMac":{"type":"Buffer","data":"X9xiy9fwO2SQ8ON5nhld1pSx6xirN8E6U5Gs8KAs1VM="}},"9KfWO6rMdvnhzh5nTnzZulG0VJ89htlEMqcT7L/xZvA=":{"valueMac":{"type":"Buffer","data":"ny/rInr2dR6165Zo4UG4QrCjNU+Ae8lySOk+HSxnRdY="}},"9L7PfwXJSbgCdPipzWS0mIClZ7j3KLbfIIif71PEfVQ=":{"valueMac":{"type":"Buffer","data":"2Qee9f7DO3MPNcaqz9Kikx2E8j7vP/IJxdO1GDzH3u8="}},"9Oevze8yTBP/JycTr7T20Vjd/4ZZi23UHikMgikGDOk=":{"valueMac":{"type":"Buffer","data":"aeBhFjLf6umoz74JiYM7DYKXcNxkyxmeWNtQfnted7M="}},"9uh9IU3/aCNiKRIn3qwXlDMDjerpSGYn9LeL2ZoxhSA=":{"valueMac":{"type":"Buffer","data":"fZ51jARpYvEeDXJ25Ie77ZcgxWMkZmNqtl15Mnq7Oek="}},"9zN4ux42f4zQE8ez/jX+FdFG7T/OYv7a7jE66ftMRQM=":{"valueMac":{"type":"Buffer","data":"MPPmip9VD9S7kECAeX/Q+kHuI3s21KSrLrP07mVBafc="}},"9/7UyuZTEBzZAyFk9ZzyKsPypyxIlVswzAmFdPnCHWU=":{"valueMac":{"type":"Buffer","data":"YauUudN1sqg7N5OKk103LAmlhV15AGu6cshf0vqF5xg="}},"+XNV9EUaKqcVNvWJZFPhVN/MH2YPB5jUvsuacIrpfrE=":{"valueMac":{"type":"Buffer","data":"ZiUpj4GdAFJS8/JZmchfU2FGvVxqZWIskLISQGgmfQM="}},"+ammoGviPyS0SXZt3D+9SkZSzk2TrYL1iBpegZoRvx0=":{"valueMac":{"type":"Buffer","data":"kM12PICnEqKiwLCKMJ5aa0QgPtM1ufI9+mZibtAy5vE="}},"+bR07MTnHFtVhMgHIUjS7yAjlEd2T0/3rrwmwb0bLFY=":{"valueMac":{"type":"Buffer","data":"0UWPZNQ7Fr+qLFVQK2s/gKInmpDBoiBW9SA6pcbGCF4="}},"+usdTnOiVrwop1kpdfpy5FZC5ps/+oa+tDusgiE2MN0=":{"valueMac":{"type":"Buffer","data":"pwTdRJ6BOb5W9bhN6S7Mqo1/CKgtjIWrpkBa/KUMls0="}},"+4Z8k+b6FWp7+9n+cWwjnaSl8p6M+eKErCpaB69uS84=":{"valueMac":{"type":"Buffer","data":"AuQfCM5nJKBgjU7KMycfh4TP5ZHa2QOxaK4qRi2At1k="}},"+8PsZTNC7/T1sTJ5Y3jW2x0zjFoMu6fzEeSizkBWHYA=":{"valueMac":{"type":"Buffer","data":"lhM7lvxDa2ZYk1pwxa6dNfGbu+1LyardmPXDR9rLZCs="}},"/SUMemAfzZ0Qx757nKdwGzqpyNyXyrmzn7UdNTjqH0E=":{"valueMac":{"type":"Buffer","data":"xjs01H++eVtorEXaz30paeAXoND7wrs1D0e42+B8aTM="}},"/i0HHLjPN5ENi93ISxD5JRtWf5a2PF/iNNndB8+K6cQ=":{"valueMac":{"type":"Buffer","data":"GyiPVPhSLYVwvtqxy+H3EIqQ2WiB/VhmKeAcHqH9ixg="}},"/ucu+rLJBAc+9r47rorrEDadyjugmnUF1eUy+FWwZ4g=":{"valueMac":{"type":"Buffer","data":"qnZgimUlc1TQbq+RghEwMPF3Sy4f826duNAbKqhGjAI="}},"ti8k8LcE8LGiwo2wgIdgUpp79HWqWQd50cjTm+llyQs=":{"valueMac":{"type":"Buffer","data":"6jvn/GDQs/pAIxCPge5q+4m7zinWmtc+5WeHmWFeRQw="}},"1z2cs4Mmcr1Ca2BMjb2dbq963TWg2oHi8FajROxwpdE=":{"valueMac":{"type":"Buffer","data":"+cTaVAiqYXHQe78TYnuSwE0L57s7Sa5ycnr3EqRdpGo="}},"4ZXxhN3jNgZNCQNYt4s9ZKsCI5EKjFoB7nzfIUqW0Ys=":{"valueMac":{"type":"Buffer","data":"qEurjTnnwjgHBbWax/4gciU5+AlVrFpfU1xYT1bjQPQ="}}}}