{"version":53,"hash":{"type":"Buffer","data":"zLj6nKPJn+mdVlPWuXeK2WVXwrzvIRGZb1DHgB/xBBuedii8PBGH6G5/12ZqCg3iqbHfHVrqqEzLoy4zeHQbraQQanaTp01xsrYQYfGA5JBdmYuu5zQ1yW6m9V51IMyj0P8hn6zyYiO2b7mRgqa0V7Jez8raCoRMofDr+BYx8nM="},"indexValueMap":{"CYUIcT7a1Am/3Ixep4/kSLd1lDFBldgMioY2Axemelc=":{"valueMac":{"type":"Buffer","data":"FV/SdaT0QVkX/yw/NZ9PzjXudr24hhtDK2QxIXRKSco="}},"DDVvNy8tXf2k98BkNPiKzylS91Gwm/fKTFch/a/youw=":{"valueMac":{"type":"Buffer","data":"JqcjIjgBPRm+FEbBLXCZfKq9tYZxb+A38uvvmnv4QzI="}},"DqZY2R2DpWtW2ZPcnBA7bbUIiVAjRASRN6OWFcuZqcA=":{"valueMac":{"type":"Buffer","data":"M/ELMgn3cn9aHrfFTn4hHtApTuUXR/osKDSmn4/ouq4="}},"ELbxilx1mGbxPa5IwfZ5FzP2BqFAUkSf5TZDCS3ATCk=":{"valueMac":{"type":"Buffer","data":"PoxpOUE6WdBRVJ183/hZ7cAY5WbQE2iXiSm6p7Fj0AI="}},"GMG0IV89Yi2mUxf8BuBiXVMp15BDSDk1WU1zH/MJd2w=":{"valueMac":{"type":"Buffer","data":"geGQFx5cM1sNK3jPM+SrZEPSazFGB7qqcr9tuPLw8Cg="}},"IABPj2+ndasgntpw2hIpfT2RE3cYba4mokxRgB4J3ZM=":{"valueMac":{"type":"Buffer","data":"qizuH/EVomgWJePW/I/GnhjrBzFHE9TOdTQLri7g0Pw="}},"IL9dMqYhJXrPGcTWahmbZHysgFZu+qKm9LpE3zOS20M=":{"valueMac":{"type":"Buffer","data":"Up6V5Wdt1lRDia2MzsCzC8EdN78le8KPOyz9Yl9iBHo="}},"Im3ty6wmJ4YF+zsznXDBEUZvV+B1QRbD9DtWQrdUUzM=":{"valueMac":{"type":"Buffer","data":"FcBFkxVB98ILPiXWQ90O3kB8zFLK4T2JIv5NiyUbbTE="}},"JnMxg0bADhMqW1OttKxIxgkN5Xxc2Oe2U85d3nZLBAQ=":{"valueMac":{"type":"Buffer","data":"JdcuXVuPDlc17a93XEF7cZ54slBQ2nI77+5jo7erNlw="}},"KKT4z9osZiypC3oIt61Qi5HHWrzVMSilJiTWrzBA210=":{"valueMac":{"type":"Buffer","data":"5MTDECt7KrTae+LouFDg/TZbfs4ll7I9xllNLnJ/ik4="}},"KeVc7uNgxpUtTpeEifz1IPsqIOixV6AHs6uv7sXkoAI=":{"valueMac":{"type":"Buffer","data":"TKUkPBXF95oPGwTsdx8netCWS0KrL4NgoRvatLJcM/w="}},"MNelHnWJSyH1l/CKDzbRaPPxstXOoVoyBXj+P9lMsjg=":{"valueMac":{"type":"Buffer","data":"qiOvXYkqWr8pSjNuq8ch94rYOx0mDDlHTSGHHMUqr+c="}},"N1Skqr40xIo6wOEP2hrutz72Cn6ssyQ9wcKKmYhdb2U=":{"valueMac":{"type":"Buffer","data":"KvZWs1mYOAHO1799Rbvd06gtpTY/QNPLzAWUduk4HYU="}},"N7C/aY3W3W6++PvlPvrHP2d9VUPJnZ542kE5oeGcZeY=":{"valueMac":{"type":"Buffer","data":"b/QJAnKz321cKPQMiNzsLMBW13/dQrkqV69PGyhkj6I="}},"OMzPyELiQmC58ZjbAMqZ1CkdroDt5FFyR3RBB2HQSgU=":{"valueMac":{"type":"Buffer","data":"AgXslwLbOh11vwjXRKZetkoEq1jJ1Ul04TVAIc9ryto="}},"QWICG2JO4ipTiK3CugtHMQkJA10RVsl6+cFOk31cUig=":{"valueMac":{"type":"Buffer","data":"uMKvbN2xYmV9vK/yv1NbRdcyUlkNP+1ekK96mA1KdVI="}},"RjZWrzj6meqonnFCcZGmHuGIVzd7nk4xgm8rzWTTjkw=":{"valueMac":{"type":"Buffer","data":"VFTrb77CWu5OZ+N/aJkaaMFX/Mhb7t8TD1mKU+wlZLs="}},"SnlzFnzm46uJsD+SuysHPR3YFOcu6Soleic1HPyqWZ0=":{"valueMac":{"type":"Buffer","data":"1iNdcbvU2ZtIiM+Fo1YdLRk3YRU8PocvYW8fc2B0tnM="}},"Tgcgd1I92x7jSUiCMw80+m67tcjQ6S87ADOaaW9s71s=":{"valueMac":{"type":"Buffer","data":"tJkqZ9bFw7X1qKSHYCMmcFPgQiMwEasT/YNkn3JNcmM="}},"Ti0+X31Gbx+hJcc+1XxLxGMQ7cTAjiUtbWekz9HlyiU=":{"valueMac":{"type":"Buffer","data":"TVoJqCTB5QlqcFkVRw+tT3nwCoj5k+0VHwqW8MLF7ys="}},"TkS6QPyH55o90YThuhWqOM2fT6MYIrVlJQg42c98ypg=":{"valueMac":{"type":"Buffer","data":"wYWZHzGjtJgCXboyVgmtWG7DWQILZ7NulF95frvRos0="}},"X891/qcPm0Lt7+InCDjEfu5CTA1KhJcrt2UKUKIIRRU=":{"valueMac":{"type":"Buffer","data":"qBsc/p7eOQa/a7H/IJnbHlJlWK1RwHLudB6r+Epc4kI="}},"YPc3KD8QBW8BYH+6VZOKpZETpG+0JNrqjSVuJIupuFc=":{"valueMac":{"type":"Buffer","data":"DXX2PH/nNph3GGWkmEBAX9/Zz8loumgpzfQqXS8FHhU="}},"Y/UAf/jOQNZkIv4Fnjs22I0OeN0ticHh2SbeOV2h9Qc=":{"valueMac":{"type":"Buffer","data":"qwXOyGIhSEU3ufK3CLYAQcS22n5rsGJa0G+W0TDJX4c="}},"Zqf3TlxrMeMBh+tIHnSpgN+jZFGqsIaPLTSGAr3QvaA=":{"valueMac":{"type":"Buffer","data":"9XGvoAedfgQ9/539nbmvf74eqxVJ9ow8bwKCHvwK7/g="}},"Zx0HIDWWJ92vHnDHDpj7eA8WQRN2JZ13hi6c4n9QzqA=":{"valueMac":{"type":"Buffer","data":"zdsvCFO84CV/Udz00aWouOUZzNDQqqTcNTnfYPKAcUk="}},"cSwFerHjYB5jOO/ZqnSxqQwYS6PiuKk2oPPjm64Xl2A=":{"valueMac":{"type":"Buffer","data":"bF+WOZ900TXtYsmrMq0o8sfa2oZ0HuJ4drDNQyUo6hw="}},"cz2wOKUTzZIZvQGxr3zx3RdQK+TQtSg/6/tooBF3+DE=":{"valueMac":{"type":"Buffer","data":"K9UynrZ0esU83sDxWxSDY8lWn4c67EG156mX6AAGxcQ="}},"dIsj4eDEo8W00llg0tVWAUIg1cLmDIQhFn+jMSbwRWQ=":{"valueMac":{"type":"Buffer","data":"yGlyfmzvcJqPyVCkMBNYxJ3ur42iBo4V/CY33UvxXNw="}},"dLiM/Rvb62f0Kv4G0aLdVUdCyCDxbhGKSE7h06pFcVw=":{"valueMac":{"type":"Buffer","data":"neawg3ECFEYeH58CYEhg7KDzkXZZk11I8IUoQw4lJg8="}},"hrpJyYuZvhUsMeO32rRKKJC6TaLRQoUJ40js1lNpymk=":{"valueMac":{"type":"Buffer","data":"OUM0hYC9H6xOOEUXBk95dxOsnjDc+0/z9C++Bi8Qh3w="}},"jfVWgNnDLe9LZAbudg5XijL+5mbQezXhUvnT82jDbOs=":{"valueMac":{"type":"Buffer","data":"ZBrRZx+rhuGAgUrUSOydJNIm/zP4HrxGspKl3/Csom4="}},"jrGgt8HaR5NsIeZraZwZ12cI6b1N7RZJCEoUNtHR29U=":{"valueMac":{"type":"Buffer","data":"Wi9rXXMJGqj+rfHcDtyhkaXJdmHi7hxk4PHGFxFQDiA="}},"qjZc6SSzs5HSKZvwvSdcFhuCykSScDLTKvxnP9qOOkI=":{"valueMac":{"type":"Buffer","data":"OY2Fl8CXjMAvRCRe1smGI5yYcdV1KEyYeLI5T/MD7FM="}},"qodzTZ+Y6M7M+kIcFh2VaWlCrOzDrFfJY3zfd1luiCI=":{"valueMac":{"type":"Buffer","data":"ASLTwvlHASuOEWgZZDIvBeUbnEMlW8B94O2uMs82NBs="}},"q6FdUUWT47s+mJYYO/lkRscI9bMvKyD+E4QupgzocoI=":{"valueMac":{"type":"Buffer","data":"YN7zR4otrNSVoMzyknRz/dJ7ENy6VO/RjCX8Tr++pBM="}},"tVXWNLngxihdKaPk46i818CrTJn1xqts+HgMf4sXMSs=":{"valueMac":{"type":"Buffer","data":"CiiFoQK+ynG4zWqPCy9MY7cJ5KX+b0quhchi5FvJ4u4="}},"tXUARCwMN876JBwoArXJcGQhOYbNiItd1qkzF9Bvkbo=":{"valueMac":{"type":"Buffer","data":"POoi734Czifk8YXfPGZvf+Z+PCVz8JbgS/8l3ygLd8M="}},"ts04MqGq3FTrzySO+mQ2I/4IzI4BgCwgiAtr8ikEcRE=":{"valueMac":{"type":"Buffer","data":"14m8GRpC2+kWSL0W3q7obAhAqP52whEsHWe73b+XHXI="}},"upOgGWnTYUanQx7MYeeno1j6emsGPNpTiCpqiHMy8IQ=":{"valueMac":{"type":"Buffer","data":"6KojwGvy04HytiC4zLpEo4aZnKI4uzFHYK3xzcsjZnU="}},"vSmz3HJIYk7T0rmIJKWZCcYsqxABsVkrMPOVdbSmuMU=":{"valueMac":{"type":"Buffer","data":"qqWs4Wt046/CegSb1CtTc+7sInx7Kat+7tzM56ItI9E="}},"v/1sLgorXb2dMFWK3i5jW4PRvgqWd9+B1EHaLVydGXY=":{"valueMac":{"type":"Buffer","data":"STClTFksUr0fAxZoDkuLtrIM1w32KN3KxXAXZBbwJwA="}},"wHMjh+Co0RdA4gOh1fDOivKhAPmfTzJzLuW/x3f/XGg=":{"valueMac":{"type":"Buffer","data":"03bd2VEQ2Autp/NtWRoBktMjL+0fyeaOIMGYTv3Y+Ko="}},"xJm2UMqRnINjmgPwKYcjQMFl4QmSx22WBK+NdhY+C9U=":{"valueMac":{"type":"Buffer","data":"3AmwrMF8WBcXYmz24mrg0l0cvYE6VQNPHKT8QrqhCX8="}},"z+c0za4i3bcAVv8b858p85iBxamW4CmGZgm147w0Nvk=":{"valueMac":{"type":"Buffer","data":"YEu1Im3Cl7jTlrryCFXH1V94P797y2FRiZxEKAanGCE="}},"5iQktnnLUgQCH+33T2EVaDQmVzwt21t/B3BWNdk0elA=":{"valueMac":{"type":"Buffer","data":"O56nlE5S64eTdyXpR/rluSkejf7xo+hgY5MWnJ07g2g="}},"54ecNibF9+M+4MD1WOkeKyFRwl1Jlmn2mZtwin0OlkM=":{"valueMac":{"type":"Buffer","data":"kgOv2Z71cLP8uCfdMolRmNRowoaYOSgGrIab8ZSQu+Y="}},"7lAX/NH1UGxmFXZ36RHvVkAbqUHkUkcTYRk0bC0gW64=":{"valueMac":{"type":"Buffer","data":"OMYTSNHduJvDo1DBzLx7d1EpfyoLvZ+4yx/wXkK+zwA="}},"+eA26Wn9vO1yA5aTckaCfBfjMwP5a4HISiL5UjNDjcA=":{"valueMac":{"type":"Buffer","data":"rD8wPzK8TiOan7sQr6Keu2kkjMiW6tcNgFgNbpPhhbU="}}}}