{"noiseKey":{"private":{"type":"Buffer","data":"wLaq4VrKzQhdWB+M4pqVfc25WeCv/czuSonTfsPZ4k0="},"public":{"type":"Buffer","data":"OSkQIOEQbOCjpJGAzeXTFR5I1gDJSqtGZRHp997B+z0="}},"pairingEphemeralKeyPair":{"private":{"type":"Buffer","data":"2Hm1lAEyKk3EfKBntJLddQsesdMoN0p8SzqP+Sy9onM="},"public":{"type":"Buffer","data":"p2Hw0UUu3HLj+tQ2+K0Yl7yJEqK3nLNOE+NUwrF4A14="}},"signedIdentityKey":{"private":{"type":"Buffer","data":"6Jz6Cbceex6lrtVSGUewq1YIQ6ECH+vpukvSEa133UM="},"public":{"type":"Buffer","data":"X+L5Rp39/a97OmCMvgQwVp7UTHDk70xDb3QcGB5AsTk="}},"signedPreKey":{"keyPair":{"private":{"type":"Buffer","data":"MILOM36pIYmW/Se6E0Yw15yHI5fluhLWrheeXd42YWU="},"public":{"type":"Buffer","data":"/D9Xe5sYHtQjgLWZzOxy7gdyV/3usrwYhFzccHlj22w="}},"signature":{"type":"Buffer","data":"IS0bNouOGFhkiLw5WxtiaLOF/lv4ZNKe+w6dDDYrKyrgATGfnYWog7Ug3uYNmiBJJA7VIvbKA80ZSNYK/M3yiw=="},"keyId":1},"registrationId":204,"advSecretKey":"vom8/0Bg+tGdgRg68SxllYu0yZXHHG1uYl5u2lgZRb8=","processedHistoryMessages":[{"key":{"remoteJid":"559484430496@s.whatsapp.net","fromMe":true,"id":"4206A9A59C9270BBE7F689EE440F5B53"},"messageTimestamp":1749048416},{"key":{"remoteJid":"559484430496@s.whatsapp.net","fromMe":true,"id":"09688A1209A04E65F97B12D47FB87E59"},"messageTimestamp":1749048418},{"key":{"remoteJid":"559484430496@s.whatsapp.net","fromMe":true,"id":"859E1643586027FE64EA477DE0414F54"},"messageTimestamp":1749048429},{"key":{"remoteJid":"559484430496@s.whatsapp.net","fromMe":true,"id":"B16EFF94860E12C78495230076F0B6A6"},"messageTimestamp":1749048438},{"key":{"remoteJid":"559484430496@s.whatsapp.net","fromMe":true,"id":"259B9AC9CD99B69085389ECE056F4628"},"messageTimestamp":1749048446},{"key":{"remoteJid":"559484430496@s.whatsapp.net","fromMe":true,"id":"33277E70BB0574721C24154419C00269"},"messageTimestamp":1749048454},{"key":{"remoteJid":"559484430496@s.whatsapp.net","fromMe":true,"id":"681F8B6B83E3BDCFBC29952978430428"},"messageTimestamp":1749048462},{"key":{"remoteJid":"559484430496@s.whatsapp.net","fromMe":true,"id":"9416A0FA2645EA02CC854486864784E2"},"messageTimestamp":1749048471}],"nextPreKeyId":157,"firstUnuploadedPreKeyId":157,"accountSyncCounter":1,"accountSettings":{"unarchiveChats":false},"deviceId":"OvnVGrk0RTaShb7_7ExTnQ","phoneId":"3147fba4-786e-4c22-90c8-703d76033695","identityId":{"type":"Buffer","data":"r7HPCrApvh1LDcusD9p/bxSoYXQ="},"registered":true,"backupToken":{"type":"Buffer","data":"WmuscOkMWahkDzkWA7eo8goFEuA="},"registration":{},"pairingCode":"P485MALK","me":{"id":"559484430496:24@s.whatsapp.net","name":"YAKASHI BOT"},"account":{"details":"CPb8iJkHENi4gcIGGBEgACgA","accountSignatureKey":"EX0l4rrosyKsb2v0NrWkeByK3IJlEd7B89ijW+jRQ0w=","accountSignature":"TacVq+GwC+EHXwAQmFxa1sJp2jkbGbjqWDyB4K75wxKyW9mgZIcxHtKYr4AzXRySttDcSry9yDnhXD6XU0PrAw==","deviceSignature":"uzx3w+arInS5lvkOY+L6b+p2XrJCWPUwrnUxEhOKNBUyjc2S5Iq576/cwq0B3fRRdx9n9Uu7KOpgLOhgGCDXhA=="},"signalIdentities":[{"identifier":{"name":"559484430496:24@s.whatsapp.net","deviceId":0},"identifierKey":{"type":"Buffer","data":"BRF9JeK66LMirG9r9Da1pHgcityCZRHewfPYo1vo0UNM"}}],"platform":"android","lastAccountSyncTimestamp":1749055816,"myAppStateKeyId":"AAAAABbu"}