[{"senderKeyId":2035433567,"senderChainKey":{"iteration":41,"seed":"VeXFaclH3ay1s8L22mWz3Ol+XyQMggW5xPrZT9Rxug0="},"senderSigningKey":{"public":"BT1StClH5lVumRYGjZWUc0xaYTSP8Ne96ATT/WtCo0lr"},"senderMessageKeys":[]},{"senderKeyId":2035433567,"senderChainKey":{"iteration":8,"seed":"tGBNQ0D6d3S3TA7er7t06jqX9v6ytRCsmUHpZkiyRy0="},"senderSigningKey":{"public":"BT1StClH5lVumRYGjZWUc0xaYTSP8Ne96ATT/WtCo0lr"},"senderMessageKeys":[]},{"senderKeyId":2035433567,"senderChainKey":{"iteration":40,"seed":"LGh/lh3SvrbtRb+ZZTMwtm9CJbUHV07cAN+b/AUyho0="},"senderSigningKey":{"public":"BT1StClH5lVumRYGjZWUc0xaYTSP8Ne96ATT/WtCo0lr"},"senderMessageKeys":[]},{"senderKeyId":1507072126,"senderChainKey":{"iteration":117,"seed":"E2eb1G90fiUb6iBEnS1VvOYf9m4etbJQYKqrm/L+cus="},"senderSigningKey":{"public":"BY7CJ09aHt0jGN/gPYOnCvCb//tjOGdix+GrtS+7amJt"},"senderMessageKeys":[{},{},{},{},{},{},{},{},{},{},{},{},{},{},{},{},{},{},{},{},{},{},{},{},{},{},{},{},{},{},{},{},{},{},{},{},{},{},{},{},{},{},{},{},{},{},{},{},{},{},{},{},{},{},{},{},{},{},{},{},{}]},{"senderKeyId":1507072126,"senderChainKey":{"iteration":103,"seed":"U3dnME8CKYPlVtKZ67BGQphBB0A6EX6jGxjjMQDNLcQ="},"senderSigningKey":{"public":"BY7CJ09aHt0jGN/gPYOnCvCb//tjOGdix+GrtS+7amJt"}}]