[{"senderKeyId":1512525613,"senderChainKey":{"iteration":1363,"seed":"7nEd/3LCWYnHAyGihJT3WgYVUUJfrQEj51CJqeSBPgA="},"senderSigningKey":{"public":"BZfXiMvCRlYyIQYXB+FhZVIdIKGfKn5PTmP12+75XkQ0"},"senderMessageKeys":[{"iteration":1341,"seed":"n7LB0nYmt+EXaS4ejo3EOJsbJ24tL+ldUEdn5WaVXM8="},{"iteration":1342,"seed":"Sb57kpbc1/NE1giKtpj85w8RTV7UXXUoxcMjZtlJCGU="},{"iteration":1343,"seed":"2wHmQ5XoNnAZIHKeIk7FK8rHlybzJvlTsT+BErN4tY0="},{"iteration":1344,"seed":"SzepI36ectph8zbR6Q7H2D+q5gh6IS3fDQEgevrIiko="},{"iteration":1345,"seed":"jnm4fUIBjQv+l8+3WDLIRmC4oVmw+vkfhfBjPQ6q9Vs="},{"iteration":1346,"seed":"z6jYbOGyEhzqAHPopxVHrW5hlQ5Vh5lyuohiBZhhFzY="},{"iteration":1347,"seed":"8437d1Nxu0tWT+YCdleg6y3zYr+j9rN6G63htjsT5Lc="},{"iteration":1348,"seed":"aS5VJmzlDBqkH91QgtwF+YfatdQGRj0BJYciqBahVUU="},{"iteration":1349,"seed":"q6h6elUkI9l1+22DxJM68LNF8Xpi5ElKj61JDri6c7g="},{"iteration":1350,"seed":"U43qC3uJ6o93ENFwOjaAC+JgjxYoItpk/Fd4Wtuq5vo="},{"iteration":1351,"seed":"sUQjo0VUTQB6dtPekyNzWvjdnCmdtikfDd/ne6A5ssg="},{"iteration":1352,"seed":"1gQzj39KbtsLFFCoOLnoWZhI++p2gZtUxQY6KJ9uIlw="},{"iteration":1353,"seed":"YvyMM+2hA09rn7FV0lvctK9VEIUXwUBOurzw0wYFX70="},{"iteration":1354,"seed":"Ayd8oCv7AtauVZ/+L8da84uDCdhXNxb2kKtEuv7l+tE="},{"iteration":1355,"seed":"AswPjL9XFw3S8WQs8C9IFqrTWzziZjjfJH4V+YcNB0w="},{"iteration":1356,"seed":"Z/Yj1qbGJ5ydZmI2JD91c3s8lGedENi7hA1C6TE7KH0="},{"iteration":1357,"seed":"/LGXB1lXYmHtG8aY9T1WZUd2Ti7PD4MNRy3MNPvySZI="},{"iteration":1358,"seed":"E0+JJfOU3EYWuE0lVUEQTTPbjJxq1powJv+gPh/UE/o="},{"iteration":1359,"seed":"AHU6GU5pdbMDcHIUz+m89yAKOXAaIJLFq/ZO0zs/iVo="},{"iteration":1361,"seed":"nfi3gHkIftbG7j7R3A8+NWPEljnaa8q4J2E0Mm/b9y8="}]},{"senderKeyId":1512525613,"senderChainKey":{"iteration":1343,"seed":"LPeGD4Y/Yu3UWSIYYuZe3jxdKaPEUlIrwpULFcaDbQU="},"senderSigningKey":{"public":"BZfXiMvCRlYyIQYXB+FhZVIdIKGfKn5PTmP12+75XkQ0"}},{"senderKeyId":1512525613,"senderChainKey":{"iteration":1345,"seed":"iVBSVFqsjy58qRI1kP6FZpoSk4X0Ky2Lb/w9M6Q+aj8="},"senderSigningKey":{"public":"BZfXiMvCRlYyIQYXB+FhZVIdIKGfKn5PTmP12+75XkQ0"}},{"senderKeyId":1512525613,"senderChainKey":{"iteration":1357,"seed":"kjFznJDnBv8kcjLYgavB13u5RkFu7cu34DlvkSG6+1c="},"senderSigningKey":{"public":"BZfXiMvCRlYyIQYXB+FhZVIdIKGfKn5PTmP12+75XkQ0"}},{"senderKeyId":1512525613,"senderChainKey":{"iteration":1359,"seed":"VhRedZPInUvdvRR0pMbw9iBaqXy3Xb877DIJaFdejBA="},"senderSigningKey":{"public":"BZfXiMvCRlYyIQYXB+FhZVIdIKGfKn5PTmP12+75XkQ0"}}]