[{"senderKeyId":1868003805,"senderChainKey":{"iteration":31,"seed":"R3KA+GfQ6Yjq3pXFHDMvlAmFf9k13BF5eZxzvwxSAnk="},"senderSigningKey":{"public":"BVBF0w3Jaa4IH7T2bhI8OxNL9yPyarTrowgkj+bv9uZB","private":"WA2IBA8lKqaz1Tl11nzau0/B3ybi37vMktpTIdLCHHc="},"senderMessageKeys":[{"iteration":1,"seed":"4N5gcS2BY1hztJs24+xlpSxc9SPU/C/IeiKHvIf2O9Q="},{"iteration":3,"seed":"P6r+v3bN8sVx4e6DrFV3GaTM2KccImwQQeaZj4ndI/Y="},{"iteration":5,"seed":"C5CSzDYdFiK/NAO6Hk+QkXlc8+VKUCxk0pj1vaJibrk="},{"iteration":7,"seed":"StR2VZqyiv11O1L5wogKLlcAasUZwGf5ENCyKFVbqek="},{},{},{},{},{},{},{},{},{},{},{}]}]