[{"senderKeyId":828080146,"senderChainKey":{"iteration":1,"seed":"23wqQK5RYVsBu8osOsKbPssHHNsFvg0s5r2tfZLM/74="},"senderSigningKey":{"public":"BdgdH0e2RszVUbz10sYnr8z4LtaYQkkeXDz5QtX0vzdv"},"senderMessageKeys":[]},{"senderKeyId":1679763947,"senderChainKey":{"iteration":1,"seed":"THM+GW1xG/O4CxPznzU7fa/WcGakvjBP7390DK+YORk="},"senderSigningKey":{"public":"BWZAGGwhzU2xhVww2zUf4n2o5rBACMF7jVbAJQR87icG"},"senderMessageKeys":[]},{"senderKeyId":1458457785,"senderChainKey":{"iteration":1,"seed":"lmp9o/5yx2UuKp3Um6La1j3J0cs/6gqtkj7Ck5YX/rY="},"senderSigningKey":{"public":"Bce4TwIBaSNNEuXgxzGzhpCvaHAsmrGeJO6m4mkgXvpz"},"senderMessageKeys":[]},{"senderKeyId":1061266427,"senderChainKey":{"iteration":1,"seed":"AEYUawL92UQHiXk544xSxPJiKltTOm9MZ3hi7NgvrzQ="},"senderSigningKey":{"public":"BZpMNghe0g6lu49UIrTpsh9l6NoOTuttS5leuf5YR4d1"}}]