[{"senderKeyId":921581689,"senderChainKey":{"iteration":221,"seed":"Zg1/sn0Oiw4QJlGFf96vmb7VFgfqDC1P4m7u2jVI3NU="},"senderSigningKey":{"public":"BcwgHPPRyGckHoxHoWBJZJ/3xqSuR9ztS4r0Aw7cvnBE"},"senderMessageKeys":[{"iteration":115,"seed":"y/NdPN0N5TZXxnG7ZdWE0P1NWv1DajJxSfYcSptuVL4="},{"iteration":117,"seed":"cqG/xckGwtpZlmghCB+3WuKL+93GTfTgrGXJZ+Hd+q8="},{"iteration":119,"seed":"bHd5rkq/ERBMzaQIK+ObBxkbsrTq6loptOkdXP8iqzc="},{"iteration":121,"seed":"L78ZGKoWzcV05w6T86swXE3FMOPWM062lSn3QXxP7Fw="},{"iteration":123,"seed":"nN31PFDk6xjxtJ4uhOEmoXv8wUlj/6wOoBF6+u8MWb8="},{"iteration":125,"seed":"cyWtI436Sk5zClQTBR7P3UxjAmyvOeMMIYYG6JWVX98="},{"iteration":127,"seed":"4ia+9AmiBw8aMwMoHks8YOPKPa4Ef2sHLtG5Aqsl3pg="},{"iteration":129,"seed":"ohpXzON7XzimB58ikfJO1DhmYY8DGilgnTFsBlkw6m0="},{},{},{},{},{},{},{},{},{},{},{},{},{},{},{},{},{},{},{},{},{},{},{},{},{},{},{},{},{},{},{},{},{},{},{},{},{},{},{},{},{},{},{},{},{},{},{},{},{},{},{},{},{},{},{},{},{},{},{},{},{},{},{},{},{},{},{},{},{},{},{}]},{"senderKeyId":921581689,"senderChainKey":{"iteration":117,"seed":"PKe4aIhxOCy+gOwaPySXYd7wj/cxZQXRGJmGoCGqj+U="},"senderSigningKey":{"public":"BcwgHPPRyGckHoxHoWBJZJ/3xqSuR9ztS4r0Aw7cvnBE"},"senderMessageKeys":[]},{"senderKeyId":921581689,"senderChainKey":{"iteration":219,"seed":"YYAShVgu5jlGhHc5wRmW8OX5qN32k5I8sdckOdKKrUI="},"senderSigningKey":{"public":"BcwgHPPRyGckHoxHoWBJZJ/3xqSuR9ztS4r0Aw7cvnBE"}}]