[{"senderKeyId":1838102299,"senderChainKey":{"iteration":2,"seed":"6WiQ+oyegVwRHorF1sH0wpaUA6mlGpa6L+Yn/uKUDIc="},"senderSigningKey":{"public":"BcHwjsrvHLG8qVlrU8syjQ/ONFOLNHeqXQhP0HqE+1hW"},"senderMessageKeys":[]},{"senderKeyId":964326129,"senderChainKey":{"iteration":3,"seed":"Y0ya19WQ/FhB5nXlTrtxmr+mq1sHTuAiE9uSsw/0kf0="},"senderSigningKey":{"public":"BSH9rj4QfszkWZlBqh9ufBYIXWDMyZoepUdkR1qL9hku"},"senderMessageKeys":[]},{"senderKeyId":2110294779,"senderChainKey":{"iteration":2,"seed":"cIqA0oMoCgbckDXnP1e+Va+jrtZkweNq7jk0ykO+ZFQ="},"senderSigningKey":{"public":"Berndg0QIW9qQiiUYjfCVq9IR/rWdSUZl+xcz/eLrxJt"},"senderMessageKeys":[]},{"senderKeyId":1211033256,"senderChainKey":{"iteration":13,"seed":"X4bhk2Igs5pTwGytEb9aUMibjP7i2n/mQoU1W+3Qc0s="},"senderSigningKey":{"public":"BVoLZ91JYxrvjwvczNN1J6LChb/r0X3SHKOq6pS4q3RW"}}]