[{"senderKeyId":1294367919,"senderChainKey":{"iteration":269,"seed":"Qf7gBs0Xut4DrcMcUwskHeDQbiTcs0VnsthVcoG+Q84="},"senderSigningKey":{"public":"BYO8GGNkIp3hszJ7SuGwEyyF8sD+YmoERISxTdMViYU4"},"senderMessageKeys":[{"iteration":131,"seed":"hpyHbnNOFuJJKgAW/Z2zM0BrghPUM4WmZ+mOaAtXSh0="},{"iteration":133,"seed":"IM796m6VN1cL1Ty2sJz87+J0WUQexwfB+V8wvG0gpRc="},{"iteration":135,"seed":"zMThUP/CsjMz4hMliMXt0Gkf+HRKiL3JQEuffz+//kY="},{"iteration":137,"seed":"HPul0lawlvfcEDYUvXyUAOveSBMF1VDt/AGKeweA2cg="},{"iteration":139,"seed":"oBrOZwjDFw8s+YMeb5RaGg4jJWbcflJjzGRWWL5Tea8="},{"iteration":141,"seed":"cKxtaB49wt7ne6NcY8sg/cKtIEtFLWXyGdJGd0qc46Q="},{"iteration":143,"seed":"X1sSE83TurToL+z1p11kEBGZYzwr3STCbVmvoQQhJC4="},{"iteration":145,"seed":"JkZ0uiWDjaRivU1+3HVNrv3pjIcXO8pg9UA/A6TyNVE="},{"iteration":147,"seed":"Kmbb9+uKutpDdnmw5Wvym+nmESMjlfbC37pJ/2MUyWE="},{"iteration":149,"seed":"F2gLWZdu42Cn4yCeH2opyzRLK1qBkitDBUYY9rzzyVE="},{"iteration":151,"seed":"8dSy+X8UfzTiUkMn2EgbpCYjwcDJdrowJQ95I4c4BFk="},{"iteration":153,"seed":"H0jWcRdeQqqZMyIR0QixL3xK8kKz+K4xSlVuKGjoP6s="},{"iteration":155,"seed":"KhA0RRfI7panHuritC/tkGu9hn5ot8ggeJN98vE9m+k="},{"iteration":157,"seed":"V1Lcvet0tlKLYH9+WIAgTXlgLHCTvaXOepnLjdlDrso="},{"iteration":159,"seed":"enpzFKBx88/b+Ur2TS3l1/IrdRk6lY7xsHRCxfsJy/c="},{"iteration":161,"seed":"KzjHzwCcAxdIygjSE5DjjC7V1Z7D8QDIvO1JWblXnHo="},{"iteration":163,"seed":"KoozuiFmD7/wWEUOL7b6m5gesW+M4bu3f+RB4rxBUDY="},{},{},{},{},{},{},{},{},{},{},{},{},{},{},{},{},{},{},{},{},{},{},{},{},{},{},{},{},{},{},{},{},{},{},{},{},{},{},{},{},{},{},{},{},{},{},{},{},{},{},{},{},{},{},{},{},{},{},{},{},{},{},{},{},{}]},{"senderKeyId":1294367919,"senderChainKey":{"iteration":189,"seed":"+GQ4KKX9AC31RYXD4Ol8wpql7B1/76wkVzNnNX2EKIU="},"senderSigningKey":{"public":"BYO8GGNkIp3hszJ7SuGwEyyF8sD+YmoERISxTdMViYU4"},"senderMessageKeys":[]}]