[{"senderKeyId":680271797,"senderChainKey":{"iteration":16,"seed":"twXBTHsdlTLg6mnBYv9euChvoYa/Bw34Hq1ZVFO0qNM="},"senderSigningKey":{"public":"BbRFIPR3HS1gHJ1M53Si8lHJ1pn+CYv5v+V7HxfpJCEH"},"senderMessageKeys":[]},{"senderKeyId":2027291778,"senderChainKey":{"iteration":9,"seed":"GAs96f3kXALhLUdRjbqLXzWEXN/y8yVqmFE9wpX0aoo="},"senderSigningKey":{"public":"BYhwW/YXyS0n5Rvm5xipbghaplYi5Tbf69m7mWxM/vIX"},"senderMessageKeys":[]},{"senderKeyId":952417256,"senderChainKey":{"iteration":2,"seed":"ZFSgEfEo95ghsSBRuIktY9eUVA2SvZ+Iufu2X+gpzqA="},"senderSigningKey":{"public":"BSuTfN4Z4GpOgaPDq2b0IA2yXzKGY+36HAXS+aJeXHIX"},"senderMessageKeys":[]},{"senderKeyId":2110029459,"senderChainKey":{"iteration":107,"seed":"36k8G4zgrkl57n3J3ouBizUxTPVvkb5Gj/DY2nmCv/o="},"senderSigningKey":{"public":"BbwFcwlPV84iSbpBW43VNGGWcDzDbIsgQuoXdczbg6wb"},"senderMessageKeys":[{},{},{},{},{},{},{},{},{},{},{},{},{},{},{},{},{},{},{},{},{},{},{},{},{},{},{},{},{},{},{},{},{},{},{},{},{},{},{},{},{},{},{},{},{},{},{},{},{},{}]},{"senderKeyId":2110029459,"senderChainKey":{"iteration":93,"seed":"uHUnKZODA6cUYu+00Vcvrk0/GKEmdT+df20zserLVeQ="},"senderSigningKey":{"public":"BbwFcwlPV84iSbpBW43VNGGWcDzDbIsgQuoXdczbg6wb"}}]