[{"senderKeyId":1745356395,"senderChainKey":{"iteration":2651,"seed":"OpJpBn7Y+iQEdbCwk4lArN6oMyACF/mZfvoHWb60Oag="},"senderSigningKey":{"public":"BR9uaLGEepQOJ1TxwX43uyNpSEUqRAj6Y0ZT/oNNWLda"},"senderMessageKeys":[{},{},{},{},{},{},{},{},{},{},{},{},{},{},{},{},{},{},{},{},{},{},{},{},{},{},{},{},{},{},{},{},{},{},{},{},{},{},{},{},{},{},{},{},{},{},{},{},{},{},{},{},{},{},{},{},{},{},{},{},{},{},{},{},{},{},{},{},{},{},{},{},{},{},{},{},{},{},{},{},{},{},{},{},{},{},{},{},{},{},{},{},{},{},{},{},{},{},{},{},{},{},{},{},{},{},{},{},{},{},{},{},{},{},{},{},{},{},{},{},{},{},{},{},{},{},{},{},{},{},{},{},{},{},{},{},{},{},{},{},{},{},{},{},{},{},{},{},{},{},{},{},{},{},{},{}]},{"senderKeyId":1745356395,"senderChainKey":{"iteration":2495,"seed":"T2D2s8QJr68E1/gvmpt1NsQiO+wQ3myC0n88DjPY1kM="},"senderSigningKey":{"public":"BR9uaLGEepQOJ1TxwX43uyNpSEUqRAj6Y0ZT/oNNWLda"},"senderMessageKeys":[]},{"senderKeyId":1745356395,"senderChainKey":{"iteration":2497,"seed":"IFtqqCs0rc3WLwzC77TOoiIV4OurkCDenAiccbrSyI0="},"senderSigningKey":{"public":"BR9uaLGEepQOJ1TxwX43uyNpSEUqRAj6Y0ZT/oNNWLda"},"senderMessageKeys":[]},{"senderKeyId":1745356395,"senderChainKey":{"iteration":2549,"seed":"obnsz4SjsLgtY4wwe07H/pJZ0mQ8DrMH38/cFIc5BkM="},"senderSigningKey":{"public":"BR9uaLGEepQOJ1TxwX43uyNpSEUqRAj6Y0ZT/oNNWLda"}},{"senderKeyId":1745356395,"senderChainKey":{"iteration":2643,"seed":"JxJSByBBuRntg/N2iI1ykzXauNjgbuZ4tRs8tDUdkZA="},"senderSigningKey":{"public":"BR9uaLGEepQOJ1TxwX43uyNpSEUqRAj6Y0ZT/oNNWLda"}}]