[{"senderKeyId":1548302355,"senderChainKey":{"iteration":4,"seed":"dnSKAjQTgS7ANkZJBs94BDGIqaGWPnH2lyyTUs42DFI="},"senderSigningKey":{"public":"BXLIdcEBCKFfmSTBmxzAGpOWVkDCU258DsP5J7U70GdC"},"senderMessageKeys":[]},{"senderKeyId":1548302355,"senderChainKey":{"iteration":52,"seed":"mFGnhkXfAI5wn/fjntCaqv0a075Ck7pf09xw20ke+2I="},"senderSigningKey":{"public":"BXLIdcEBCKFfmSTBmxzAGpOWVkDCU258DsP5J7U70GdC"},"senderMessageKeys":[]},{"senderKeyId":626899123,"senderChainKey":{"iteration":1,"seed":"KXjQX2GSrdIDj/UltxmfZCShMxPzP5X76PRpXRkeS3g="},"senderSigningKey":{"public":"BWwbuAFstuJrHaP+AmbyWY8crmbHrzbvnwRH9TQDlHxN"},"senderMessageKeys":[]},{"senderKeyId":1405433358,"senderChainKey":{"iteration":138,"seed":"BBgLz4KhppD+MTtyh23kZqDt0+4Svr+m9xvFAKQ20l4="},"senderSigningKey":{"public":"BYXRmJd6Li1CJZFCcXueZb4q7NFs7FTU7/VLYZdEJOEr"},"senderMessageKeys":[{},{},{},{},{},{},{},{},{},{},{},{},{},{},{},{},{},{},{},{},{},{},{},{},{},{},{},{},{},{},{},{},{},{},{},{},{},{},{},{},{},{},{},{},{},{},{},{},{},{},{},{},{},{},{},{},{},{},{},{},{},{},{},{},{},{},{},{},{},{},{},{},{},{},{},{},{},{},{},{},{},{},{},{},{},{}]},{"senderKeyId":1405433358,"senderChainKey":{"iteration":136,"seed":"lNHbPjgDbvGs4YEKH+IYm/e+VfMgh1w7xq+xtFbi2aI="},"senderSigningKey":{"public":"BYXRmJd6Li1CJZFCcXueZb4q7NFs7FTU7/VLYZdEJOEr"}}]