[{"senderKeyId":794697831,"senderChainKey":{"iteration":153,"seed":"Ph42WJhQuC3qPdDpvpoFlXPU7CXZE8rPgjFhyIa/NY4="},"senderSigningKey":{"public":"BZjrjudi+iXJxpT4tQ2l/A52eWnQn7/xVyVlbZjpVase"},"senderMessageKeys":[{"iteration":145,"seed":"nGfNzty3TOyQtdxUMSpB5cwZkKCeWvm2zOAZM5aJuXY="},{"iteration":147,"seed":"8XLEp9mH0m5pmUBrEGfT/fdqknSgxpLDZchS5e4X604="},{"iteration":149,"seed":"Dy8MoYEzgvJ2dySF3EfSD0owUogRsp8pzpAM3wydxAc="},{"iteration":151,"seed":"ekNtqs5rtSVucAQGCtpza36ytIkmTXy38bKyzUsyfos="}]}]