[{"senderKeyId":1288740828,"senderChainKey":{"iteration":29,"seed":"ZSkfDXmFsNdFGGn5cjoT/JkFxbiVDXmqhwaaFdBW030="},"senderSigningKey":{"public":"BQalJmXvNoa4Kc5JSkb6WNXxoQvn92AOssHHTdMT+79a"},"senderMessageKeys":[{"iteration":21,"seed":"DtZ9GQ61ymrf7fwfFV91zWHxs7LnR/LE+hNM6gH61Ys="},{"iteration":23,"seed":"Yc8H3BQinmi49uYq606upSANXbO9MGfsoYcnicLlHtg="},{"iteration":25,"seed":"TL/GgV/+YRRWPedcGogtu4Fn7zZggfg3fLSr3sBqpKk="},{"iteration":27,"seed":"m9tPnUD4Jb40TJTuZ5hPM2HdSo7cQasDMYPA7/MX4fA="}]},{"senderKeyId":1288740828,"senderChainKey":{"iteration":25,"seed":"XzzU1l6gToEC/SKV/MezJNekVkD4IN0nA+sUP0N2PtY="},"senderSigningKey":{"public":"BQalJmXvNoa4Kc5JSkb6WNXxoQvn92AOssHHTdMT+79a"}}]