[{"senderKeyId":1708281380,"senderChainKey":{"iteration":34,"seed":"GX+DAoduNW7yfJ9gTNcaosaUlj0vZPVv3s/gyfl65Mw="},"senderSigningKey":{"public":"BUghpJ2SdY5jW/PjzBZRt3La/Mv6ya6anosNXKy8gV5+"},"senderMessageKeys":[]},{"senderKeyId":227314056,"senderChainKey":{"iteration":5,"seed":"2/6x9E5r/uR3rSW0EjXGX1pyM3CXnL91OGTZmTOYoR8="},"senderSigningKey":{"public":"BTP1YYBP5UcqvWqCwfSJHb/w4d4zf5fRDcRLQWt7fv9I"},"senderMessageKeys":[]},{"senderKeyId":227314056,"senderChainKey":{"iteration":2,"seed":"yeBjbY0jvf8kWbBK+lcPb0QBkhol8q9IC82PF5Z/2Gk="},"senderSigningKey":{"public":"BTP1YYBP5UcqvWqCwfSJHb/w4d4zf5fRDcRLQWt7fv9I"},"senderMessageKeys":[]}]