[{"senderKeyId":181750753,"senderChainKey":{"iteration":14,"seed":"b5pNovU962GC0h3/TQOvldEHbwJbUwtcMq+4oqnSGdY="},"senderSigningKey":{"public":"BXuIkDeRwGxQF0Yiv26+q/GR0x0Nxb/m7FzhVy/u3gNQ"},"senderMessageKeys":[]},{"senderKeyId":181750753,"senderChainKey":{"iteration":12,"seed":"ZYWCPFfoyLPc3zOyFZizg6e8VnRo6941ZWOjYySI4kU="},"senderSigningKey":{"public":"BXuIkDeRwGxQF0Yiv26+q/GR0x0Nxb/m7FzhVy/u3gNQ"},"senderMessageKeys":[]},{"senderKeyId":181750753,"senderChainKey":{"iteration":12,"seed":"ZYWCPFfoyLPc3zOyFZizg6e8VnRo6941ZWOjYySI4kU="},"senderSigningKey":{"public":"BXuIkDeRwGxQF0Yiv26+q/GR0x0Nxb/m7FzhVy/u3gNQ"}}]