[{"senderKeyId":314309667,"senderChainKey":{"iteration":23,"seed":"Tr64DU3/qyFh8cL0Vv8TmRUcwh43J8HuG2qpeN4wrgw="},"senderSigningKey":{"public":"BU5D4nTxbUweohro/8TssNwBTtjrlJWISgl6Kg646ahG"},"senderMessageKeys":[]},{"senderKeyId":314309667,"senderChainKey":{"iteration":6,"seed":"b92bt9K3qFHyyS2ZtlB+nkJcthCAPUo88Raz3SSahiE="},"senderSigningKey":{"public":"BU5D4nTxbUweohro/8TssNwBTtjrlJWISgl6Kg646ahG"},"senderMessageKeys":[]},{"senderKeyId":314309667,"senderChainKey":{"iteration":18,"seed":"4JWujHHARI3DTusppCXheaBIHKvr4nyIkGGsHKy9eiU="},"senderSigningKey":{"public":"BU5D4nTxbUweohro/8TssNwBTtjrlJWISgl6Kg646ahG"},"senderMessageKeys":[]},{"senderKeyId":1651198730,"senderChainKey":{"iteration":2,"seed":"xVPL6tMPlB9xQuhbyFjCglnPqE3Nk+gFaFqDENL/KLY="},"senderSigningKey":{"public":"BU7l8koeyD9nsCSEzLlNm7LCpWdGXD+6aGzbycMr5ZIY"}}]