[{"senderKeyId":1763149102,"senderChainKey":{"iteration":5,"seed":"qxScOmhr6MsnHHR4QbnEpc85Iw/fQ+vt9WWcxP+s640="},"senderSigningKey":{"public":"BTqmu82hE5KTwqIEVoMH0JOO3xdV5ASXaecKDGjSGnhC"},"senderMessageKeys":[{"iteration":1,"seed":"cyeZlxj8cXszj8bTob2ypC8cijxqp7+XfQNW+t+NI3M="},{"iteration":3,"seed":"nCQVtK3sSUrzZa6Lk1j9fMkZJqMaTB0y2qOotY8n8HQ="}]},{"senderKeyId":1763149102,"senderChainKey":{"iteration":3,"seed":"6yf7tpwr+3V5nnwXcbGApBAeTXsdqvl8CtqFHAOtQok="},"senderSigningKey":{"public":"BTqmu82hE5KTwqIEVoMH0JOO3xdV5ASXaecKDGjSGnhC"}}]