[{"senderKeyId":2124289927,"senderChainKey":{"iteration":8,"seed":"4+2/SDGI5deUntf9o66el04Aj+VpEwBHK1nMK6sis+o="},"senderSigningKey":{"public":"BX6foIpEdFeeQYrf6yg+SPyHZp+OJ2oyqMh/APzj6q4X"},"senderMessageKeys":[]},{"senderKeyId":2124289927,"senderChainKey":{"iteration":3,"seed":"TSSRn2kkk924NEBMFT1Aq4JX3NOJ1VaimmT+yrcmDWY="},"senderSigningKey":{"public":"BX6foIpEdFeeQYrf6yg+SPyHZp+OJ2oyqMh/APzj6q4X"},"senderMessageKeys":[]},{"senderKeyId":2124289927,"senderChainKey":{"iteration":4,"seed":"yGvu2aYfxZsiMDWoI/3fyFNQ/vq5UJGaMUWFTjgSaB8="},"senderSigningKey":{"public":"BX6foIpEdFeeQYrf6yg+SPyHZp+OJ2oyqMh/APzj6q4X"},"senderMessageKeys":[]},{"senderKeyId":2124289927,"senderChainKey":{"iteration":5,"seed":"egU2h1oVR7CLwFkKIXFRNyQ3qdZylDhEn2CNHSv+iaw="},"senderSigningKey":{"public":"BX6foIpEdFeeQYrf6yg+SPyHZp+OJ2oyqMh/APzj6q4X"}}]