[{"senderKeyId":816991776,"senderChainKey":{"iteration":6,"seed":"TLlE0sKB/7aUMUcEl+k2wegbojKTBYKHhrhDEDrp0ro="},"senderSigningKey":{"public":"BfU48Ljgouqd781oaq1X/GyhLtwT2N3U6YGRH/tGoNxh"},"senderMessageKeys":[]},{"senderKeyId":241721255,"senderChainKey":{"iteration":25,"seed":"uk1sgeye+F90FTB56x47hdiU4WK64stjy0cG/oNg10s="},"senderSigningKey":{"public":"BVLUu81m516Vwtp6rU0m0Tke0PrPFQGW//SWntPJ9jx5"}},{"senderKeyId":2099419641,"senderChainKey":{"iteration":21,"seed":"9qTl6FVhjgkW6/7D62+rr1awudIdUlOuQ0KDz3DVxJo="},"senderSigningKey":{"public":"BQdFa1ZSVgZkDiQFthP9ItZ5S3FVmL6unH+s22vrucUQ"}}]