[{"senderKeyId":802895348,"senderChainKey":{"iteration":9,"seed":"L+Qej9Notp/zhqoKCkenrm7lSLuPa89mSmzcZGaGKgY="},"senderSigningKey":{"public":"Bbk4EFYAmjUahh1vNu3QXtSE9MmkCQaW4U/Zkimw8G4J"},"senderMessageKeys":[]},{"senderKeyId":802895348,"senderChainKey":{"iteration":13,"seed":"AvdUFJf7wEI786dZZ4PDB7Tulss43Us2xeMl3gLx2q4="},"senderSigningKey":{"public":"Bbk4EFYAmjUahh1vNu3QXtSE9MmkCQaW4U/Zkimw8G4J"},"senderMessageKeys":[]},{"senderKeyId":1870946139,"senderChainKey":{"iteration":6,"seed":"gUNVFmVgNxs8QMv8wwk+Tb+LUAmrDsUPQT7Lgn6b0Vs="},"senderSigningKey":{"public":"BV6D35jsPsH2KrkjRLfMje5I+jOir9ILA9UlUHPxOC0g"},"senderMessageKeys":[]},{"senderKeyId":1464442072,"senderChainKey":{"iteration":7,"seed":"Nf/+MBp/6ecMgjJCioOMezhNSuQYXkTSOwnGwfghYXc="},"senderSigningKey":{"public":"BR370ZvIWacpH7Xs/tb1cFyaK2ZgumTK2l/WMHtcal1D"},"senderMessageKeys":[]},{"senderKeyId":560169102,"senderChainKey":{"iteration":3,"seed":"NQd6ParVvln8raEPBqEi3ceHkSJ/pLyCeoU0TDSv8Os="},"senderSigningKey":{"public":"BWjA/S/09I8utfgVNT46LhJqx85JGYhovuYKxXYVXXdV"}}]