[{"senderKeyId":1678639604,"senderChainKey":{"iteration":35,"seed":"OtvIutHQ/cwfcXuqrID1LHNUeoSMDXXF76ikkzvmpOk="},"senderSigningKey":{"public":"Bb79xki4GfzeMdrmYymL+m89KB2a0xh201cikNxqrlpv"},"senderMessageKeys":[{"iteration":11,"seed":"X7b9NE4IJWQ7qewTKDj+0p7YLyZYuYnNfgWCZ4Pm8+Q="},{"iteration":13,"seed":"8ncZRjdplRl/kzhINKSwzWpgCwGyk6t97D/I+f7aqLk="},{"iteration":15,"seed":"a5+9yDZLJ27FmVvgKsMcXxXzwEBRUxPdjVc0nlf3Z5c="},{"iteration":17,"seed":"hcwJeb5X7c2moT3Pea8hD54IunlrBla60p8UVcIo1ks="},{},{},{},{},{},{},{},{}]}]