[{"senderKeyId":2005811644,"senderChainKey":{"iteration":55,"seed":"rYNur8xBSvMIwd1pqYBjL8rIYahjRzekG4cXBgzHQKU="},"senderSigningKey":{"public":"BbmNYg0p/3SOnuyfYguZSx1aBj0NoKud3G0XTE5g45UJ"},"senderMessageKeys":[]},{"senderKeyId":2005811644,"senderChainKey":{"iteration":46,"seed":"/Ti77K/vAHs3UVPjbIzixyFJLL6l+q6SQQ1ZJNaJ3wI="},"senderSigningKey":{"public":"BbmNYg0p/3SOnuyfYguZSx1aBj0NoKud3G0XTE5g45UJ"}},{"senderKeyId":94608929,"senderChainKey":{"iteration":20,"seed":"eu/NboVu1t5N3h2AnnxA4d35qwEetVR+cBiz3XnXt00="},"senderSigningKey":{"public":"BXTPqslptzHu+VRwncPSmYCrQzZCeqqyNSEj2AXsfzFs"}},{"senderKeyId":94608929,"senderChainKey":{"iteration":1,"seed":"DsGMoJpvL3oKYJBU/u/YrXsUyvywUkUPuExzCWxgxqI="},"senderSigningKey":{"public":"BXTPqslptzHu+VRwncPSmYCrQzZCeqqyNSEj2AXsfzFs"}},{"senderKeyId":1014014062,"senderChainKey":{"iteration":4,"seed":"JJkdcmxvTnHqUjnA/HaSFa4QoBL4byAyNJI6U9H0s8s="},"senderSigningKey":{"public":"BStdmKXY8O0bFnZPWRHh37+vhCMzHKelHMYbhS5AakYc"}}]