[{"senderKeyId":1647775350,"senderChainKey":{"iteration":69,"seed":"BUVGwslKcmmjdzZlSL42eVo0FY0v0LyVad1nrhr05/U="},"senderSigningKey":{"public":"BWnNouGUGRMr7Hb7njfsP3J6AcCxI9u4Hg42qmhX/HN9","private":"ODVCn2CbRMiosf/A9vULlmpNNy96xvDlupi8qYZR+Hc="},"senderMessageKeys":[{"iteration":1,"seed":"UMEy/K5Vnpc5NFEHayJ+YIWjXnv8Puf/Q3WzzHPJ08Y="},{"iteration":3,"seed":"c+fX5q5L/Wky/80DJwyoViPoTAYBd/9d6sEcYMIN7yk="},{},{},{},{},{},{},{},{},{},{},{},{},{},{},{},{},{},{},{},{},{},{},{},{},{},{},{},{},{},{},{},{}]}]