[{"senderKeyId":365711220,"senderChainKey":{"iteration":11,"seed":"yq0dCQXQJICzJa8XfU+05yjECk0drlaO04KoyMYSUtM="},"senderSigningKey":{"public":"BQMJ0kZGVzNRL4OrVAuRckTQCm2tIdRTi3b2JX4YQ/wA"},"senderMessageKeys":[]},{"senderKeyId":2128913005,"senderChainKey":{"iteration":3,"seed":"1+5/M9jqTsUkvp+uBGGg2MJIhoPRo2bHbK1DpT9TSig="},"senderSigningKey":{"public":"Bdc48hQ9hSA9eN2cV6DzHCXuKmmkK06f7zGoF5+FBA40"},"senderMessageKeys":[]},{"senderKeyId":2026466145,"senderChainKey":{"iteration":2,"seed":"KacrwxckOtejbqKjXb5ILypLffJ/OHmUanYCdwdnmdo="},"senderSigningKey":{"public":"BW+N7KHEr4wM3VMb9GZm4Bbb+x4yCFxaTxWXytGYIRka"},"senderMessageKeys":[]},{"senderKeyId":376263644,"senderChainKey":{"iteration":38,"seed":"jxyA/sdSqJRx51naX3Vv2mCnvAlZv4/cBVE25EAcRGA="},"senderSigningKey":{"public":"BRmKxy4ojcEqIYEjtHNDZCJ7eDcrly3ky0Ik8luIcaUY"}},{"senderKeyId":422130421,"senderChainKey":{"iteration":14,"seed":"8DfMeHGfUjkSB1qHF8m8FZ/0ipxy9gbRlYtgMyP9uVE="},"senderSigningKey":{"public":"BVN2d+9OC93yKL4vpDrtFHcSo9c9PaxTB7pvdNiKu3Zx"}}]