[{"senderKeyId":202766532,"senderChainKey":{"iteration":61,"seed":"fxjw5a5EWGUkB4OY/AH88ZBeQuNhTd2wpV6og38mIhg="},"senderSigningKey":{"public":"BTQB6alQlcp9F94ouLiYtFgHhJf6yjwbyi3AITdYwe1T"},"senderMessageKeys":[{},{},{},{},{},{},{},{},{},{},{},{},{},{},{},{},{},{},{},{},{},{},{},{},{},{},{},{},{},{},{},{},{},{},{},{},{},{},{},{},{},{},{}]},{"senderKeyId":202766532,"senderChainKey":{"iteration":16,"seed":"8HLT694fafnH5lwsEj8otf/t+yGyYnQEUwFBsr/iDsI="},"senderSigningKey":{"public":"BTQB6alQlcp9F94ouLiYtFgHhJf6yjwbyi3AITdYwe1T"},"senderMessageKeys":[]},{"senderKeyId":202766532,"senderChainKey":{"iteration":60,"seed":"Aodj66USDuGI106vFi1w/5CIlL//J3j6SxXcXh3TYmc="},"senderSigningKey":{"public":"BTQB6alQlcp9F94ouLiYtFgHhJf6yjwbyi3AITdYwe1T"}},{"senderKeyId":1888838451,"senderChainKey":{"iteration":5,"seed":"/bxKdN/Jr8i9UPzogpPWLPuebmQ9PKOw6kkygY7gWGI="},"senderSigningKey":{"public":"BRmA23w7IEJOawB51Kw5ORdJsnXbcKpU/BpDObw2XR1c"}}]