[{"senderKeyId":2060409463,"senderChainKey":{"iteration":91,"seed":"DXhvKMI2mYnkSbD39BjCffFAjE6Ot1R/PmH6hVPUzJ4="},"senderSigningKey":{"public":"BUAx+bK9Qf5KrIch1h6/OC+2I1x8TWkcXLyQkEsTUkUo"},"senderMessageKeys":[{"iteration":79,"seed":"1wP6vEhh0D6TuLKBX+dHRysj5HC3do2gM7Qnmm7vIgA="},{"iteration":81,"seed":"WLCn4wRhl1BDRABcru8tCjaTgfc42cYhTApHfTA9Rp4="},{},{},{},{}]},{"senderKeyId":2060409463,"senderChainKey":{"iteration":83,"seed":"CqFoREDFQSVWxhfbi9/qkRsLQx5HUxXGJOHa7HSM8YI="},"senderSigningKey":{"public":"BUAx+bK9Qf5KrIch1h6/OC+2I1x8TWkcXLyQkEsTUkUo"}},{"senderKeyId":2060409463,"senderChainKey":{"iteration":85,"seed":"I2b7rfb1pM4but2VdArKMU1DbYGfjUgzT0RoXDLFTEo="},"senderSigningKey":{"public":"BUAx+bK9Qf5KrIch1h6/OC+2I1x8TWkcXLyQkEsTUkUo"}},{"senderKeyId":2060409463,"senderChainKey":{"iteration":87,"seed":"eTmW3VtUWtWi7ZpG9C1poUi5vPngWf+Y2ICz14imtMM="},"senderSigningKey":{"public":"BUAx+bK9Qf5KrIch1h6/OC+2I1x8TWkcXLyQkEsTUkUo"}},{"senderKeyId":2060409463,"senderChainKey":{"iteration":89,"seed":"t1IBjtjjiTMX8GzND8R/DrDzES8VCbN3+Pw8I3Ban8M="},"senderSigningKey":{"public":"BUAx+bK9Qf5KrIch1h6/OC+2I1x8TWkcXLyQkEsTUkUo"}}]