[{"senderKeyId":1489728151,"senderChainKey":{"iteration":297,"seed":"zoTo6Ef7hufWcMMiktV9MtHV3aWfxsNNtOyYQWsCtlw="},"senderSigningKey":{"public":"BdXcCNCkZw0qXjWU82TntZry6dyp6FNwJvKtvbXKof5v"},"senderMessageKeys":[{"iteration":1,"seed":"sB5/0e8bSc8RLwzJ/mgFMCBd+iH4XfKYFbt5sy06Jo8="},{"iteration":3,"seed":"dKB9JmbUmP8UK6+/c6NCmN4k6Fbin79XkbeUbiQVSG4="},{"iteration":5,"seed":"iBU0PXV2IarTJcPFi9pYqGyxg5ogAqk602HklptEfqA="},{"iteration":7,"seed":"BF2s7ubcfWZM3IiFjoRbaUML72x7x+bNnNAuwlVF/fE="},{"iteration":9,"seed":"Zmt8Ki1HZmsIZ66C2V4kuhp+M3wzZMLeMbFoEeRuldM="},{"iteration":11,"seed":"nWiAoyE08Buk8VKkGKjFPvKIhlFxgh2mnAyIMekAy9s="},{"iteration":13,"seed":"yY9opyqfT/TOyvfJwvJoivw+VV+NqLrAgCuni05D/3E="},{"iteration":15,"seed":"xobTOdTFtbfsbQpJV4jEUi2GW+5WfQkYaAVHmN5pEP4="},{"iteration":17,"seed":"WiO1PMJYFdQz0j2b4GR0mHpsy8AwXebNrgiReW4AwIk="},{"iteration":19,"seed":"DGpPDLEpwafPw02M4DT7zWOJI90NcX3v/KcBp5ONf2o="},{"iteration":21,"seed":"ar2NcQub32KOthziuHVAlk4kUhSuNbI4dZZxbAs1Bfw="},{"iteration":23,"seed":"0iAiSi5rSwIEb69FPkn6Z4ogtUe77c78PT9v2cfcBL0="},{"iteration":25,"seed":"4dqgqfl5XSaD6Ysg68O0HJE651DCNDC97tUuk52a1OM="},{"iteration":27,"seed":"kn/0PA+fBw/0v1spycyikU5Egrd3tJIlhiXmxg76CoY="},{"iteration":29,"seed":"kMUlj/Jci4BX5bXjSQulxgA9V/dlC0Pj3Dwab12cSI4="},{"iteration":31,"seed":"rDhtbvVokABExh6TipD7852Ze7vvNcITZRfLk1ueFyU="},{"iteration":33,"seed":"ELtJR+uQI7n8YGaWbXJVpTbK9ksXzkLuOPlb9Ifm/10="},{"iteration":35,"seed":"jL1fVvtptgxAwIjX+4/w/zqyOu7EixjIZfQKIv0zH2k="},{"iteration":37,"seed":"fBPM6kOI1OHYkEvVO8wVqGHbe+ZYsh8eLv5Hwb3XTEE="},{"iteration":39,"seed":"9SwxrNlsuFpOhjuUlIbrms9c2ZB9zzLfdMannqHTpbA="},{"iteration":41,"seed":"PKYtED+q/KukVegox9J6SsNAK7LNa3J8dtgAXCnGptY="},{"iteration":43,"seed":"ajIVEkgOm5sdlDuNhNxJmwuWrbDPcQLVSf7sI0X9N3I="},{"iteration":45,"seed":"rfDH/0Qcdy3/+VHNaEF82zMLsrATOolqO9mrCBA3gg8="},{"iteration":47,"seed":"plsE4BDAh+dbQ3f/92fRa+G9K1ZRtIPmBkDDOWPHXlw="},{"iteration":49,"seed":"Azu1iXglw+a4bx1XdYU5rHWDejzo2QSKIA4QMakOnxw="},{"iteration":51,"seed":"7OLLKrys0Bcqj+HAGgWSbZT0fF7Zbf49OvsKkHXMi6k="},{"iteration":53,"seed":"iUuDyIagsnuuKD9KMQ1LVbb8PfUC8HNKU2rEOO1iSzY="},{"iteration":55,"seed":"ntVnfTUnYwobsnnxLbFadCEKc2AidZn6YchOkQE6dV0="},{"iteration":57,"seed":"eDvTPZoYW3X/ZV2Vb360rfCTRDT15wM2kKMJjO1s0Hc="},{"iteration":59,"seed":"SHl0aVBHzyFYaJqXnaqnNml/iGH7ekP4UV9uWBDFquc="},{"iteration":61,"seed":"MVV/LSGWWLUJmqOXF3TW3cHopuXyOTUFy4NmH5w6FAw="},{"iteration":63,"seed":"HAsD1FeZWbvfu2F3apVCc0SCE0NGgntKUHOm2qsx7/E="},{"iteration":65,"seed":"FkwMAabUs4FYzRvtANfFNOlXos0NSOXljT4x3jamvOk="},{"iteration":67,"seed":"37vtkIcT9BEYSXGOC+qpspX5n0DeRDX+J/pPdUziSaQ="},{"iteration":69,"seed":"qY3mQftjoHLBPbNNMfrLjSgIel3vV2oHHEgnPoCXAPs="},{"iteration":71,"seed":"3tlQqwedJaf8k74wsnIyBl/6zN1mQ+wf3ek/Qa9MI4Q="},{"iteration":73,"seed":"1SqjbRw4fW06QgJws4pzTiZVAMnyhOCtkBrbqc+cMOw="},{"iteration":75,"seed":"oI7FNhhFn4wwqRcgJ9A2mT6uQQD8djdP74o5/bHFVD4="},{"iteration":77,"seed":"KIMjApehjjxdswF1m0k0Ott4gPPABL87GegaplgK94I="},{"iteration":79,"seed":"ExHsvIm1Cf585VicDIrmSC1FRvguZVgSZSWWa2jR6Lg="},{"iteration":81,"seed":"i/Cdqvx91vjUUAfyyB7qkF31i5+xvprNfOy5aZkP1Wg="},{"iteration":83,"seed":"OXd9kd7PuFigHabERof4q83uovlbNIjV7i77LXK5Wa0="},{"iteration":85,"seed":"Zn48yIDcsMxsh36hSUp754obTgPDgCKebisdGNiZbJc="},{"iteration":87,"seed":"AcFz5NiNFSZfl39F8toKsqTwkez5FqKyZ3SH6eDb4uQ="},{"iteration":89,"seed":"Bj9Ew3bFIKDufyUpmZuu5qau82JHRp6cw0f++B3iMg4="},{"iteration":91,"seed":"24nx3+C9Y7tBEMlUQoE3ELvVOXbgj+T8qZ1CeJpuX+g="},{"iteration":93,"seed":"Jv7lAd8mBFPB7eITjV+FXYIF9PDZejMnarA9niUrtyk="},{"iteration":95,"seed":"xIty3O4ohRMdVCtSDRVhiV3baAYeplP5lkwLPb+LLZ0="},{"iteration":97,"seed":"Ah5OUTzCfWsrOA7TwHzUz3BVY/atgcWtqm+4W2Au6UQ="},{"iteration":99,"seed":"t4lanZ9jfurwKtwm6JL522ACq4G7VcqYEvhZca2EzGE="},{"iteration":101,"seed":"5M5fHaRWk3Bjl+xkASNlLR2zy2gfmKaj0AM0Wkh2tiY="},{"iteration":103,"seed":"EornUEvW+Rri4nE/t5yrAOdu8nYO1fyB1I4Xon08qdQ="},{"iteration":105,"seed":"GmKPdzIrB+Q86ajcxQpUTQ4tvKOMorcADlAp+jvuwCs="},{"iteration":107,"seed":"dVJW4V5nvZ/5UhD5eSywpik+KWEjPglPil4UbfsLSQY="},{"iteration":109,"seed":"NsalV7N2TybfIf9GL/XvGuzRHhhlTnRvwJYRS90BXn0="},{"iteration":111,"seed":"e6lUdDrRaHaS7JUgy3z/rf0XwMBNohyTtWKZI2TK6zE="},{"iteration":113,"seed":"eBYlG816yVnGgrYUWuhRiAu5Gl//QmnwnqE76g8/b6Y="},{"iteration":115,"seed":"qiY9dROybHAMNKgV8aclW43j+Tj/Y1nfU6+FbkFN1AM="},{"iteration":117,"seed":"e2T43TpSg5fyBge9WbcL3kh98vAFBFqbVxGhl3EZt/I="},{"iteration":119,"seed":"Wdge9rUekgtmmZZzeu7A/9u68CQGInUOU1Et94wxr/A="},{"iteration":121,"seed":"pxJ2hW5Koo/hZftznDMw6IfejzJLZxsk67TeCbmuxCY="},{"iteration":123,"seed":"D1gGtuO0hn07neXxE4KqneAvHX264I++KDjUyYKick8="},{"iteration":125,"seed":"D/oH1zkirLaywY4mZz8XsjZB34LJMjpKzNM6DsYshuk="},{"iteration":127,"seed":"nxaiJap/ZdCL6YzPAo5FBeCENHvRTb7wUTUvGQ+fcT8="},{"iteration":128,"seed":"FSYBVwpzcjxJhnmOw4MxhA1+MxW0BBvsmVnVKSBFjvQ="},{"iteration":129,"seed":"XicL4mnE/vKFO031qGISNYmNjUyuV4/39tHdzArKUQk="},{"iteration":131,"seed":"kyAEnW4zIeYub67t4aqARCHDK5flZmCQp6AfzgmGcwo="},{"iteration":132,"seed":"eV66H3HnQZHBs8Hjl0aSxYIN5UjCESUHn4wR1U1aDl0="},{"iteration":133,"seed":"hPpeg3iKqwCsXu5wLGENekoPMwB/Jl3xGCPZKlCKPCs="},{"iteration":134,"seed":"od0zW9DElxdZoTXxB8WYGS/rRxz/egwCPGSQEjqGkj4="},{"iteration":135,"seed":"P5jt+Om4wJy9sUhtPpeSMeMCGZTNzny+/7k6gxj8W0U="},{"iteration":137,"seed":"qqFO2su0TPyKLa/IGFPSqEirhpYxBh9w9D8rIp/s0wo="},{"iteration":139,"seed":"m6/NJT6LPAD23hFIxaxDD9zKZqobK70aNKLmRmhD47Y="},{"iteration":140,"seed":"ILQbEv2SGskc8NFYq+PvZCha8K1F7II70naPVAzIYTg="},{"iteration":141,"seed":"00Bc8GGkVI8KK3D7J7am+Cr87/cnVpokv/EYVTpz4TY="},{"iteration":143,"seed":"XjkMbnJqKJLgJbL5ahAhLrb+euJ4tkV63Y+t/NfP3bU="},{"iteration":145,"seed":"BHucKgfS5FllBuWY4TETkFRFNCLTMd+HydArl/TvDJ8="},{"iteration":147,"seed":"RQmtqlGnzPHEiTsRzuldsm3d7js9okc7FbORyku57Wc="},{"iteration":149,"seed":"LqhRtw3dmRjoSfrpVeDtjlFceC6XZBNzX9I8JZeAEBU="},{"iteration":151,"seed":"aBwUCIDKzB+6DrkhlU12KZxGaGIw1TtZdjJN395xk8Y="},{"iteration":153,"seed":"fpYAWzd42zg3PVOCFimHhC0uWDYG7PxgV+t2vzCFiGY="},{"iteration":155,"seed":"xWa2zBTdJv4me0aXHkLb+TSfSTBSVAePX1VHT2yEcgo="},{"iteration":157,"seed":"+xLHcXDaM3V6uBdj9AbhsxotudJhASE/9aXZXHFQOVo="},{"iteration":159,"seed":"UTFxn7XhTCmCzc0oB7oW2RMseFger9kNtEci6HRNYoI="},{"iteration":161,"seed":"FA5k2uiKo6b1RP5FWoeiuHxHPtCeh88sjAExmXK3st8="},{"iteration":163,"seed":"0+SGBWXfMZWNxQShYZy6Ako6KdGV6ycq63lHh1H3jb4="},{"iteration":165,"seed":"cibg/g/NL8AmHKOIt1kuNs4fJa4/FsKehmEEtybcwEU="},{"iteration":167,"seed":"430Kik/tWEERepvoO957tOiEMBT5vw0TjRbG3M1x6cQ="},{"iteration":169,"seed":"OBftn5f1upu5pWc58s58Ph6NVHAieff4MDxi1htk568="},{"iteration":171,"seed":"yPD5y52sLVlTN5JbKv+Y9A6GZmv98H2sGsY8XWHE+6w="},{"iteration":173,"seed":"NxMhUXCkwc4o/XOUPbg/FcdkoFjEOq/z4AsKYrEqj3M="},{"iteration":175,"seed":"//WH0Rs4MdzuBQK0Hf42UWau/LZPK7g+rDMlWKzEJdw="},{"iteration":177,"seed":"+vggRQGgU6H8+6bbZWksfUBC4IsfLcSaewJb6m8PWhg="},{"iteration":179,"seed":"MwEsz2O/zQfSrFJC5hjn2D1BxDemsV8A6LZ9oYPhAfg="},{"iteration":181,"seed":"+aO3ALTEBdcyDErfJJ7XeNbLMHsKMNtfj++HqtKS9U0="},{"iteration":183,"seed":"TqVmhrLvsYnYNU0++G7npJKP4TUbLnIOibxnfWWJIt4="},{"iteration":185,"seed":"xG/R/+8Mf6weO5PcHBbFDJJq0b6najlJlVKJcbYQgyY="},{"iteration":187,"seed":"5tZ73OAz8t65uFtoj6sjgEdkBLnuYoSYcOzLEfQj8/A="},{"iteration":189,"seed":"95i8ygjdf7thpwFymiHzpxVk/WOhZXhCkBQcyfee89A="},{"iteration":191,"seed":"3m8eQs0Aw63NK8JKI22aSKUVdhz8DlVYTflK44qv3sw="},{"iteration":193,"seed":"7PGbLexbQR+kD3669M3iJlVu948SkHOtsaLF8pmQ1CE="},{"iteration":195,"seed":"0wf835+63bQKar4SULxWyZD1qUM9f3TKYJ1GetCYTCE="},{"iteration":197,"seed":"WvGDLucSXJ7IXWPxSocnHKZMPEchA86mCbssK9JRUmM="},{"iteration":199,"seed":"YzTRcCzAtiQoJyRqY6xfylN+ssFjfmUx+ugWlEUWxBs="},{"iteration":201,"seed":"pLN7LHkpuD+LPnsUg4pON6pNO9KFqGEWjWtSIaAfeog="},{"iteration":203,"seed":"t6Z9oG13MsD8duheabaSgqlIsHtGbbFPKBSg7EOEwk4="},{"iteration":205,"seed":"54fSM/6BHIh8w+wy/n9NKGJCb22E9JLakPgHahuqUvQ="},{"iteration":207,"seed":"djYKDV1sG4dHeclZLyuBCTQH6U461N9gFX2WTnqMx9Y="},{"iteration":209,"seed":"2iIx5GpfNlDCJGqgRlOm39RErgua1czGG9wOM+8YUnw="},{"iteration":211,"seed":"97Ksdd1xx7+rK5K7aTWHCgfWLJH1Otz//W5xFrQ83/c="},{"iteration":213,"seed":"YKvkKghIQYiZfcyqezAlFJug0Qfsz+IbCD1ISpHuhL0="},{"iteration":215,"seed":"84JW2P5Zw3NuVoZKO5VOyyDvbFbq+20PMlIFis0eL/Y="},{"iteration":217,"seed":"gOyJuXyFTdXmt+TxzdpzFho2SHd032o4D3mNuNKM+I0="},{"iteration":219,"seed":"E8vekCPbOgZejFpKqEszMTZ/Kng1xnZYzJmDsxNzFsk="},{"iteration":221,"seed":"ghPz0IWS7ci+raYESGJdrCdc4dRJtlLkwY1gNtU2Wbc="},{"iteration":223,"seed":"CN2p7OHASod4ZZakJlYF3hqY1BkGbESgEKLBvdpA+xQ="},{"iteration":225,"seed":"XzrMoj6YwaTbe4iAP2dXTZXv+BOkhBZrjGIzar5hS/4="},{"iteration":227,"seed":"EdHe2eZtczuHHGZGuA/pWelbnjwXfo0DiPUnNaZqJp4="},{"iteration":229,"seed":"0yglOmEs1K7mMh/ivks0hfYKcBvaNb6QVVLMv5syBlA="},{"iteration":231,"seed":"ytFus1ljd9khJHzKsgrC554gqrNx2BfSPT4x6CJhU/E="},{"iteration":233,"seed":"pJID8g+CFq/X64a8tatg+8lIqfMAu2UJ1Yi3wUV6k5Q="},{"iteration":235,"seed":"MDmw+Gk4Ku1ywxx5X1UM7sjwd45oYI/vRtCu3KgOdMQ="},{"iteration":237,"seed":"emca0x49tgeGPHUyovfUEAc28aK62UUaxZe+WtXfe38="},{"iteration":239,"seed":"hnormHWbtQRNYHH6rVQnH+B21Dn3Xfot2bfNP9admjY="},{"iteration":241,"seed":"X+rkzw9JLaQ27BtoW1uehcZKUMzkK4jO57D0lw/q2GE="},{"iteration":243,"seed":"I265vQ+GnWwt1mfQw9IH9DWraAdxhhD35d9verMzmxo="},{"iteration":245,"seed":"o/uYMa9QP1gk2Nv7U1YG9tEDtFFUPU99unBTCo/AB7U="},{"iteration":247,"seed":"bEFvreF5bNTmZUmzXQA+4hgqMfDUhh1EYZnM4srynjI="},{"iteration":249,"seed":"E+jVfx283IZeAniZCORUtBc3Ldng3Li2wZtKD6CHVnc="},{"iteration":251,"seed":"9wcP2LViia4S3rNDr/AYcovcWNTyb7ak0OQFAw+uZds="},{"iteration":253,"seed":"2m0+vlDLzhHcVHQc/s4toGLFAifaCX7zNL+yHj1Xubo="},{"iteration":255,"seed":"jNbrn6EBX+bWsv/EOC19lVm9a9XJq+pP2gDk3K1554k="},{"iteration":257,"seed":"ISPuK9k0VVlzOgtaoW3x3C2ySDWi/oHJaiMv+EcWZuY="},{"iteration":259,"seed":"VcrD4rSUOs8mhm9hh1KAhhN71+XzrAxHqynou2iWYbw="},{"iteration":261,"seed":"2mFOKRZZzU11zsdMJAFTqhudlqiYvOoTTs4pbx3wH2o="},{"iteration":263,"seed":"7h+VwaoEaiGuoeC0G+io3B8OxB0wP28shdm0QVAtQc8="},{"iteration":265,"seed":"14LQXTkseyXo1J88pHbSfL/GNJKftvQDzVR5LcNWkr8="},{"iteration":267,"seed":"Li8X0jFL4u/Fns0YdjpuGXOq6iV/ryymqZ/WIio7piY="},{"iteration":269,"seed":"26ZbcV113cq3ZkOhmKnB/b2QfEZ8C/chTkDUt5cXsYY="},{"iteration":271,"seed":"CVOc/yhzs9+8ikYt9vPjX72xlp6v9a60TwpKLG9Ph5Q="},{"iteration":273,"seed":"TizxPpmSi7/kEeSYFG/12B2DACQEOEtxkLSMMoHMJyo="},{"iteration":275,"seed":"oTazag1Le6JMzjxNB5k2VrrwW+ZF6TFhbTrVZcPlcvk="},{"iteration":277,"seed":"KD5EDmQiCoKVOSnBQitgGH9g4SyAyVFE58EjWMKGQdk="},{"iteration":279,"seed":"s7PbwSMSw33zOZrjoE5BxY5XXB/ijkqC+tFBNFuuJmk="},{"iteration":281,"seed":"Sm5hhMYJMtMyClix1EJBF6/7DSwq9ftIvi6cx4WTbB8="},{"iteration":283,"seed":"DvKu9vINSOSgcFSJ2tvcHQjrDiPPEwTphokwmOTS15s="},{"iteration":285,"seed":"t+3TSGjncEf4aERUZhK5UUauMtgEibN6MbVXXqY/gBY="},{"iteration":287,"seed":"7tDPYLXw9k+TfnGLh3iCcd0PEpXLqwEp3nDiNWNveic="},{"iteration":289,"seed":"qvZm5z2nTnSDNM+qz4KBADgue+qoFbLpk5+m1NiKCPk="},{"iteration":291,"seed":"7R5ZEie0z2vkij2/08DC/UfUnvcxiOnt/YAtcB1Wn6M="},{"iteration":293,"seed":"HMEeZG6OnsJFsBPL6fyuAv9AcDbeTBCoATXi2rO4glw="},{"iteration":295,"seed":"UPDeFqzefJY0Z9DRxxnD36g4WX1XJ7xI37DaLVRUJJo="}]},{"senderKeyId":1489728151,"senderChainKey":{"iteration":1,"seed":"wuBYrHzz5ddlD3Vn6T4i6IVnNYo6XhEFnBA/HIOc1Ew="},"senderSigningKey":{"public":"BdXcCNCkZw0qXjWU82TntZry6dyp6FNwJvKtvbXKof5v"}},{"senderKeyId":1489728151,"senderChainKey":{"iteration":129,"seed":"rzDPVde31Ds7gFpmev9+rHcyLQHSbvewgnP+1BMGLkg="},"senderSigningKey":{"public":"BdXcCNCkZw0qXjWU82TntZry6dyp6FNwJvKtvbXKof5v"}},{"senderKeyId":1489728151,"senderChainKey":{"iteration":135,"seed":"vpKF2dBPUpr6jm47eWFCvZz3O1OkZKoHNDniIbz8lrM="},"senderSigningKey":{"public":"BdXcCNCkZw0qXjWU82TntZry6dyp6FNwJvKtvbXKof5v"}}]