[{"senderKeyId":903260632,"senderChainKey":{"iteration":15,"seed":"KLFqVvP+ChKeCccgd62txcZJGYSeSLX1QZCGdRvR99w="},"senderSigningKey":{"public":"BdXNll8QSlhwJ6Q6QbriA18K15OF1A2FcRusHSNH8Gpd","private":"kB6D9PvaYNO1rasAqy7Ho5YJXjfrL6+Qa+pfXLJBjEM="},"senderMessageKeys":[{"iteration":1,"seed":"09xcHJ/kbIJTZ4J8JIB2Huv0DiAvyQmu5l09hecOaQI="},{"iteration":3,"seed":"vROBfJ8DLWBk2kXIhpjBt1cz1C5HnnWOZaLqPbN9MsA="},{"iteration":5,"seed":"GRfnK54zjKBZ1H2Vgtfortv7vQrKBiRcG9X7PPFGJLg="},{"iteration":7,"seed":"dqYv123HJb4khW6EADPOf/k2tj1tkgLxaFv2R2odVzE="},{"iteration":9,"seed":"INufTefxl7H2v4DTUs+ukV78KB0m/nJ0nQL3k9mcqn4="},{"iteration":11,"seed":"IdL1R9mSeypHaSf0JXKtICIzhTahinTJZLUNRaOmVwo="},{"iteration":13,"seed":"z9jsLuoAiEe2zV5Y8OHF+Kc7+mnUMDVdudhlHkN+ies="}]}]