[{"senderKeyId":1240246721,"senderChainKey":{"iteration":9,"seed":"kPzfFHTOZXPCbv4dSijHp6hqdLMQf7YI/MTY7qbCJ84="},"senderSigningKey":{"public":"BaVLvbWAMVmJz+pLhKOZuZaO9K0vg3k/VAvpx5dNWaAj"},"senderMessageKeys":[{"iteration":5,"seed":"Q/Qq4znborqG+Hi6f1fkgdaRfSrgknbFSUhIHMfbPe8="},{"iteration":7,"seed":"ze+YqQdlSGKPFHjwmEH2V04vwqs2gJJ6nRH9HYrpB40="}]},{"senderKeyId":1240246721,"senderChainKey":{"iteration":7,"seed":"5X5DGWbGgprtOjqmktNckctxVxploUTUxEELVxwtezY="},"senderSigningKey":{"public":"BaVLvbWAMVmJz+pLhKOZuZaO9K0vg3k/VAvpx5dNWaAj"}}]