[{"senderKeyId":845048207,"senderChainKey":{"iteration":427,"seed":"7dkVUHH4g6L9MgbODDOFMcYNmOuTIlA82qcfotfFqOU="},"senderSigningKey":{"public":"Bb8Xy0UEXujU1lySkz9i32p1laXIwR4Nc4f9G6zY8kcZ"},"senderMessageKeys":[{"iteration":379,"seed":"vIJjuBl88/yFrtDHPVfAy2us44WUiTWakxzFn+bsc4o="},{"iteration":381,"seed":"6mMkVDq1wz8AP3HfA/qSOWr80GnpJPcmJYXPDtDZQE8="},{"iteration":383,"seed":"IqVMEfZSSG3fXYT+0sFaiUgJKBcsHSWmcrrvJQ7U1QU="},{"iteration":385,"seed":"SypMxq8J/8luDwq3QomhAUbakRkGhvqhFVAmkzqKvb4="},{"iteration":387,"seed":"MG1xW8WjQZDQqcraezAGl9TWtglXJOJgXMfjU9fDYGQ="},{"iteration":389,"seed":"Dab0zuMQsVRNztZ8oVsZzxSCeHbiqOcATklBNcysXy0="},{"iteration":391,"seed":"W7+mKXFKZjgjINaLvmG7zL6JK3RkSbL51mKEJBmeO/o="},{"iteration":393,"seed":"NncYZm0Ko6wSr3e6p18wh8Z/qXnNNnT6HpGcdl6+0KM="},{"iteration":395,"seed":"eMGyoKKXxgDE3k4SHmbqfur6yaXqv3dN+oLleu8jDdc="},{"iteration":397,"seed":"SdeMj3hNdYJ5ToVVPDhRSEdcyICG2BmEhZ4/yKPVmbE="},{"iteration":399,"seed":"g0ztCcvHoAK30nCpt/vz21HEmK2yw9kpzH5Tk3/Nrbg="},{"iteration":401,"seed":"bSedLXVD0ZKqcXVou5eJOh/Yx/e6Ocidz+CF1x9Bqko="},{"iteration":403,"seed":"oUsDsFdYIwobKx4GxH8SJwfpel+qGQd+jSLdYOKMkY8="},{"iteration":405,"seed":"61rwmn90BYdRfOzGLr0bwRuCptRhzmM2S4klt7WApnM="},{"iteration":407,"seed":"Jnmh60wVT/q7/XpIyvKnMoS+s613A3zaRJh3pZCtAkA="},{"iteration":409,"seed":"1MIYNu3cXRDZsBUKwidaCuxBuJ7VdndgRb+umQBpOag="},{"iteration":411,"seed":"wKnU4Hf4Cd6jnZ5bgDZnC5ZUa7pSrAi3Q7pzikKPSOE="},{"iteration":413,"seed":"w2NE5VppzAdni+Pvaq/rG7jLfgVeEVJ5AA/a7nKwoT8="},{"iteration":415,"seed":"LLSpCPoEtzqZYF9JSnjp8OXOER9pabXl9KqsUKSe/3Y="},{"iteration":417,"seed":"mJKKFf3MQ6ZxDK0QR+s8fPlGzB4jo22fR7xI0vUlaps="},{"iteration":419,"seed":"Sb/qKJ57P8h9ypdz5DTIEEsApyND3bCdPkUdXqsICLg="},{"iteration":421,"seed":"2T8MyUrzN9aHgP4hhAD/DVIxyLfARGHpLOKlWUfA1kA="},{"iteration":423,"seed":"EH8pP2OSnUvp03XgsmcwL/FaVJC4u9eOK5n0anTjGxc="},{"iteration":425,"seed":"sWuiHXlPCZCpg4mFI8wzlIrJGLTPUiDJyjVX8A70Fvs="}]}]