[{"senderKeyId":1155922815,"senderChainKey":{"iteration":627,"seed":"yKfItF/B6yyuwudD4RNDApDsX9wzLQ4bz7d3tyJ4tLg="},"senderSigningKey":{"public":"BUYNtAvUvcby/ZhmAUHYOauvl2XXgX5hcmhK2UbxGP5C"},"senderMessageKeys":[{"iteration":501,"seed":"CA4DOdcWu3Oo36xk9TKAWbcLBazcefczENipF5Tbglc="},{"iteration":502,"seed":"wuy+5gIS4bkKqLlWlkCI2ie0H0c3R1puLU+iMpBrFbw="},{"iteration":503,"seed":"wug6NGaBcYHCoESuqiOI2h/jooV1nuxrPkzS21C61vo="},{"iteration":504,"seed":"qYydxNUApnBxF+O9JHM1XzjU5fc+jEn1wvRSarEGRJQ="},{"iteration":505,"seed":"hNhau2a4hj+FgrJvTZiQ8lslcAnu/r9dQXaiDNAgZPY="},{"iteration":506,"seed":"iUuREbyxczXt42Q3lOGBl69K6ydfJ+qIhYfYjzjsC4k="},{"iteration":507,"seed":"IH+OnWIfWAABBPnY9Xv1Xbv1BrpF4Z+1zGVRLpBLsdA="},{"iteration":508,"seed":"jcJXdWSXFrzHXNJGTbSOQM3McvPaSuTNZm8jY6g4LbA="},{"iteration":509,"seed":"lwldwSoXEgJq4eEj8ZJO+cPoa8vRTyQQYTikn75svo4="},{"iteration":510,"seed":"jQDywGAZp3wYdQa0fyOTAHOkK4yOa64pn1L8v4uhYOU="},{"iteration":511,"seed":"MqQSXo4uzL745DEVEnpzxLOllWNYzjnC7LIV9sG+ELE="},{"iteration":512,"seed":"OSw4Gx9sZjkJfaL7Edjkrnr5Dq9VBWOLS6tgnZ5NKYs="},{"iteration":513,"seed":"Gof/PPiBpPztt4VjIDbO75rWvChtquIWLAOXi3rTjAM="},{"iteration":514,"seed":"bsVGC/U8YeHgScjF/S0ksI0JVgXRwy+v/iACn02jZfw="},{"iteration":515,"seed":"iaOlE/QL+fNJ9bNrVYQtkMvsgKgoIw0R3k6iCLy7fjo="},{"iteration":516,"seed":"jVi/ApUD7ITeLpI+5TK8VPKr+WM8rVlAYeDB0RIsHgo="},{"iteration":517,"seed":"3l9ZoL9FZg3ggLWNk6YtsEk+aAQepgUWkp90K+nuREU="},{"iteration":518,"seed":"95JHwh3A771Qnp8VaeO+8mp3DM+/174UdMaWTHM3hE4="},{"iteration":519,"seed":"5J/xoBGCncjd2saqIminN17cDKvLxqB/ag5OTl2YMsA="},{"iteration":520,"seed":"boJS6cE1fWPIJBzcXLe0kpn1MdepRWmqfgAc5b/zAZw="},{"iteration":521,"seed":"NbBx3NXQ/mVYffTtlRvidL9+sBvuA/SC1n9hTDYNqWc="},{"iteration":522,"seed":"H/hnPeswp4MPEgCyt80BtiH31eU9AKMZ9hY7W9SmBX8="},{"iteration":523,"seed":"W12LJ3ViilHyAdqKaq79aOmCK5E9sag5hjqEaqhqiYY="},{"iteration":524,"seed":"m4MAyQNlTlPq9n8WSSIWv29IpyYXblY9yd+jOiIZlgo="},{"iteration":525,"seed":"WfSER48JGBokXd/xvFVUSYMkXjUXu99MfdKXJb2g6pU="},{"iteration":526,"seed":"GtHD6f3LjFxVBwMS2uz6Nbn3JDQU/bQEXvfwC1kQDqE="},{"iteration":527,"seed":"H4r1fd+yJ1FFulnUyQ9tw45xQNysW8J4gHr0a/pCyqw="},{"iteration":528,"seed":"YzvdPMFI3CfzrpNCr3rct9dEsndAM9d00jIlG1NxN28="},{"iteration":529,"seed":"I9EEBO4rVYPrFkL1/89n7lGHMI5Dh5aPZJ9CyCcop0o="},{"iteration":530,"seed":"ozvmDdKQ5ikAh0lKp7yTHv2u3rhZfbyF2A6G11ZO38I="},{"iteration":531,"seed":"G4FZbhf1qSTfUOmih4GW7CD6VjALmSqzy1CfSTDFuhk="},{"iteration":532,"seed":"aipToq8XcxipqlnYlXL1nDluCPQTdZk6rvr4UJmSVq4="},{"iteration":533,"seed":"QHE+Hbm4cdxeabcxAUNKE5pIEp7/JpVZbdfYWD39oXc="},{"iteration":534,"seed":"J1XHoNa8i92ePk1rYD4COx23uhjuB/1yCPsePxdE7yI="},{"iteration":535,"seed":"OwZ4RUuZJOxLzjPt8kejKyJs2aqsfZ11F4sQoId2sPE="},{"iteration":536,"seed":"NOOkIkbixkLQv7DQrKVpzjB4QRylj92YKgy1kO6NqGE="},{"iteration":537,"seed":"Ph6uA9pggVNtUio6Umnno85koAHuRaFJcPFmMTIF8Xs="},{"iteration":538,"seed":"igAwyeD0ejqXOXdASMEefOOW5W2zMnheYQLGAJYwwxM="},{"iteration":539,"seed":"LvQDM8YtSdxZ5oP3PG2D6VLWaG+echZD8KbHCcBVPAM="},{"iteration":540,"seed":"AnI33KNM3JJDswQPV50Pq24Opopywx/znBD9cScG2Sg="},{"iteration":541,"seed":"6dZo519DwN5u58LsK6Gx5SiA8F98tLonUbneGtYE2wE="},{"iteration":542,"seed":"x1TPfprF2ici+YMXslfRVKE4DE4uRhYUSxknL1NCNyM="},{"iteration":543,"seed":"Cz3K7oXKkkmKQrMOgC4VbaiNI2vkinOW1Wwfa43S1Uc="},{"iteration":544,"seed":"naMLj2V2y6FbfYF2S6HKVZLtY/GgTJyJoPoX1xDf7WM="},{"iteration":545,"seed":"yP7RgBBSnw7RSHqjgv+sPfx2NrfHfOJfP9/IoXqgrO8="},{"iteration":546,"seed":"/ah7ycZlO8Nvj6PsJ6G/rJFotK6vd+HBRu/8FQ6TurM="},{"iteration":547,"seed":"tAPmAfdea3yEIuyAUxjOzoImA3P9TrY7qub9zHuCagE="},{"iteration":548,"seed":"f5lr6ZF3942aGLGmHj1JoctkQrm0ExceQkIevQCy/aM="},{"iteration":549,"seed":"BN2NVftdf1U2U0JAekAJAU+67FmCts3qsiNvcDODaYI="},{"iteration":550,"seed":"zvSigNzGGc9b3ivIp/qitx/gQF7rYhMoo0+Yk/jecm0="},{"iteration":551,"seed":"DyHZl6/zjfoT5eneIt8yxV55QvedrZazSn7lOzZIgkY="},{"iteration":552,"seed":"l8Z53PQyq2Db6R8uJDPXXKF/A5FFkO0a9J7g4Ja4DFY="},{"iteration":553,"seed":"vAS+5cQG2Q61E5i54Iwc9J6D/iG9gw/ExdF21rFg2ks="},{"iteration":554,"seed":"hq3QiNHqmYtlcql1AhcCcRUKE7y5Esq02FpS29oTa/M="},{"iteration":555,"seed":"h3SgEZ1ufrMy1NXwo65cYIK3fXihetkgP+Sn/6lMzSk="},{"iteration":556,"seed":"RF8Dn1Xxkxb7VXiqJNee69airaqKzp1q3YIcIhA38hA="},{"iteration":557,"seed":"wR+85EpveYuDELye+0qQe7UhLx5fQXMX/B71JtFC6WU="},{"iteration":558,"seed":"Zeo5C66nYN+2KoObrcJYfAHpOirv/XOCzKuHGM9BBAE="},{"iteration":559,"seed":"YmOQ02DHEVSn8b8h/10hvf1FXQRVD00m2dE8MFXTaRE="},{"iteration":560,"seed":"ye4Yzpp8DNVEyAKGje2KAphbF//WOGPMGbxEsba/6S0="},{"iteration":561,"seed":"7/FVA/bCJWlYijCmuwACVhpuZohjPRLTdW5BeA4xkyI="},{"iteration":562,"seed":"S85MiEk/jms2sBcvcO2cawqieGt2YATetNNBujT4Gxs="},{"iteration":563,"seed":"S9kVuY8/BFd98mwmfCzg6QwVtToC+A3U/i+Ka1KiJhM="},{"iteration":564,"seed":"EJoAHVqVZdtzLcYkjPK6yHMQdhJKyzD0GJF/WR7z18s="},{"iteration":565,"seed":"waKFHM3QgYA7/xwuufiPKI4cKFmvM4HACDK4gCCfLKk="},{"iteration":566,"seed":"5apeGK2zoo3Qa2iahrBTo3wzt9c0AwM4jtRugiwADMc="},{"iteration":567,"seed":"iPri+tg1gC3PCSbzGgRBHcHAcuCuI9ghxsqiSE5KI/w="},{"iteration":568,"seed":"1Uzv4QnZRnta6GmL/MjKiqiqcByeSsUwnToQxqq+1Es="},{"iteration":569,"seed":"O9p5Er2v2xGzylI1HjHBVF+yqVN2r/nYRiCn+RwnviA="},{"iteration":570,"seed":"3tqfWtYOpMhjzm4PjdlXnzT27VkXv1mdSL5OHJPWK00="},{"iteration":571,"seed":"3GA0tPX1UFo7j8+oYrRZdk6kNEVFD5XSLy1jyXdX4ig="},{"iteration":572,"seed":"/q+9VP8Dus6vZX+9VC3wPFw3dYjrhQ8CRdDOD7qZkYA="},{"iteration":573,"seed":"xj0M3FF3zgYPm5f7y1oblmBFNWkyH/sGGspkSFiN9UE="},{"iteration":574,"seed":"+vPzzGwRJA+yqn7/s6MvfYyqT9JeKAfr5Y7PxXEF6II="},{"iteration":575,"seed":"zxYYl3dVAJ5cqSdV0NvTCDpqE2+avbyYODQRzRalPqw="},{"iteration":576,"seed":"4v2sc8Wg1tgSslX+Fp+k/iabTKa+E4eIYldY5PzvyNo="},{"iteration":577,"seed":"m+LejBWUlNJws1O5EW5A2ZAyFa4KsEsEcWJzX6gUPo8="},{"iteration":578,"seed":"Lv7oInMYMjZMYlVZksxzylmn0Yl3e/dl2+xIxxFYuPw="},{"iteration":579,"seed":"RKiV6Ah1miVLCmlAZM5L6VJ3K9y+22iaz1VKMnwwdnk="},{"iteration":580,"seed":"tHqvvjt/oj2F0tKN8sMf8ozbwgeTIUGnGedL0JhjRPM="},{"iteration":581,"seed":"xk88QB2sv/UVROC4lmQ/noRz0Idw18gB+fQ6kDlqNg4="},{"iteration":582,"seed":"qmocQK3o5G6hROiDYu6n5P0m2v1HhuOb7K+agjrAx9k="},{"iteration":583,"seed":"NJuxz4sqHVNF+M62yW+EyhZOw7bT/oY4wKHvhd2Lcpw="},{"iteration":584,"seed":"LTLSzUAEVpl5XRcPJ1CJw9t2f7Y3kBSbkfpyzhQ8exU="},{"iteration":585,"seed":"yhO1zgM3xtEgxMVSNYaU2koV21uTsTrPJvEjPmg8JAc="},{"iteration":586,"seed":"e5q6BNlYrZOk1UloNbPs0wrg5uA6ExDqOLwOKrJ5rwQ="},{"iteration":587,"seed":"C9xX3M36rbm8vie+xmvB47rwGFyVisMnFxuWe+CCeCI="},{"iteration":588,"seed":"N7nfwhojamtAVmGg+mviNECxyFB6WUlvXDR+VvjSYbQ="},{"iteration":589,"seed":"EAYxEr/W18j8lmllo/KGTW7PYhjA09+UocMlhxEIjsU="},{"iteration":590,"seed":"h0k3ZlBW/KbZ97ONPgwp0jDn1PdDu7yv/WKDlvOyDeg="},{"iteration":591,"seed":"vlqfRksQR1m2mLyoW2tOajMsQB9NOBEVDM3H0fVAZTg="},{"iteration":592,"seed":"CcePUUWir+RhXLgLYFG3vvGu3J+O9GiEn7TlOJc7Us4="},{"iteration":593,"seed":"HkyTrCpHtEfvckUIf2ElXIg1CR5a4YEkJf1F45IXvps="},{"iteration":594,"seed":"lK4WVT5grEKxHWZTQM0PihNlMDOvjvV8Zv3McwUlGMo="},{"iteration":595,"seed":"GCxLU8Xhwj++jkVaJVTcZBht89Vc73OwIvFDXIOlFHg="},{"iteration":596,"seed":"Fp2aWD4Xh+hq2TPRj4DhyryANfLmu6Ire5K2VE1IqO4="},{"iteration":597,"seed":"afUzl+oqmRO5tfkkk4gxBUyhvQJlGKG49uyKLeac2T4="},{"iteration":598,"seed":"hoPWlt16fx+3MPZv6emk3N97ybd5/GtjyfQK+dtnXRc="},{"iteration":599,"seed":"1cncE1c6VoA7bYowj2MLX8Af3b/vitfvvY4yyOIpfsU="},{"iteration":600,"seed":"Hft1KBdLYF9ZUCqQhvt32jK0Le8b9C7zPOLnO51HAH4="},{"iteration":601,"seed":"Km8jfiJvxlfZYaDbbCf3f6p6Tb9r+TmYTgdcXprDVnA="},{"iteration":602,"seed":"Go41414s/iWQZHb8u/PublDqepLMW35UwZ21oK/4dbg="},{"iteration":603,"seed":"yj9j5cDRKSopKNTeMmYtJN3dAfT4e7xuU5YJEupAL4Y="},{"iteration":604,"seed":"8rseX18akDMDwcARmDHxgyxaiSmb41jpl3SX4llJi1I="},{"iteration":605,"seed":"BYgAbqCKIMT/9EBxhENGchhvw6YC3QIzbURbrMMcciA="},{"iteration":606,"seed":"30t4YgEvOOjResgD5jlhthD3zmrgNOBb6M6hon9kEIU="},{"iteration":607,"seed":"zm2QLaWdRI5twqOLoxl/7p/2WW1wHIcvKsgTnW7W/bI="},{"iteration":608,"seed":"rWoUC4LWWJ/jEl5iyLreXlGxN6XTokAAq4B+OT4BQo0="},{"iteration":609,"seed":"9tfbHck8US8yeyW3E6yFJ35dNABld3dEw9xd3E2I7wk="},{"iteration":611,"seed":"LmciGcYierfFz3d/Mn3B4IP3hHgCRROavezkvsETg1s="},{"iteration":613,"seed":"cKiD2sRw52g27dKOU9WdBAi2brmZkhmcGfv/Td6m6o4="},{"iteration":615,"seed":"TyCIJCGQCxBwaGoMAZMZEQD7ncJFfS7ciI7Olph/Rvk="},{"iteration":617,"seed":"bwhzxz7q5yQCN03zeba493KSM9sUgrJTuDHoXvM0r1o="},{"iteration":619,"seed":"kSxJi6vp3kyNkz/viM3i8BuYSCIz0sL2Pd54A76TElw="},{"iteration":621,"seed":"Fb3V55O//iLSYKFTuyYwKV2UYsX0M8KqRS8Mo2B8BeE="},{"iteration":622,"seed":"vp0nuOGysc/6tEcy+vRGtON0Y3ScnUTeImB18pKejZI="},{"iteration":623,"seed":"TqSlqvk6BLoXHpGiIcNj9+o2lG+c6wP4BdP1F9i1cw0="},{"iteration":625,"seed":"TfzlnHvbL/0KpFJXEir+fc1PPnJPKZjqbyNsaUPWRoY="}]},{"senderKeyId":1155922815,"senderChainKey":{"iteration":623,"seed":"OjY4+6VZjEnZkzI5joqhkUeOSF1RQrYq0nDQDmyhd1o="},"senderSigningKey":{"public":"BUYNtAvUvcby/ZhmAUHYOauvl2XXgX5hcmhK2UbxGP5C"},"senderMessageKeys":[{"iteration":609,"seed":"9tfbHck8US8yeyW3E6yFJ35dNABld3dEw9xd3E2I7wk="},{"iteration":610,"seed":"kSWBXUejJNwHlmn2K34XNPDNyjiGs5jGspLkXVv9iGw="},{"iteration":611,"seed":"LmciGcYierfFz3d/Mn3B4IP3hHgCRROavezkvsETg1s="},{"iteration":612,"seed":"frqxWESQKyPxih8AAOFnBVos92mJGy7L3gIDcwKiqko="},{"iteration":613,"seed":"cKiD2sRw52g27dKOU9WdBAi2brmZkhmcGfv/Td6m6o4="},{"iteration":614,"seed":"oSUBoAR4I3Worhe35c7GgROU/Ps5BrpiRF3CYX3iMbs="},{"iteration":615,"seed":"TyCIJCGQCxBwaGoMAZMZEQD7ncJFfS7ciI7Olph/Rvk="},{"iteration":616,"seed":"jU7qAQKzWwTSgCWjBqKkuPj+b6RqcuOJmiINDN7c2qE="},{"iteration":617,"seed":"bwhzxz7q5yQCN03zeba493KSM9sUgrJTuDHoXvM0r1o="},{"iteration":618,"seed":"yOT5hd3euIJu89pIfYo5zr7J/2eYnf4ipf7e3yGgkKw="},{"iteration":619,"seed":"kSxJi6vp3kyNkz/viM3i8BuYSCIz0sL2Pd54A76TElw="},{"iteration":620,"seed":"znCZ+ZpOEuziiQ0NbI4RLg4jXLX2CI5h0I+9s61TGjM="},{"iteration":621,"seed":"Fb3V55O//iLSYKFTuyYwKV2UYsX0M8KqRS8Mo2B8BeE="}]},{"senderKeyId":1155922815,"senderChainKey":{"iteration":609,"seed":"vbLjd4naWI8V2EgsIje5e8MQI1IVSq9swgHn1//wSLY="},"senderSigningKey":{"public":"BUYNtAvUvcby/ZhmAUHYOauvl2XXgX5hcmhK2UbxGP5C"}},{"senderKeyId":1155922815,"senderChainKey":{"iteration":609,"seed":"vbLjd4naWI8V2EgsIje5e8MQI1IVSq9swgHn1//wSLY="},"senderSigningKey":{"public":"BUYNtAvUvcby/ZhmAUHYOauvl2XXgX5hcmhK2UbxGP5C"}},{"senderKeyId":1155922815,"senderChainKey":{"iteration":609,"seed":"vbLjd4naWI8V2EgsIje5e8MQI1IVSq9swgHn1//wSLY="},"senderSigningKey":{"public":"BUYNtAvUvcby/ZhmAUHYOauvl2XXgX5hcmhK2UbxGP5C"}}]