[{"senderKeyId":2078728258,"senderChainKey":{"iteration":85,"seed":"n7NonC5WC6WibeC03l/+fZT5xQI+lCZHVGJboU8U3Q8="},"senderSigningKey":{"public":"BUgBNOiSYWRMml8ybC/hHseDlpjlDZ0a2NlYNqsRYEhJ"},"senderMessageKeys":[]},{"senderKeyId":1674026284,"senderChainKey":{"iteration":58,"seed":"xMHWflIz2dQ0NOge7SgHAW8WI0qUfXoX0RNz/405CMg="},"senderSigningKey":{"public":"BYGUboxCjGur+uCE9Y/we37erfC097v+u3rIl0l9W0Aa"},"senderMessageKeys":[{},{},{},{},{},{},{},{},{},{},{},{},{},{},{},{},{},{},{},{},{},{},{},{},{},{},{},{},{},{},{}]}]