[{"senderKeyId":280440664,"senderChainKey":{"iteration":45,"seed":"j16z28RXnrnhnNSSz/elZ9cjCO1+UVTJ/1qx7/KW/mU="},"senderSigningKey":{"public":"BRdMmQhr+PnpucNcCct7HtDbmgVRYa0bSgTXtIkdB8gL"},"senderMessageKeys":[{"iteration":9,"seed":"NEt1LLql9+kbqos8DUF+dpdVV66sAtLAAafPmxuX1rc="},{"iteration":11,"seed":"W9bEEwEEVGY9Gps6Lbc1CguB3+13Z6mAV1jaU3CUN2k="},{"iteration":13,"seed":"uUTC8/XAu3bZorR+ebQMADIFtkTfGqdlVNNVrDIXjaM="},{"iteration":15,"seed":"ZwdNXAACOC1v8YRemgz2szbIYP8cti13lsKAIWgVfBg="},{"iteration":17,"seed":"AoE8bEf9KrOvSd+u41f+gYUE1G1w2STSLi/9v9b4p6Y="},{"iteration":19,"seed":"Tnlho5tgljsCCpBsdKMZzJ/G3J6XaLzzGxnkHbKo/DQ="},{"iteration":21,"seed":"w2DGzb2wb0a8GvnG+SHblaOwlZ28EMZdk0KnOqcQ6MU="},{"iteration":23,"seed":"BbuHYvNwpqHGaGLQYuLxziIuRGbolI0AhM31/s9vfVU="},{"iteration":25,"seed":"hN4GlGHvj+i66SoGTO1ydu5LVKuOLjvbl2pew2b0V+4="},{"iteration":27,"seed":"r5yq2cgbOn07hsHw05WoNmbMcvcThrLYryrawYBWx5A="},{"iteration":29,"seed":"H62lXJZ0EzCPL1J3ARXKwJq/2tM80gs6Gp8pBM9uHpM="},{"iteration":31,"seed":"pNuCsq+gMK0RbrmjiHmBsl5IBhMJRZbdsnMFx5DAavI="},{"iteration":33,"seed":"Pq+sId5iwSKVMSnWAH9Kw3NNVYGVQ9phj5lEasppavA="},{"iteration":35,"seed":"RMyl8ZkPxGNjVd9ateOqLGRPXDD5K8e8twoM2Pglfjc="},{"iteration":37,"seed":"YKl2YBcIvutxgTVWFtvMD/jS57/+s4jbM2ENcleSQwg="},{"iteration":39,"seed":"ZWwKgeu66CSCLkc5i6mq7IpUVQpwGi1sKiB5X6AD3a4="},{"iteration":41,"seed":"FaaLbswBGJY73fJldQZD07okVhAu0HOqlI7vt+eApnw="},{"iteration":43,"seed":"BnPmjBDc0HXUvi0zsEN4kr62eQV07poqea++J+E7fB4="}]},{"senderKeyId":280440664,"senderChainKey":{"iteration":29,"seed":"GFEnurVyCNoqdcfyL6xwRH55BRsKrj749E4F12ChTbA="},"senderSigningKey":{"public":"BRdMmQhr+PnpucNcCct7HtDbmgVRYa0bSgTXtIkdB8gL"}}]