{"_sessions":{"BZJoIBkb3WmpxXzfGjacTDIjCyqPXw5LwOwm+x9ShWYX":{"registrationId":160,"currentRatchet":{"ephemeralKeyPair":{"pubKey":"BfaxE74cjh+81PYxQOEX6GB+XRMAHOZ1majpMXiAcIEY","privKey":"0M63/l8psG45j8krQzZjyO911sNZYfm/cVEbb7lUZUQ="},"lastRemoteEphemeralKey":"BTzdn87CC4oPzvDZjtEcAHeEavS4VrzahnzFO1KvxLZ5","previousCounter":0,"rootKey":"HNNlqU+CRdc/H4XiCq3meFhhsTsU8Ucbo/au7RLt738="},"indexInfo":{"baseKey":"BZJoIBkb3WmpxXzfGjacTDIjCyqPXw5LwOwm+x9ShWYX","baseKeyType":1,"closed":-1,"used":1749062789632,"created":1749062789632,"remoteIdentityKey":"BQJIyzbTiSa2Lt+NPo9wEz3UfOgQZP9ZPXFbpCNtbTQL"},"_chains":{"BfaxE74cjh+81PYxQOEX6GB+XRMAHOZ1majpMXiAcIEY":{"chainKey":{"counter":0,"key":"ZESWWRECmJ4l0z+SRepa5Tse3arXmaWzuCEU0ySWptc="},"chainType":1,"messageKeys":{}}},"pendingPreKey":{"signedKeyId":1,"baseKey":"BZJoIBkb3WmpxXzfGjacTDIjCyqPXw5LwOwm+x9ShWYX"}}},"version":"v1"}