{"_sessions":{"BVckhpN6oIMQVOszn0s7ReEmEbUBjiA8mv3jPSDgD8cf":{"registrationId":350682221,"currentRatchet":{"ephemeralKeyPair":{"pubKey":"BWTvnlTk82dzDLM5eoCe2/S9qK0UMK+hPnpQOyl1Iowg","privKey":"sPcU3uHok9FPB/+h06UD9LaYYN/kgOSI17R0h/30In4="},"lastRemoteEphemeralKey":"BcstgpQaXPKhapi7to7T+a3PvxUeZjJL04XuwpXVXz0j","previousCounter":0,"rootKey":"rTn3FOpkHVUzTDAx00SiOguKG2XTMrHTQrSWK1bX3g8="},"indexInfo":{"baseKey":"BVckhpN6oIMQVOszn0s7ReEmEbUBjiA8mv3jPSDgD8cf","baseKeyType":1,"closed":-1,"used":1749062789804,"created":1749062789804,"remoteIdentityKey":"BS553O4qGZ2zSuByTVOGyQiO2QAAHlF1RYeta7UylDch"},"_chains":{"BWTvnlTk82dzDLM5eoCe2/S9qK0UMK+hPnpQOyl1Iowg":{"chainKey":{"counter":0,"key":"Tw2nRjyDAQBAzBMDEJH06gfHF+CFqkvZzfRJ96gdhJc="},"chainType":1,"messageKeys":{}}},"pendingPreKey":{"signedKeyId":13,"baseKey":"BVckhpN6oIMQVOszn0s7ReEmEbUBjiA8mv3jPSDgD8cf","preKeyId":8473105}}},"version":"v1"}