{"_sessions":{"BbPeDcwszjp1Ec4aIZj0F8e27wv0BjEGzn8ZwFpV/q42":{"registrationId":208,"currentRatchet":{"ephemeralKeyPair":{"pubKey":"BU0kOYCy1DlgNkvp4LKTm3R0jwWWJ+29fZlFlvtrUrFm","privKey":"0BNqGwiT8NrY1oBkxjRGU6QTo6kT9p2qUl5ffcF5mXM="},"lastRemoteEphemeralKey":"BVWNpCnvIOGoTknhk0JJvxgR9XL+wM++9gKfgMSrqfYy","previousCounter":0,"rootKey":"FOHSWNMrbZnxESq9o7KiHZ7Z3ySFALSxyl0ByJ+UBgQ="},"indexInfo":{"baseKey":"BbPeDcwszjp1Ec4aIZj0F8e27wv0BjEGzn8ZwFpV/q42","baseKeyType":2,"closed":-1,"used":1749118693432,"created":1749118693432,"remoteIdentityKey":"BSKSM84wrgvTFULTQttvrMB83HiwngQa6dX+YGRpEgYR"},"_chains":{"BVWNpCnvIOGoTknhk0JJvxgR9XL+wM++9gKfgMSrqfYy":{"chainKey":{"counter":0,"key":"Y0juvYLPbx7+at1Hk/dHwL2STtgVQkeupgXpGH0kBl4="},"chainType":2,"messageKeys":{}},"BU0kOYCy1DlgNkvp4LKTm3R0jwWWJ+29fZlFlvtrUrFm":{"chainKey":{"counter":-1,"key":"s/eyU4RT4qIPPRqjfoAaGWOAYS5vSK9Ac7UtDJiFynk="},"chainType":1,"messageKeys":{}}}}},"version":"v1"}