{"_sessions":{"BTq8wpkSsR4KEadJ/IX28L6vagFykDdlghJs6f5w20ZY":{"registrationId":11464,"currentRatchet":{"ephemeralKeyPair":{"pubKey":"BTManBJYX1qe2zcqr+XhO9LcNO4VP9Vp/9HCm85kanR3","privKey":"4PiWuZY5S09M10FdaeQsYV5tXzxVMbmOwBezZnIa8XE="},"lastRemoteEphemeralKey":"BemGgKvXSSjQh94G59TsDVlg6AeXtlq9epJgSHPnMLl9","previousCounter":0,"rootKey":"kR03eL6M62eClYgg3celiIxpEC9ja5t5/LKTSK1DBjc="},"indexInfo":{"baseKey":"BTq8wpkSsR4KEadJ/IX28L6vagFykDdlghJs6f5w20ZY","baseKeyType":1,"closed":-1,"used":1749062789620,"created":1749062789620,"remoteIdentityKey":"BW+kvD2uXCkMaNA5GAPIPa8/1r41V7TwtJtDmL+JFqMl"},"_chains":{"BTManBJYX1qe2zcqr+XhO9LcNO4VP9Vp/9HCm85kanR3":{"chainKey":{"counter":0,"key":"TqjTrgG1R7voIGbFs7M7Fh+2an3TjZkEPU1bt51+zqc="},"chainType":1,"messageKeys":{}}},"pendingPreKey":{"signedKeyId":1,"baseKey":"BTq8wpkSsR4KEadJ/IX28L6vagFykDdlghJs6f5w20ZY","preKeyId":540}}},"version":"v1"}