{"_sessions":{"BYlFKWQiE4ocqaxa172Cu8Vl/Xgt46my8cKwiv6JMTVA":{"registrationId":1803327941,"currentRatchet":{"ephemeralKeyPair":{"pubKey":"Bcm0MGN9l28RoOdhLzviA09rpZQcBiTrTCvuOtg5uKdp","privKey":"YO3PGQWAnaSUYmPJIiEuCetGJUmNg/W7Tr/esVag83M="},"lastRemoteEphemeralKey":"BYTOnmJTNRWioj5FWu2EDT3Tekk8aOvm/K6YHlAr1cUl","previousCounter":0,"rootKey":"QCxNZbepHmelxRH9BBr+XzkYX7rK2X7zJbXdN0wWUmE="},"indexInfo":{"baseKey":"BYlFKWQiE4ocqaxa172Cu8Vl/Xgt46my8cKwiv6JMTVA","baseKeyType":1,"closed":-1,"used":1749062789684,"created":1749062789684,"remoteIdentityKey":"BT+ZdW1pvbzX395vwwljB6VM6z8pb3UiinT2kKZcn207"},"_chains":{"Bcm0MGN9l28RoOdhLzviA09rpZQcBiTrTCvuOtg5uKdp":{"chainKey":{"counter":0,"key":"/itdJgSwznJyGyDI7/HbTQF9NS+ezAtmVS643oytyik="},"chainType":1,"messageKeys":{}}},"pendingPreKey":{"signedKeyId":16,"baseKey":"BYlFKWQiE4ocqaxa172Cu8Vl/Xgt46my8cKwiv6JMTVA","preKeyId":7810125}}},"version":"v1"}