{"_sessions":{"Bbl16NI687S4lu3LelwMOn0OONsE/FDCTjSQ3H5wOt50":{"registrationId":194,"currentRatchet":{"ephemeralKeyPair":{"pubKey":"BVdVDtCKWNXoWVUcFzEdU8dCLovLI/d3LaeUcLA/xIh5","privKey":"ANj8uuwbMWVlN9lZWlunX39QnKVKK5ztpIyugmjSYlc="},"lastRemoteEphemeralKey":"Bejv0B7Xa8qp1kHYTQkICGdO5WyHUYz9Mj5M/DoUBzw4","previousCounter":0,"rootKey":"KkE5tGFjIG5H5QeQYbJTkrxHyjC4ttjPq7zwp6zHdvg="},"indexInfo":{"baseKey":"Bbl16NI687S4lu3LelwMOn0OONsE/FDCTjSQ3H5wOt50","baseKeyType":1,"closed":-1,"used":1749062789508,"created":1749062789508,"remoteIdentityKey":"BZaLlJgjQUt8+N28cZpB+ZCYqp7XhPiUnjRYCSk7r8U/"},"_chains":{"BVdVDtCKWNXoWVUcFzEdU8dCLovLI/d3LaeUcLA/xIh5":{"chainKey":{"counter":0,"key":"zsgAIjb0sXHCtwroDz//FvWYRaTCQHk53ljScVzPqp0="},"chainType":1,"messageKeys":{}}},"pendingPreKey":{"signedKeyId":1,"baseKey":"Bbl16NI687S4lu3LelwMOn0OONsE/FDCTjSQ3H5wOt50"}}},"version":"v1"}