{"_sessions":{"Beu1xtCYOaiFot5pqJWhDhDUkPOg9Hs+oASpoheTxaVW":{"registrationId":1032505357,"currentRatchet":{"ephemeralKeyPair":{"pubKey":"BW0f8e45WGBhUZANsjq228lowlh136WeI/vUQHvJZbJ6","privKey":"0IXyscAgcvXDLWqXU7nhMOrbmIeeHHND0qAZ927ud0k="},"lastRemoteEphemeralKey":"BUsloOZA9a5FfgpSUhKDKotOgs9pF7C8Wk+hUJr/WVAB","previousCounter":0,"rootKey":"JzRa96Q1tBFjgfYoj8XQZdBaHfdxkm0W0QDTUdLxpBQ="},"indexInfo":{"baseKey":"Beu1xtCYOaiFot5pqJWhDhDUkPOg9Hs+oASpoheTxaVW","baseKeyType":1,"closed":-1,"used":1749062789716,"created":1749062789716,"remoteIdentityKey":"BX83rJCLkRsm2A4DvT+SMHwev8l9ApqtdKvNKfG1Mu8B"},"_chains":{"BW0f8e45WGBhUZANsjq228lowlh136WeI/vUQHvJZbJ6":{"chainKey":{"counter":0,"key":"OQ5nJSKxajVPekL5KIrSwAV9GSALFyhZqFZydkewg+I="},"chainType":1,"messageKeys":{}}},"pendingPreKey":{"signedKeyId":5,"baseKey":"Beu1xtCYOaiFot5pqJWhDhDUkPOg9Hs+oASpoheTxaVW","preKeyId":14093847}}},"version":"v1"}