{"_sessions":{"BZVUx2lGrx0jlzmerhIwkpiUpxWpBR2iM0FFy79a1W5j":{"registrationId":1222409105,"currentRatchet":{"ephemeralKeyPair":{"pubKey":"BQXF2gKpeb8W4PK8sBCD5I2EUkze+FAPu2RfgPDubQxk","privKey":"EDynalUVI/B80mv+JlUhKCqSRN6eejMtTF+sdsRPgHY="},"lastRemoteEphemeralKey":"BY8AoNVnrNzgkjU8OR2lI9ITmQQnrapeOxCg3zVi/fEr","previousCounter":0,"rootKey":"sWC1GqPGv7RKlAQkTYdSxtazP/VxoNb5AOSH5kTQT+U="},"indexInfo":{"baseKey":"BZVUx2lGrx0jlzmerhIwkpiUpxWpBR2iM0FFy79a1W5j","baseKeyType":1,"closed":-1,"used":1749062789743,"created":1749062789743,"remoteIdentityKey":"BZq3xSAvA6VanPB+U7z72ro8RCsh6Zj41hLx2fK478od"},"_chains":{"BQXF2gKpeb8W4PK8sBCD5I2EUkze+FAPu2RfgPDubQxk":{"chainKey":{"counter":0,"key":"g4h6ZdBptOBg0bAdgvVT+p6SjLGIAEY6qWRayS5WFnw="},"chainType":1,"messageKeys":{}}},"pendingPreKey":{"signedKeyId":0,"baseKey":"BZVUx2lGrx0jlzmerhIwkpiUpxWpBR2iM0FFy79a1W5j","preKeyId":8003719}}},"version":"v1"}