{"_sessions":{"BS474CwuJ3I87EM+VRUsUYmPHqHp//um+wzCelMntq4+":{"registrationId":168,"currentRatchet":{"ephemeralKeyPair":{"pubKey":"BQzNsKHZxw5TBbWw0zqXKVAv+ESMs7XJre5UBl+IHYwK","privKey":"4JOMq9I/JYK6lXhDvQFwEsztJEGSLmG7ex5NZYEDbVA="},"lastRemoteEphemeralKey":"BSfC6E0JO0Gnuhw4xuyP/z/e64tLT/B3maHWqyQOKMkG","previousCounter":0,"rootKey":"GBOHPhw7GJh+rLkzKxNke7YuH6M2djT9M06kgPWJdgw="},"indexInfo":{"baseKey":"BS474CwuJ3I87EM+VRUsUYmPHqHp//um+wzCelMntq4+","baseKeyType":1,"closed":-1,"used":1749062789428,"created":1749062789428,"remoteIdentityKey":"BefHr8uvcOQLVWkUTSqAV+2OZjpmTg6R5Oihip3lz2MW"},"_chains":{"BQzNsKHZxw5TBbWw0zqXKVAv+ESMs7XJre5UBl+IHYwK":{"chainKey":{"counter":0,"key":"gJMHSp4AmQxbS3n6i3guhrB2Hl2eGzF74nf0cuhz4Yc="},"chainType":1,"messageKeys":{}}},"pendingPreKey":{"signedKeyId":1,"baseKey":"BS474CwuJ3I87EM+VRUsUYmPHqHp//um+wzCelMntq4+"}}},"version":"v1"}