{"_sessions":{"BX2HckUHKiEoLoZAPKRiDXdiDXCWUOTnmGgE6y+e9QpI":{"registrationId":511496088,"currentRatchet":{"ephemeralKeyPair":{"pubKey":"BZYAlAkdanpsQI//Oij5tPd2xwNMcL6RzDVqD2f0UFxa","privKey":"QBHxXPMpbQRyb9dd5bzHU0RMMoQvJCxeV9Q8UJYBVEo="},"lastRemoteEphemeralKey":"BV9fOngadM1dPiTTZBv6NtWsLu6l1kvC+l97zP4tiqhX","previousCounter":0,"rootKey":"i/5Gf/AeUgFDys1YL1Eap2uX08IPeXdwsZYhBdaSOG4="},"indexInfo":{"baseKey":"BX2HckUHKiEoLoZAPKRiDXdiDXCWUOTnmGgE6y+e9QpI","baseKeyType":1,"closed":-1,"used":1749062789459,"created":1749062789459,"remoteIdentityKey":"BUEH1ohmlw4bqZQd1Ja2eov8j8/es5V39jEG4iWWmT56"},"_chains":{"BZYAlAkdanpsQI//Oij5tPd2xwNMcL6RzDVqD2f0UFxa":{"chainKey":{"counter":0,"key":"yaCbD2kISt8D+CYZ5EmRAAX69Smciq7Or57KfuZ8AuM="},"chainType":1,"messageKeys":{}}},"pendingPreKey":{"signedKeyId":1,"baseKey":"BX2HckUHKiEoLoZAPKRiDXdiDXCWUOTnmGgE6y+e9QpI","preKeyId":1839}}},"version":"v1"}