{"_sessions":{"BXdfGicA0QAivq1Ntw7Szo5VyQ0A+gFUVMbB4ux/hxdG":{"registrationId":1389937070,"currentRatchet":{"ephemeralKeyPair":{"pubKey":"Be7kBYqlcvKWs6sJccEE3RyyPl244MJBb98DjFqmkmY3","privKey":"COANjC3Fnh7xm3ejiQLdRUQMh7m7Qul1Qn115MQfTkc="},"lastRemoteEphemeralKey":"Bd239n4cp1lGksqInJVzkhvFIOYJon6j8K0bv2w3MGMW","previousCounter":0,"rootKey":"14OMdZPx9LLfYodKXQz0mRmjzPNLnLj+rIxzcELeCYA="},"indexInfo":{"baseKey":"BXdfGicA0QAivq1Ntw7Szo5VyQ0A+gFUVMbB4ux/hxdG","baseKeyType":1,"closed":-1,"used":1749062789591,"created":1749062789591,"remoteIdentityKey":"BcLZCNbbxlsPJeGClFRSC5Hq9CHHY4AXVcIbeoKXMDFA"},"_chains":{"Be7kBYqlcvKWs6sJccEE3RyyPl244MJBb98DjFqmkmY3":{"chainKey":{"counter":0,"key":"4BzzJLJEHiIaSqbubgVKRE9Brz1A/r3nN6uDyxE+wl8="},"chainType":1,"messageKeys":{}}},"pendingPreKey":{"signedKeyId":1,"baseKey":"BXdfGicA0QAivq1Ntw7Szo5VyQ0A+gFUVMbB4ux/hxdG"}}},"version":"v1"}