{"_sessions":{"BcLaa8UQ9/jRpLg0mEuCppWO5YKXqhETke1ioiZk2JpH":{"registrationId":1237,"currentRatchet":{"ephemeralKeyPair":{"pubKey":"BX9NunqSV3LzrPZiY4ZfYr5Ra26uAZuKwoeJLpLJDyMl","privKey":"AOeYCrjAoxcjij0z3K27c9bDWzOmtMh0L0YDfY5RrWw="},"lastRemoteEphemeralKey":"BTfEuYz62VthZUuvfGCeA15cnieXcIhncIGp9Imjcfkm","previousCounter":0,"rootKey":"neFGLrXCUuycuiPvp6O9jPiLfmPnqwJ+O2EpewT+mX0="},"indexInfo":{"baseKey":"BcLaa8UQ9/jRpLg0mEuCppWO5YKXqhETke1ioiZk2JpH","baseKeyType":1,"closed":-1,"used":1749062789511,"created":1749062789511,"remoteIdentityKey":"BRoypsiXJzXrU3lXt5GK3V4V/7dSkO7DROLUV3qFeG5v"},"_chains":{"BX9NunqSV3LzrPZiY4ZfYr5Ra26uAZuKwoeJLpLJDyMl":{"chainKey":{"counter":0,"key":"Ru3OdS7bk3j6VnQrw0U/2B9pOa0rzkIAmgzoqYj2Z2w="},"chainType":1,"messageKeys":{}}},"pendingPreKey":{"signedKeyId":1,"baseKey":"BcLaa8UQ9/jRpLg0mEuCppWO5YKXqhETke1ioiZk2JpH","preKeyId":252}}},"version":"v1"}