{"_sessions":{"Bbi6BvuaLVX2QSz5l0nuNy9NMhyRGthSAgp89RcWOHp9":{"registrationId":1613675068,"currentRatchet":{"ephemeralKeyPair":{"pubKey":"BQ+ZAMKSUt9bZW66hisO8fkU4ZcjDfNAmSdDr6/PcEV2","privKey":"GAGV80BYjclimofgt7u3v5b1U/VDmsjD9Z96JCCQxFQ="},"lastRemoteEphemeralKey":"BY9a4oxElkB1RC3WhG7bKL9JPaZ+1VjqSulnNCNpFIYR","previousCounter":0,"rootKey":"I79Q6xBelriYM6ka3OItgwgSm9mbfmAvOaRAw6QTnSs="},"indexInfo":{"baseKey":"Bbi6BvuaLVX2QSz5l0nuNy9NMhyRGthSAgp89RcWOHp9","baseKeyType":1,"closed":-1,"used":1749062789690,"created":1749062789690,"remoteIdentityKey":"BemWu+lwAvIvT/ChZxiutWzCKNzBoYhlk0ziBYMj3WQw"},"_chains":{"BQ+ZAMKSUt9bZW66hisO8fkU4ZcjDfNAmSdDr6/PcEV2":{"chainKey":{"counter":0,"key":"/221avoB7FaLl3HJYz+onxAWDFlVKZUNn7C+2ALD5+Q="},"chainType":1,"messageKeys":{}}},"pendingPreKey":{"signedKeyId":14,"baseKey":"Bbi6BvuaLVX2QSz5l0nuNy9NMhyRGthSAgp89RcWOHp9","preKeyId":12490643}}},"version":"v1"}