{"_sessions":{"BehZy9ipU+9L3bvnfemdecDTbu3KpED84PN1V4fbPaBA":{"registrationId":1819887001,"currentRatchet":{"ephemeralKeyPair":{"pubKey":"BTt+zLDl8HCbMsBIeHlvWFPZucu9PmGh3VrA+s9ABycR","privKey":"+EGvTXXqiMkI4/fLFPshSFLmfR12kEgG2cwuQs8Gd0k="},"lastRemoteEphemeralKey":"BRrpaa+h/fNFmOOCDRPl3cvAGfzdwNKcnCUE5dnbR7lg","previousCounter":0,"rootKey":"JsOyafbP97ENU9cLHmVdXXrRDyXpudHQBoI4GYbvORE="},"indexInfo":{"baseKey":"BehZy9ipU+9L3bvnfemdecDTbu3KpED84PN1V4fbPaBA","baseKeyType":2,"closed":-1,"used":1749055822645,"created":1749055822645,"remoteIdentityKey":"BXDJGmdRmOrMxPBKh1fhR6B+EAQl654ioS8JrP1Gcwkn"},"_chains":{"BRrpaa+h/fNFmOOCDRPl3cvAGfzdwNKcnCUE5dnbR7lg":{"chainKey":{"counter":5,"key":"dDgmrh7dkZcCVFALuv7jF3uAUA+Ae36x64yne0V4lnM="},"chainType":2,"messageKeys":{}},"BTt+zLDl8HCbMsBIeHlvWFPZucu9PmGh3VrA+s9ABycR":{"chainKey":{"counter":0,"key":"w0/76KAa/CvmxDq3vcFll9xCsZW6U7Tf8g4+8kfVOEs="},"chainType":1,"messageKeys":{}}}}},"version":"v1"}