{"_sessions":{"Bfg6AoOEDTwOkJwwtLw4p7ftKXh0JzOngAisDozZyNph":{"registrationId":1522252569,"currentRatchet":{"ephemeralKeyPair":{"pubKey":"BWF9G0JtzJM/vlVC64rHuBM+QixmsxiYfYNPqA+2YfEv","privKey":"QD3udZnRbD6sKmE0WeGmLTv19gA4/rpOK/nUwsTEfls="},"lastRemoteEphemeralKey":"BeCME9SkyzIJH9Eb0UDgscmqkpSh+p3q4PU2RZS8u9s9","previousCounter":0,"rootKey":"thHUBM7ScN7PkDPBJmptPMhjq66SZsTFVtu/eIbHXGE="},"indexInfo":{"baseKey":"Bfg6AoOEDTwOkJwwtLw4p7ftKXh0JzOngAisDozZyNph","baseKeyType":1,"closed":-1,"used":1749062718010,"created":1749048596528,"remoteIdentityKey":"BYo1ulvlet58x87sOizLqchLzkv3F+11nNeyt1D8PEs6"},"_chains":{"BeCME9SkyzIJH9Eb0UDgscmqkpSh+p3q4PU2RZS8u9s9":{"chainKey":{"counter":0,"key":"Xfu8rbtJ5wzLDtPrjICpskC/86KMRgrXDc6TjUZaM4M="},"chainType":2,"messageKeys":{}},"BWF9G0JtzJM/vlVC64rHuBM+QixmsxiYfYNPqA+2YfEv":{"chainKey":{"counter":-1,"key":"rICJ5K50bXRV4ZdwTc3umVPoGUp7oO+YZexaTKiR0f4="},"chainType":1,"messageKeys":{}}}}},"version":"v1"}