{"_sessions":{"BSpQk7d+amPQ7LZYlwZqPkpmBUqzbGRoHld51PGuf+lk":{"registrationId":1370389078,"currentRatchet":{"ephemeralKeyPair":{"pubKey":"BU2GVGkbmHv/7NEb637WBzkABWHUvPESzrZgu6aQWIs7","privKey":"2CmaQSPKUh6FoUQdE6MsAb/dBMe0F2vVsmA3xPqGL20="},"lastRemoteEphemeralKey":"BYKR3e9ucX1UhSQ++MCAzIN2o/zNrER87uEjhl4Ac6hh","previousCounter":0,"rootKey":"+FAW2wry8FjJnURs41s7BvUm/7AoMfPRhep9f511riI="},"indexInfo":{"baseKey":"BSpQk7d+amPQ7LZYlwZqPkpmBUqzbGRoHld51PGuf+lk","baseKeyType":1,"closed":-1,"used":1749062789785,"created":1749062789785,"remoteIdentityKey":"Ba1ZjRa0zpZlNFAXh+4gacZSXd1mK+cjnb0/+I+t6h5g"},"_chains":{"BU2GVGkbmHv/7NEb637WBzkABWHUvPESzrZgu6aQWIs7":{"chainKey":{"counter":0,"key":"uQvKqrm/OEMlCF+F/zaFwAnzY8xlIBeKIYbK2aJXr68="},"chainType":1,"messageKeys":{}}},"pendingPreKey":{"signedKeyId":1,"baseKey":"BSpQk7d+amPQ7LZYlwZqPkpmBUqzbGRoHld51PGuf+lk","preKeyId":2674064}}},"version":"v1"}