{"_sessions":{"BY9LZ+lbPIYuPd23rAet3BbfOPA8qlWJveLtE+r5dnRy":{"registrationId":2063436506,"currentRatchet":{"ephemeralKeyPair":{"pubKey":"BQRzFYT0yra9aVQ20a2lwl6lOOI2c3LJUwQ909dQq+xO","privKey":"uMnZzKYMW4xzl5iktbqUi3lXFmaCq4NfAtSkq8vQEXU="},"lastRemoteEphemeralKey":"BTgSLVJgihQvQ3QDgAHMuMgZTtMz+V80Cb1gN621a+sA","previousCounter":0,"rootKey":"RYPYdsKRGTDJNf91KnQ4yi71FaqQJgWkfRKC1fvnsLc="},"indexInfo":{"baseKey":"BY9LZ+lbPIYuPd23rAet3BbfOPA8qlWJveLtE+r5dnRy","baseKeyType":1,"closed":-1,"used":1749062789705,"created":1749062789705,"remoteIdentityKey":"BTuLQdN457p9/xnrHYAQb9Qr4Ys2xe0Zr4Lu9wRM4WQ0"},"_chains":{"BQRzFYT0yra9aVQ20a2lwl6lOOI2c3LJUwQ909dQq+xO":{"chainKey":{"counter":0,"key":"py1jO1Yu0B/nJIOXcOgchPVU4a1CWWz2zRquS2HAjmo="},"chainType":1,"messageKeys":{}}},"pendingPreKey":{"signedKeyId":6,"baseKey":"BY9LZ+lbPIYuPd23rAet3BbfOPA8qlWJveLtE+r5dnRy","preKeyId":1516953}}},"version":"v1"}