{"_sessions":{"BZ74Tkja7hQqqr9YND2k+bnkfC5T5A1HqwaP69edeAYl":{"registrationId":1101531470,"currentRatchet":{"ephemeralKeyPair":{"pubKey":"BUIUG5j/BNxYVr6zXeEmaaSDtIjKP3p9t2wLtbnwNkZv","privKey":"AEYMbO2uEr5ZlFK1JgcgYqotYl3rE68cDq/b8aS/DEQ="},"lastRemoteEphemeralKey":"BYj3OdfMIj23XLfiE35cL6HBoyRFriIDcNaLlcc+mip0","previousCounter":0,"rootKey":"s0imTsGrcTmGedNxCv1rc118/W9c3aMwgtYdk6h4owM="},"indexInfo":{"baseKey":"BZ74Tkja7hQqqr9YND2k+bnkfC5T5A1HqwaP69edeAYl","baseKeyType":1,"closed":-1,"used":1749062789656,"created":1749062789656,"remoteIdentityKey":"Bfis7FaDkAZcbY8IdMp1Q5eVTGYFEq/W6qUJSeKYuPJU"},"_chains":{"BUIUG5j/BNxYVr6zXeEmaaSDtIjKP3p9t2wLtbnwNkZv":{"chainKey":{"counter":0,"key":"/nIGDvDXFaw2C3GxCBAQyEhJGjvOjnemNgPvDB19MhY="},"chainType":1,"messageKeys":{}}},"pendingPreKey":{"signedKeyId":11428319,"baseKey":"BZ74Tkja7hQqqr9YND2k+bnkfC5T5A1HqwaP69edeAYl","preKeyId":26622}}},"version":"v1"}