{"_sessions":{"BRrOeXg11o48Cpnt68G5rO2wQ1a8+GGYa+81SyWJYpoa":{"registrationId":592694904,"currentRatchet":{"ephemeralKeyPair":{"pubKey":"BSR93zpB8Xb70/8TRJywT6SZ3gwPWa9eBtlaneXdjNFF","privKey":"OPnHwY46Ad17jdt+0aYEqfMOCDCIx/HbHC7/HpzTa0o="},"lastRemoteEphemeralKey":"Bfw1115A84giESMRsJ6M6n64nskhHw18uOaTXgZdOpsy","previousCounter":0,"rootKey":"hN3g33bOdLQvsPFeDBvBYl2SEmz2qz+dTqJ4UuHbi2c="},"indexInfo":{"baseKey":"BRrOeXg11o48Cpnt68G5rO2wQ1a8+GGYa+81SyWJYpoa","baseKeyType":2,"closed":-1,"used":1749118695363,"created":1749118695363,"remoteIdentityKey":"Bb7gNQ6xnslB7sN/GKKZMXbJ+vMM+7XF6byikvq9B7Ac"},"_chains":{"Bfw1115A84giESMRsJ6M6n64nskhHw18uOaTXgZdOpsy":{"chainKey":{"counter":0,"key":"cn2uNRWGC06SGYy/LZQKAz6a0KfGvHa5Sii7W1BIFrQ="},"chainType":2,"messageKeys":{}},"BSR93zpB8Xb70/8TRJywT6SZ3gwPWa9eBtlaneXdjNFF":{"chainKey":{"counter":-1,"key":"m6XjsQq4Uxzds/JzLAHklZw6e7oqBdEyb/gCpGEzDEg="},"chainType":1,"messageKeys":{}}}}},"version":"v1"}