{"_sessions":{"BfF4I6dAg0D4SD/Anc0/wZKCA2jY0tT4twnBcutfC5QT":{"registrationId":1880210771,"currentRatchet":{"ephemeralKeyPair":{"pubKey":"BYezSXPHOryJHW2FPOg8xRGFKm6qgen2odZBNN9uyHFM","privKey":"OOlb9Yu/2WXbe4d8a8zInjfVGCdMiFVelSt/LRcO+HM="},"lastRemoteEphemeralKey":"BeiwTnJ5+qg3E31+FfHV1Vg2B4tkG72W6YQWjzSTnQFz","previousCounter":0,"rootKey":"lNz2bpGxRzSYajkhT4G3yj2En764NR89SBI6XtGTvUM="},"indexInfo":{"baseKey":"BfF4I6dAg0D4SD/Anc0/wZKCA2jY0tT4twnBcutfC5QT","baseKeyType":1,"closed":-1,"used":1749062789728,"created":1749062789728,"remoteIdentityKey":"BTGO9c/Y3RUkBxgyDk25/Qsx7Cax9Ki3DQawNjYbZihx"},"_chains":{"BYezSXPHOryJHW2FPOg8xRGFKm6qgen2odZBNN9uyHFM":{"chainKey":{"counter":0,"key":"i9FE5YZsMLj2t5Bmm0RB0S7gHDHwoIdONhuaipnPPeY="},"chainType":1,"messageKeys":{}}},"pendingPreKey":{"signedKeyId":9,"baseKey":"BfF4I6dAg0D4SD/Anc0/wZKCA2jY0tT4twnBcutfC5QT","preKeyId":4506762}}},"version":"v1"}