{"_sessions":{"Bf0wBGn0CJCBzL4tO6XqzfNvkLQAky3go6TieYdyLFIt":{"registrationId":653828333,"currentRatchet":{"ephemeralKeyPair":{"pubKey":"BWNjkYtKdKw3esenY+GCykhc0RZJRbNBCGiLT0c/bzlO","privKey":"oIavOWLyr7qoNuEsUQyVlDvaU5IG8D+hKUnetToqbGM="},"lastRemoteEphemeralKey":"BVrQBFzIwobjeDarNnUSch5v5ZfjCp67EIm5QDi7IW94","previousCounter":0,"rootKey":"cCuvrTPKhx4iUIYAif5J4Nm+ZkBmDYK297lx865u+mc="},"indexInfo":{"baseKey":"Bf0wBGn0CJCBzL4tO6XqzfNvkLQAky3go6TieYdyLFIt","baseKeyType":2,"closed":-1,"used":1749118695512,"created":1749118695512,"remoteIdentityKey":"BQYzprUy2+v/peF8WE2DIxkMWu7kdZY0XuwoLOQktoYZ"},"_chains":{"BVrQBFzIwobjeDarNnUSch5v5ZfjCp67EIm5QDi7IW94":{"chainKey":{"counter":1,"key":"bcMVvw4Ey7MydwwEiT3J1XI5ynmdw4Y6xuCNVYc8oX4="},"chainType":2,"messageKeys":{"0":"Zo/7bmh6ZFSGAWAbJemNQR1o0yDDei+X/1GqD1dN0tU="}},"BWNjkYtKdKw3esenY+GCykhc0RZJRbNBCGiLT0c/bzlO":{"chainKey":{"counter":-1,"key":"r4dvwI8jwAlaaS/lEHErqPS38PAPmUn6GviRGWZFU4s="},"chainType":1,"messageKeys":{}}}}},"version":"v1"}