{"_sessions":{"BXxTMRzwtbg/F6iLIt0eJTM+PdzZf+Aqd0UFhTZ7hkZH":{"registrationId":227624772,"currentRatchet":{"ephemeralKeyPair":{"pubKey":"BWdoVPK6KzSXOKhYno1mWq3fdSLh+LUjclbT+Pisf8kQ","privKey":"eHw1UaNV/UscbnoVR4fhomOq5K5iaeTGhv4vMUnmM0U="},"lastRemoteEphemeralKey":"BeUa7gytd3UJ7Jii7MJm0nvCyjxUvn5oBGUU65DIR5c4","previousCounter":0,"rootKey":"3q7A5/atE9R33pWzkwxIHV2otdQiqLTnzDqSwZ6Z0hQ="},"indexInfo":{"baseKey":"BXxTMRzwtbg/F6iLIt0eJTM+PdzZf+Aqd0UFhTZ7hkZH","baseKeyType":2,"closed":-1,"used":1749118695288,"created":1749118695288,"remoteIdentityKey":"BbWHEFlFFPPqfWNtsiQvA80Uo7R+zAFIBNMNLw4pqo8y"},"_chains":{"BeUa7gytd3UJ7Jii7MJm0nvCyjxUvn5oBGUU65DIR5c4":{"chainKey":{"counter":0,"key":"dmdxMfbNsNdhGUcZM1iaVp10mwISr+MUQYos1tMtugE="},"chainType":2,"messageKeys":{}},"BWdoVPK6KzSXOKhYno1mWq3fdSLh+LUjclbT+Pisf8kQ":{"chainKey":{"counter":-1,"key":"7O3Id404oarm6zQVLMTekchR3KhIxHzyeOcXTC0Y8kA="},"chainType":1,"messageKeys":{}}}}},"version":"v1"}