{"_sessions":{"BYqBa25awpfjnpWLLx9KweU3CQIN5fp4RES6KBP0bhMu":{"registrationId":964889821,"currentRatchet":{"ephemeralKeyPair":{"pubKey":"BSxt2TBpJpiJuH/Y9uZ4sWSxbYavcJy26zHaIZGk18A6","privKey":"qP07Q+YSmbT/n57Ed7+wJmc3pAe0hYGw8a87DtQws1Y="},"lastRemoteEphemeralKey":"BT3Tr55Py/fygfa2fxR4iS27U8oqzrnc77N6qHSkWehy","previousCounter":0,"rootKey":"hGlkuirAUnk6BthOLIPWRKpL9SmMF8aOaHL1ZBTu58E="},"indexInfo":{"baseKey":"BYqBa25awpfjnpWLLx9KweU3CQIN5fp4RES6KBP0bhMu","baseKeyType":1,"closed":-1,"used":1749062789787,"created":1749062789787,"remoteIdentityKey":"BWeP3bZ6aMdmjwd0hiyaHH44jf/SekEc3KCkq027HXUk"},"_chains":{"BSxt2TBpJpiJuH/Y9uZ4sWSxbYavcJy26zHaIZGk18A6":{"chainKey":{"counter":0,"key":"537ZakMnVAefMWZUVXqNxrOyCjNMggLMzGrR0mJfVww="},"chainType":1,"messageKeys":{}}},"pendingPreKey":{"signedKeyId":1,"baseKey":"BYqBa25awpfjnpWLLx9KweU3CQIN5fp4RES6KBP0bhMu"}}},"version":"v1"}