{"_sessions":{"BVYq/7r74YPIX7izlJD1CYL4ZS+mxueUJ8xE0M+rhYM7":{"registrationId":995731853,"currentRatchet":{"ephemeralKeyPair":{"pubKey":"Bdze8qP0ngPMrypRnP/A1AymINVeKX9wrEEJYyNNXiJK","privKey":"sA2lhNGUpjdZBibZtV0FKglowxPuNacEihEIn/wv4VQ="},"lastRemoteEphemeralKey":"BQct4c5exgdDp9DVF4/ypAR91/MzI9ww+EFD+Z30ux1W","previousCounter":0,"rootKey":"+E6P9Luto5n9fPCbO1DZCqiRAt8pFWgSSuCp4sgB41Y="},"indexInfo":{"baseKey":"BVYq/7r74YPIX7izlJD1CYL4ZS+mxueUJ8xE0M+rhYM7","baseKeyType":1,"closed":-1,"used":1749062789800,"created":1749062789800,"remoteIdentityKey":"BR9tGSU9n/KjBA0euz+7OjQYRMSvgV4KS+EKkBpI/J4s"},"_chains":{"Bdze8qP0ngPMrypRnP/A1AymINVeKX9wrEEJYyNNXiJK":{"chainKey":{"counter":0,"key":"5PB5e0JxBx71qKfkxmwJAe9pBFhB6YQNpX2HC3UCulE="},"chainType":1,"messageKeys":{}}},"pendingPreKey":{"signedKeyId":0,"baseKey":"BVYq/7r74YPIX7izlJD1CYL4ZS+mxueUJ8xE0M+rhYM7","preKeyId":12979292}}},"version":"v1"}