{"_sessions":{"BTO5NlH9/Gdlr3W19/N7h0pU8pf8H7PqWsirUn0q/UJl":{"registrationId":1401520617,"currentRatchet":{"ephemeralKeyPair":{"pubKey":"BcK4vpDe3RSk4yvAs3ISajCqSza/ywqTiNYhQ3xXYWwH","privKey":"aGWuZix18Fut7e4xVl7PMx79gSri6p9gE4IrjwcX5Vk="},"lastRemoteEphemeralKey":"BfymBEVSsstIIkd2DRxJa7mg5+5jwjG6nCKaLKNQFWtm","previousCounter":0,"rootKey":"VxBiDvcx0GfHiH4wNnavWqWR5sjnCEb7N8cstTkS68c="},"indexInfo":{"baseKey":"BTO5NlH9/Gdlr3W19/N7h0pU8pf8H7PqWsirUn0q/UJl","baseKeyType":1,"closed":-1,"used":1749120817058,"created":1749048596521,"remoteIdentityKey":"BZz+ikNAMh/2iM0/3kz9tokQtPB11ChcR/+Qbe4GHnYr"},"_chains":{"BfymBEVSsstIIkd2DRxJa7mg5+5jwjG6nCKaLKNQFWtm":{"chainKey":{"counter":2,"key":"qC/z5WqMZjWkbsbHn7E683P6Rg7ut5mGeVFyDOr4sKE="},"chainType":2,"messageKeys":{"0":"kTNpzb+A4midbeV+xhuD5EDqyxt9K6v0BIpiBXtmKr4=","1":"shcKH9Jq/lXVwEp1RA1xdiuiELfXzh1HJOIhkuMgia0="}},"BcK4vpDe3RSk4yvAs3ISajCqSza/ywqTiNYhQ3xXYWwH":{"chainKey":{"counter":-1,"key":"Cu3ZoAa+zTuMWXI5K9SSQLKm17DQn4ndxBjpvNe1Lcw="},"chainType":1,"messageKeys":{}}}}},"version":"v1"}