{"_sessions":{"BY1JJfHzWrR+fskNDREHI5L+q0lBkFlbQPw9DaTKcltu":{"registrationId":204452323,"currentRatchet":{"ephemeralKeyPair":{"pubKey":"BR3qDJsK7/1OiueA6gHZ7+Fbw9KVrPI8YFTErfPW9KJt","privKey":"sLbrn533TS9Rjmp92+Yzpmg/6mLWsGoeCDhIlK4n1Xg="},"lastRemoteEphemeralKey":"BYzPaqWHA1BDBpfxyi7KImhngkHorbUxxvOYk7kWnkQh","previousCounter":0,"rootKey":"jFCfmlHK0vqDiiuTfR+IBj546YXFscj9HB81eO/lpxc="},"indexInfo":{"baseKey":"BY1JJfHzWrR+fskNDREHI5L+q0lBkFlbQPw9DaTKcltu","baseKeyType":1,"closed":-1,"used":1749062789642,"created":1749062789642,"remoteIdentityKey":"BaJ4xwWoZO4RnCArkl5b9Vy0NNjZHlJjW5EUsfxV+SUa"},"_chains":{"BR3qDJsK7/1OiueA6gHZ7+Fbw9KVrPI8YFTErfPW9KJt":{"chainKey":{"counter":0,"key":"1RPIxdo43973G1iiazYr5l72Ld+yscb7BCoXvm+NbD8="},"chainType":1,"messageKeys":{}}},"pendingPreKey":{"signedKeyId":4,"baseKey":"BY1JJfHzWrR+fskNDREHI5L+q0lBkFlbQPw9DaTKcltu","preKeyId":1333778}}},"version":"v1"}