{"_sessions":{"BW2wG51u0VmF9Bhr5vQNp9BUYr4w0ewDCQMEeGITj6UV":{"registrationId":754276235,"currentRatchet":{"ephemeralKeyPair":{"pubKey":"BUmbWioxm/1Q5l7QZOPHjGn3wvLGrWciFh3zX8Tsx3w8","privKey":"kA4p9qpHY50ISpE582Y91q1MSjLMKQ9xlJwe0Ps4a2Y="},"lastRemoteEphemeralKey":"BfjNC1N+kjRUc1050h2VgZG4K1PKGZdDyl3hPSsjKAI6","previousCounter":0,"rootKey":"BOa9BjM2UwshhoS0oJe07zcaZGfJ7WG4+gbQqDnX3PA="},"indexInfo":{"baseKey":"BW2wG51u0VmF9Bhr5vQNp9BUYr4w0ewDCQMEeGITj6UV","baseKeyType":1,"closed":-1,"used":1749062789782,"created":1749062789782,"remoteIdentityKey":"BZrbGHEWKjCuB/8Vr8v9mxTQMmfoK302MVAjIG8H2PZZ"},"_chains":{"BUmbWioxm/1Q5l7QZOPHjGn3wvLGrWciFh3zX8Tsx3w8":{"chainKey":{"counter":0,"key":"R9UCgQCemmKohOXZJoJl8EoTHleewGRDrq0/4NhZ4IQ="},"chainType":1,"messageKeys":{}}},"pendingPreKey":{"signedKeyId":12,"baseKey":"BW2wG51u0VmF9Bhr5vQNp9BUYr4w0ewDCQMEeGITj6UV","preKeyId":2469281}}},"version":"v1"}