{"_sessions":{"BRkvdJKZd1ONVMm0OpAgh9/QqeNwR+zjTFkGsbGZmGd4":{"registrationId":196,"currentRatchet":{"ephemeralKeyPair":{"pubKey":"BUomfWk9umVhxViU6+4UD41TG0E3CvRL8RYK8utrevp1","privKey":"GGyKGe/076VpYU9k+Quw2Cw2SIUrbkmLyyIUAOizK28="},"lastRemoteEphemeralKey":"BfW1X5HjfSqLvXLULV8NNAa29sZ8bmJp7UKADMQV2qlP","previousCounter":0,"rootKey":"9Ce3m6YVfRmYc6b2aHTV5CSho1Dgby4rQL0IrIob2wM="},"indexInfo":{"baseKey":"BRkvdJKZd1ONVMm0OpAgh9/QqeNwR+zjTFkGsbGZmGd4","baseKeyType":1,"closed":-1,"used":1749062789456,"created":1749062789456,"remoteIdentityKey":"BeZXDGfkxIWWYOSxZycT65Y/2BrPdxg9ed/zx0ET76Rc"},"_chains":{"BUomfWk9umVhxViU6+4UD41TG0E3CvRL8RYK8utrevp1":{"chainKey":{"counter":0,"key":"0dYvT4js57JInJf0rlNpv3syox1RCoYZns0TzKk2S6s="},"chainType":1,"messageKeys":{}}},"pendingPreKey":{"signedKeyId":1,"baseKey":"BRkvdJKZd1ONVMm0OpAgh9/QqeNwR+zjTFkGsbGZmGd4"}}},"version":"v1"}