{"_sessions":{"BREIyx81Tqc4y9zvHk/wY16e7Gh6uHiif/w95Vz4JqA/":{"registrationId":960301554,"currentRatchet":{"ephemeralKeyPair":{"pubKey":"BSiibqdzhGfIYXXYBKtkLkENpQV9mv+uke+Vc4IVdQV8","privKey":"aCKFBebKWLoB2GV22qZe5oKDbk6kU1JF9e1mzllAyGc="},"lastRemoteEphemeralKey":"BV9jS+CMKizbPWwKYL7lF5XglHPoKZZBrwJoql6S/qkG","previousCounter":1,"rootKey":"nxsltA4r0/IbDRkFHZuPhbTBVvqr0jk+hz/w/hvN0no="},"indexInfo":{"baseKey":"BREIyx81Tqc4y9zvHk/wY16e7Gh6uHiif/w95Vz4JqA/","baseKeyType":2,"closed":-1,"used":1749118689595,"created":1749048564396,"remoteIdentityKey":"BSacQ8yxT6hFUM0Yegb2GEiRU12jGkIEZqM5q8uTxscj"},"_chains":{"BVIbvGJiRTwxjCnYmX/gWkDQ+tEO3a7P4FMf15O377pQ":{"chainKey":{"counter":8},"chainType":2,"messageKeys":{"7":"JCdevZF6+IlY73y1XXN2jrmb3Z++ATJ6pyFpq4+F5nM="}},"BV9jS+CMKizbPWwKYL7lF5XglHPoKZZBrwJoql6S/qkG":{"chainKey":{"counter":5,"key":"6aBrLP+UGqi2WrA+PjVTI52bZ35egBHEpqfub0LknVQ="},"chainType":2,"messageKeys":{"3":"ncJSSlrOSIpC3pNzk/eQzHAAp6qkhJNGePiLwbpvjpM=","4":"tbX2977dyqPPA9JHVK6fndZnExEUm5O/NpDiO7GdDDQ="}},"BSiibqdzhGfIYXXYBKtkLkENpQV9mv+uke+Vc4IVdQV8":{"chainKey":{"counter":-1,"key":"AuGWKDSClsq1HmQOWDoYqOQ4Pi+D+H1JIGzrJbR22Gw="},"chainType":1,"messageKeys":{}}}}},"version":"v1"}