{"_sessions":{"BU6dsWtfZX6DIZgW0OWyHpWsD05fLLbhvFGaJJNCxu5d":{"registrationId":38,"currentRatchet":{"ephemeralKeyPair":{"pubKey":"BS4OWdnW19Qx9iXxmFtkn53R8kMnka0P92EeVWC2CNkc","privKey":"aK0KjRZ2mhG1PDcsRj4wWWlafiFsA3SYxPD2kzoNlFQ="},"lastRemoteEphemeralKey":"BXdSicbbLMJ18VKpOVy4AnDW+TCmoMwQtjyw2PfI9+9+","previousCounter":0,"rootKey":"pXS6L75sIZRE3GPXwAtPox4mH1rvWFKaEdnFC8MkRtc="},"indexInfo":{"baseKey":"BU6dsWtfZX6DIZgW0OWyHpWsD05fLLbhvFGaJJNCxu5d","baseKeyType":1,"closed":-1,"used":1749062789517,"created":1749062789517,"remoteIdentityKey":"BZMBSJlajk0pPr1nnSHKN8EXUNJb7O5KAvna8WbKl2gR"},"_chains":{"BS4OWdnW19Qx9iXxmFtkn53R8kMnka0P92EeVWC2CNkc":{"chainKey":{"counter":0,"key":"qTJrVY6KjZa0Hwts+k0KlM91WuFoyDcbxiYt7GYVe8A="},"chainType":1,"messageKeys":{}}},"pendingPreKey":{"signedKeyId":1,"baseKey":"BU6dsWtfZX6DIZgW0OWyHpWsD05fLLbhvFGaJJNCxu5d"}}},"version":"v1"}