{"_sessions":{"BadamgMStEe//eYdxqhxxy1Wlgp3eCZ9+m11lXSmNrpz":{"registrationId":555173997,"currentRatchet":{"ephemeralKeyPair":{"pubKey":"BawvkyeaXW18LyaxSUk1O4prFi1Sp0b5ptvmHsOFnrQb","privKey":"cM5p0pvyutLzwHBbnf2OYCQdqoxjsl9I8sERMeTfv2Y="},"lastRemoteEphemeralKey":"Bbf0vfegfF+4dn4wQIucnyp4fRKPxw6zvWOuvWysYLN+","previousCounter":0,"rootKey":"ybWNzz54b+mbyOjRMg+QbKR+GLVT2XFGakjIGcsp0fw="},"indexInfo":{"baseKey":"BadamgMStEe//eYdxqhxxy1Wlgp3eCZ9+m11lXSmNrpz","baseKeyType":1,"closed":-1,"used":1749118696395,"created":1749048596519,"remoteIdentityKey":"Bb1twrTb2od99wuwzuS69AWaXCbI/yL9Kki6AGjrmaA9"},"_chains":{"Bbf0vfegfF+4dn4wQIucnyp4fRKPxw6zvWOuvWysYLN+":{"chainKey":{"counter":0,"key":"kntQVA6X1Pun9QX6dsULMmN4PBj3S1LzeH/2R9Bt+W8="},"chainType":2,"messageKeys":{}},"BawvkyeaXW18LyaxSUk1O4prFi1Sp0b5ptvmHsOFnrQb":{"chainKey":{"counter":-1,"key":"2SGSdGnlrHqUYf9B+gWTgBWROghEsmVprAWiXzvYnxc="},"chainType":1,"messageKeys":{}}}}},"version":"v1"}