{"_sessions":{"BadamgMStEe//eYdxqhxxy1Wlgp3eCZ9+m11lXSmNrpz":{"registrationId":555173997,"currentRatchet":{"ephemeralKeyPair":{"pubKey":"BawvkyeaXW18LyaxSUk1O4prFi1Sp0b5ptvmHsOFnrQb","privKey":"cM5p0pvyutLzwHBbnf2OYCQdqoxjsl9I8sERMeTfv2Y="},"lastRemoteEphemeralKey":"Bbf0vfegfF+4dn4wQIucnyp4fRKPxw6zvWOuvWysYLN+","previousCounter":0,"rootKey":"ybWNzz54b+mbyOjRMg+QbKR+GLVT2XFGakjIGcsp0fw="},"indexInfo":{"baseKey":"BadamgMStEe//eYdxqhxxy1Wlgp3eCZ9+m11lXSmNrpz","baseKeyType":1,"closed":1749123360892,"used":1749118696395,"created":1749048596519,"remoteIdentityKey":"Bb1twrTb2od99wuwzuS69AWaXCbI/yL9Kki6AGjrmaA9"},"_chains":{"Bbf0vfegfF+4dn4wQIucnyp4fRKPxw6zvWOuvWysYLN+":{"chainKey":{"counter":0,"key":"kntQVA6X1Pun9QX6dsULMmN4PBj3S1LzeH/2R9Bt+W8="},"chainType":2,"messageKeys":{}},"BawvkyeaXW18LyaxSUk1O4prFi1Sp0b5ptvmHsOFnrQb":{"chainKey":{"counter":-1,"key":"2SGSdGnlrHqUYf9B+gWTgBWROghEsmVprAWiXzvYnxc="},"chainType":1,"messageKeys":{}}}},"BXlVLGn1FeapiClRIfpZtRgpOorRMEJAUeiWbaCdE9Av":{"registrationId":555173997,"currentRatchet":{"ephemeralKeyPair":{"pubKey":"BUfF0amqhiRPDoYLjxgC95y+FxFdtV185AQqprFp+6p/","privKey":"oHr5jRvjYDaJ06Ey/apgUWMUn0KRzbom9i750X+/MWc="},"lastRemoteEphemeralKey":"BRYGE4M+wJLZ6oO16G3D3yewDju6XqK4eZnlXX2WoetT","previousCounter":0,"rootKey":"13XWFqNhTE7wGmHagNlg7aB9pVfcrKxqyCIBqEH1ikg="},"indexInfo":{"baseKey":"BXlVLGn1FeapiClRIfpZtRgpOorRMEJAUeiWbaCdE9Av","baseKeyType":2,"closed":-1,"used":1749123360895,"created":1749123360895,"remoteIdentityKey":"Bb1twrTb2od99wuwzuS69AWaXCbI/yL9Kki6AGjrmaA9"},"_chains":{"BRYGE4M+wJLZ6oO16G3D3yewDju6XqK4eZnlXX2WoetT":{"chainKey":{"counter":0,"key":"cWo6BTXnQSPm095DMB77XUl1Fjj5/oub7tBs17VNy2k="},"chainType":2,"messageKeys":{}},"BUfF0amqhiRPDoYLjxgC95y+FxFdtV185AQqprFp+6p/":{"chainKey":{"counter":-1,"key":"fk3IVlJr697FUzteAU/a/sxrM3P3Um9C1shmkNrVq9c="},"chainType":1,"messageKeys":{}}}}},"version":"v1"}