{"_sessions":{"BVbDOG16TLzg8ajxoV4vmbQ9ucktPE5N4y3B9Y4M5fNU":{"registrationId":179278809,"currentRatchet":{"ephemeralKeyPair":{"pubKey":"BXNtKuKHI+Xue4B1YP/e9iJqJEKuG+ifK1RxbJ+dwTN8","privKey":"ODbXu3Cb+C1lIy2NZPwcKkZjcKTZNo7MJ1kZT3pwBWc="},"lastRemoteEphemeralKey":"BdKms5aI3bC6Uav8dxJ4+vPE8un041LTeEVwQyyHoTso","previousCounter":0,"rootKey":"orLKDD4PGAoc1X5FWqMh/QJWcrGTfZeLr5vN9+xele8="},"indexInfo":{"baseKey":"BVbDOG16TLzg8ajxoV4vmbQ9ucktPE5N4y3B9Y4M5fNU","baseKeyType":1,"closed":-1,"used":1749062789562,"created":1749062789562,"remoteIdentityKey":"BcgvYwUYzBQhuZ0iABkL74S0T/ADW3Kwj4aUjrAcedoA"},"_chains":{"BXNtKuKHI+Xue4B1YP/e9iJqJEKuG+ifK1RxbJ+dwTN8":{"chainKey":{"counter":0,"key":"DJ4xJ7dddWsZCGZ6FRSgv6PUNoqQPe+uaItYMDWk5lI="},"chainType":1,"messageKeys":{}}},"pendingPreKey":{"signedKeyId":3,"baseKey":"BVbDOG16TLzg8ajxoV4vmbQ9ucktPE5N4y3B9Y4M5fNU","preKeyId":8073}}},"version":"v1"}