{"_sessions":{"BUtfcExnSuRr47L64/9X6OY1zQfCa1RKyo8mRFw27Cwa":{"registrationId":864698265,"currentRatchet":{"ephemeralKeyPair":{"pubKey":"BXMmXFbg3T5IoQu0e/2EyJGsxUOtVgiyR2g+LFo285EY","privKey":"kFICIa6D2IGyTup4NtCUt5BguY7/qkaJRg3VtUojQ2k="},"lastRemoteEphemeralKey":"BZkhvf2Jku0wjf/Mwung9WU6vewnzb8/EhwyqJtbVoMd","previousCounter":0,"rootKey":"b+CC5dL57yU0iC3uGrSST0zVv4NX1dn5xH1kKZCugTA="},"indexInfo":{"baseKey":"BUtfcExnSuRr47L64/9X6OY1zQfCa1RKyo8mRFw27Cwa","baseKeyType":1,"closed":-1,"used":1749062789791,"created":1749062789791,"remoteIdentityKey":"BTsAJNLXIworhDzXiyRyIMLr++gGVQruc8wJ0KLjf9lm"},"_chains":{"BXMmXFbg3T5IoQu0e/2EyJGsxUOtVgiyR2g+LFo285EY":{"chainKey":{"counter":0,"key":"E6DHsailGEsnmo9I2QQdFLxo76HvckcCzmVbMxI8eQU="},"chainType":1,"messageKeys":{}}},"pendingPreKey":{"signedKeyId":1,"baseKey":"BUtfcExnSuRr47L64/9X6OY1zQfCa1RKyo8mRFw27Cwa","preKeyId":291808}}},"version":"v1"}