{"_sessions":{"BbvfliyuQLy0hwIeedfVooJ+2+YQFYJkD3cTF3B5oYY0":{"registrationId":958658594,"currentRatchet":{"ephemeralKeyPair":{"pubKey":"BS8+aZxuQ0204wP5fhIGrFEXG9GWYMY1a42bQMX+U3U9","privKey":"OD9eOQyx9PpAvVJ0yT6bzw4DCxx/D6rzmrdtBGiIrVM="},"lastRemoteEphemeralKey":"BSMm8Y/o3Hg8drIiWDDFT51+zCQ02D2bna0Y4aTfM118","previousCounter":0,"rootKey":"adZrMImoe1DyE+l2yDqUWLLeJASR6YvUvY2hHNBbpy8="},"indexInfo":{"baseKey":"BbvfliyuQLy0hwIeedfVooJ+2+YQFYJkD3cTF3B5oYY0","baseKeyType":2,"closed":-1,"used":1749118694816,"created":1749118694816,"remoteIdentityKey":"BWDuAEZi+q4U+UWI5+oU1nvdFFgkPhP6WIj4WYCnAZsu"},"_chains":{"BSMm8Y/o3Hg8drIiWDDFT51+zCQ02D2bna0Y4aTfM118":{"chainKey":{"counter":0,"key":"ITr94QTwJo24lTjnMxo6QN2eG8DmxHNWsqu4MFMXNvM="},"chainType":2,"messageKeys":{}},"BS8+aZxuQ0204wP5fhIGrFEXG9GWYMY1a42bQMX+U3U9":{"chainKey":{"counter":-1,"key":"NcfI7aiZzCSXfQCPyFbgL+jhLz4T/OfTVURBbAR3yTI="},"chainType":1,"messageKeys":{}}}}},"version":"v1"}