{"_sessions":{"BfdKnjGJkFSmb1ePjI/V9rVtRY41gTGBxQhuAuHFHpEU":{"registrationId":1419430926,"currentRatchet":{"ephemeralKeyPair":{"pubKey":"BTL9eCXKFH2cjXp9MAW4341C5gWlZnFT2UwJ4i2OafN9","privKey":"aO6cSMECY+zRWWEoPCvzQEBTl2iWUYhySf/+N+NCKkM="},"lastRemoteEphemeralKey":"BfcvCFdkQb6u320g99N+4zQ2GZOc0Xa46GytFGJnga9f","previousCounter":0,"rootKey":"1st6Hm/T1u3mfWm2KgaiNpqxLmcmtnWIFNn7/nglvQ8="},"indexInfo":{"baseKey":"BfdKnjGJkFSmb1ePjI/V9rVtRY41gTGBxQhuAuHFHpEU","baseKeyType":1,"closed":-1,"used":1749062789761,"created":1749062789761,"remoteIdentityKey":"BTW+clqby21SebOXitGp1jlMr+58JNY1+UFiivQhzikF"},"_chains":{"BTL9eCXKFH2cjXp9MAW4341C5gWlZnFT2UwJ4i2OafN9":{"chainKey":{"counter":0,"key":"k1f1nTwbUU8RCc7vAM+/LoFv2IozDnMuTFAgrFgX7fA="},"chainType":1,"messageKeys":{}}},"pendingPreKey":{"signedKeyId":27,"baseKey":"BfdKnjGJkFSmb1ePjI/V9rVtRY41gTGBxQhuAuHFHpEU","preKeyId":9404871}}},"version":"v1"}