{"_sessions":{"BUTQ3Vo32wv/0kd78182Ol7RFZqmwdsw0jSjF4AZWGJp":{"registrationId":214579815,"currentRatchet":{"ephemeralKeyPair":{"pubKey":"Bdcimh+OA6jaqVqATI4kLJq+taG46TkjauTwd9oscn93","privKey":"aLIC5QtnNVYX17n06LOWg2/29vBf5XDST63fg4OOo3I="},"lastRemoteEphemeralKey":"Bfyn+XtV7pByhQV2KgtPLactkxmfNFgHY7yDKNEzPSga","previousCounter":0,"rootKey":"MYNlGG8LKHSV0p++Zya+M9CxLjQlKmYXsoCdPu9Egbg="},"indexInfo":{"baseKey":"BUTQ3Vo32wv/0kd78182Ol7RFZqmwdsw0jSjF4AZWGJp","baseKeyType":1,"closed":-1,"used":1749062789714,"created":1749062789714,"remoteIdentityKey":"BWJPAx+8vuR36EK68CycReFL87fb/MO8/9vWvIfLfu8V"},"_chains":{"Bdcimh+OA6jaqVqATI4kLJq+taG46TkjauTwd9oscn93":{"chainKey":{"counter":0,"key":"SF4Ecv1e31EZ7xgEKCTolTnQDfvhVYhfGfvFvkDm4JY="},"chainType":1,"messageKeys":{}}},"pendingPreKey":{"signedKeyId":3,"baseKey":"BUTQ3Vo32wv/0kd78182Ol7RFZqmwdsw0jSjF4AZWGJp"}}},"version":"v1"}