{"_sessions":{"Bc7xUaOJmOHVh8zUHErBKt6uXjZ5Mpte5M0vPiLehHcC":{"registrationId":1423550191,"currentRatchet":{"ephemeralKeyPair":{"pubKey":"BYqg/fcW32lenrm1fu8wInJvNDct/YyJx2+ESn9lIv1M","privKey":"YD3FUPZ4E7mut6M5+QkiF5dCEgmxoWWY5ydEniUtiEs="},"lastRemoteEphemeralKey":"BWLJ9O1EQXOU8jPo/qy03ADYI6/3g7uTUR7K06FeKzcA","previousCounter":0,"rootKey":"ZV5BBRg1CJMEkwlm8/+guUKrvvjv89KyuTDYV/f+x9Y="},"indexInfo":{"baseKey":"Bc7xUaOJmOHVh8zUHErBKt6uXjZ5Mpte5M0vPiLehHcC","baseKeyType":2,"closed":-1,"used":1749118696368,"created":1749118696368,"remoteIdentityKey":"BUYOWCEhRSWKNpQ3Yg66PWmdNI/r/hrUFUoVPy7vTSJy"},"_chains":{"BWLJ9O1EQXOU8jPo/qy03ADYI6/3g7uTUR7K06FeKzcA":{"chainKey":{"counter":0,"key":"yB7lJzZK/6u+vYWXTQIBqHdhfKXehtoq6PGxgO8wogc="},"chainType":2,"messageKeys":{}},"BYqg/fcW32lenrm1fu8wInJvNDct/YyJx2+ESn9lIv1M":{"chainKey":{"counter":-1,"key":"gPv4JZa+wmtf7e1RcqfmU62hG5bqLR73yai3d8+e2R0="},"chainType":1,"messageKeys":{}}}}},"version":"v1"}