{"_sessions":{"BfYBEmgO6YdX91wFVPjhwaoPtr5KrGMzzRZj7CX7u2AY":{"registrationId":1700167408,"currentRatchet":{"ephemeralKeyPair":{"pubKey":"BbolNjTDE1EET2ssHNSjH78h1GZYn7edccej0gAOve5f","privKey":"6ARXOLLqsrz8WlSdFKRLaOIfEcwM+2rAhnqHt37RVlE="},"lastRemoteEphemeralKey":"BdSP6+vp/8xDnxKbMWjyx+eYN7flYpbW8AYY/vrOllZE","previousCounter":0,"rootKey":"Znm9qbZyeIpT0QW4t8OLP5FfIQ/rmxpU2HtmDq1rhD4="},"indexInfo":{"baseKey":"BfYBEmgO6YdX91wFVPjhwaoPtr5KrGMzzRZj7CX7u2AY","baseKeyType":2,"closed":-1,"used":1749118696316,"created":1749118696316,"remoteIdentityKey":"BTyfuh/rOtbI5IOgAaeMOKkzaAvka24RC/7ZC7L1jvcY"},"_chains":{"BdSP6+vp/8xDnxKbMWjyx+eYN7flYpbW8AYY/vrOllZE":{"chainKey":{"counter":1,"key":"LO7z+lDuZuGJJBx65xwuNS5OUwRvIoezexG4KPgMyaw="},"chainType":2,"messageKeys":{"0":"QTSnfuvoz7fpgUKZMFGbb1csKw6gEHvWu+JcaGDsonQ="}},"BbolNjTDE1EET2ssHNSjH78h1GZYn7edccej0gAOve5f":{"chainKey":{"counter":-1,"key":"YoAo+eN38L/qa77hqITRV0yf6VU2+8p7f7qus/cABEg="},"chainType":1,"messageKeys":{}}}}},"version":"v1"}