{"_sessions":{"BV40nWfLIt43yKQUPa8DBfomjMKM2WDWyztKobWyvu4h":{"registrationId":61,"currentRatchet":{"ephemeralKeyPair":{"pubKey":"BRKWtpZ2uaGp8K4LKoLGy9vVfZ8G92O4QLun+Qn7A3sr","privKey":"CJ0xJhUXOUPy+KQ+QKoKPJ+qIP1uYKdRp/G/gJ2GFGY="},"lastRemoteEphemeralKey":"BXCHJxxmJpjfASrp6FAmxJ1v3afdwI501RDuf/QwpZB7","previousCounter":0,"rootKey":"cwCUDq4I0wXifztYD/dmeMA/ByCiC0zeHJffKw2oQ6M="},"indexInfo":{"baseKey":"BV40nWfLIt43yKQUPa8DBfomjMKM2WDWyztKobWyvu4h","baseKeyType":1,"closed":-1,"used":1749062789515,"created":1749062789515,"remoteIdentityKey":"Baeh4xy6M3DQZrhxRE8J31zBR3vMygbKZMitLHKLkr0/"},"_chains":{"BRKWtpZ2uaGp8K4LKoLGy9vVfZ8G92O4QLun+Qn7A3sr":{"chainKey":{"counter":0,"key":"0MHLoSeFHg1Fu0uM95qR8O7ZakKzarIj+K9AhjuJswo="},"chainType":1,"messageKeys":{}}},"pendingPreKey":{"signedKeyId":1,"baseKey":"BV40nWfLIt43yKQUPa8DBfomjMKM2WDWyztKobWyvu4h"}}},"version":"v1"}