{"_sessions":{"BcstKxv5UUEOT1R+nXDKh/u4PJULZiTniUfMM1GT2V9a":{"registrationId":2119697992,"currentRatchet":{"ephemeralKeyPair":{"pubKey":"BcATFelNg796RJlUIOvW1H6sM7mJgLT2g6OEKWSOZ5lF","privKey":"0I3iizJO73+ghJouibxscwnJ5tGT6w8B85At0h8BOWg="},"lastRemoteEphemeralKey":"BYsa9p7D7NNEvegIvs9V64v5JcNWtPRE4XJbW06+9NUi","previousCounter":0,"rootKey":"TuBPcUw8wFSvebWpZdGsxGUAxeRppcPf5BNfXKRYgkw="},"indexInfo":{"baseKey":"BcstKxv5UUEOT1R+nXDKh/u4PJULZiTniUfMM1GT2V9a","baseKeyType":1,"closed":-1,"used":1749062789740,"created":1749062789740,"remoteIdentityKey":"BUhNS2I0lG+LLXH5C18K56GLypJ3zuqt10QUtdxkW493"},"_chains":{"BcATFelNg796RJlUIOvW1H6sM7mJgLT2g6OEKWSOZ5lF":{"chainKey":{"counter":0,"key":"sNG56T12+/gvry9c6tRtkKYJ6wSEinWo4b/23vYU8h8="},"chainType":1,"messageKeys":{}}},"pendingPreKey":{"signedKeyId":0,"baseKey":"BcstKxv5UUEOT1R+nXDKh/u4PJULZiTniUfMM1GT2V9a"}}},"version":"v1"}