{"_sessions":{"Bei7a0020mKGP3e8xnk6wif10e3whO2Ld3mX+7Ct5rMk":{"registrationId":1060445269,"currentRatchet":{"ephemeralKeyPair":{"pubKey":"BdcKArzVeehztaeGh0Vf0/CRDOeHXNL/FR5cZV4KAn5+","privKey":"+Motqv6p3c7+6h/WqK/m3NY5bwWxZZ3oiP2JGjyye3A="},"lastRemoteEphemeralKey":"BdRuhgh2bYP4q2nsTp+6XbUPqWEpwRg7leCcO5WHv/pT","previousCounter":0,"rootKey":"zZ34CyocTmWtufzLznUArfsSRwX5nBrWE8XcAJGqFt0="},"indexInfo":{"baseKey":"Bei7a0020mKGP3e8xnk6wif10e3whO2Ld3mX+7Ct5rMk","baseKeyType":1,"closed":-1,"used":1749062789780,"created":1749062789780,"remoteIdentityKey":"BScoK4zq+8gp9lQgq7ZHAz3pHsS1/3ukUPoU9I+a3gAF"},"_chains":{"BdcKArzVeehztaeGh0Vf0/CRDOeHXNL/FR5cZV4KAn5+":{"chainKey":{"counter":0,"key":"mkoKgLgLWfXSrkGpqGJWYKYkQ8fem3KxPigAT09Ktt8="},"chainType":1,"messageKeys":{}}},"pendingPreKey":{"signedKeyId":1,"baseKey":"Bei7a0020mKGP3e8xnk6wif10e3whO2Ld3mX+7Ct5rMk","preKeyId":15570828}}},"version":"v1"}