{"_sessions":{"BZ56OFTD8R91QItKoiSGeSm99HrmzIK89y4wbmMp6CIJ":{"registrationId":1774995779,"currentRatchet":{"ephemeralKeyPair":{"pubKey":"BUtqNfW3F+xEg/8ENgfmMEWWiHRrZd5MsjExKILS6OZZ","privKey":"yJ9y980eitrbLX4/ahhIb+uZL+Eb8U4BuPmJR5DUfmw="},"lastRemoteEphemeralKey":"BaAEQQCcxZwLWaNgU6Hogh1/c5s7mDrDJ3Yy1KB/xiQZ","previousCounter":0,"rootKey":"OPbLW2oDsNPgNleDvk3aXFXgt6zTeciKBTDOFGCr+ns="},"indexInfo":{"baseKey":"BZ56OFTD8R91QItKoiSGeSm99HrmzIK89y4wbmMp6CIJ","baseKeyType":2,"closed":-1,"used":1749118695902,"created":1749118695902,"remoteIdentityKey":"BQ4ErDSsvDiec1cc8yXZ7RWpBStw9b5spanlw9jaC0Ea"},"_chains":{"BaAEQQCcxZwLWaNgU6Hogh1/c5s7mDrDJ3Yy1KB/xiQZ":{"chainKey":{"counter":0,"key":"BBgmQkwWyk4fTvlPzZMmhgJ+lJCaG1tBvsC7lf9VyZI="},"chainType":2,"messageKeys":{}},"BUtqNfW3F+xEg/8ENgfmMEWWiHRrZd5MsjExKILS6OZZ":{"chainKey":{"counter":-1,"key":"wfd1/OpD6bd2assKUYYQPJE0xognFIS7v/4vWNOtjDY="},"chainType":1,"messageKeys":{}}}}},"version":"v1"}