{"_sessions":{"BRUTEwlRDmKHHJN9R6dLpbiwkiViUQV/U4cIeSv3sbED":{"registrationId":1802857831,"currentRatchet":{"ephemeralKeyPair":{"pubKey":"BZaxjJDeUfmOOKuKla9M/Zl/6LV0W0hFezPdGIQJ/31Q","privKey":"8LuEeMchVoHiEvBtN+c5FTxwc+k5tYcZMHMMgcLieEw="},"lastRemoteEphemeralKey":"BVRypZ+7P77HFChAMYeActWWmVAalkHO+ZaeMPwI7QBD","previousCounter":0,"rootKey":"Gb68Xeobu0bRqy0o2ZhrPK0CfdS5nk5x+JHYbfWJG6w="},"indexInfo":{"baseKey":"BRUTEwlRDmKHHJN9R6dLpbiwkiViUQV/U4cIeSv3sbED","baseKeyType":1,"closed":-1,"used":1749062789758,"created":1749062789758,"remoteIdentityKey":"BdiXWXklhKwll7azhqqd92HDcG7oo6xSnlnWspGsCEdi"},"_chains":{"BZaxjJDeUfmOOKuKla9M/Zl/6LV0W0hFezPdGIQJ/31Q":{"chainKey":{"counter":0,"key":"wmMv0734IyOK63TjVCM57x5xaqxMXiF2wYCZFwIb+Lg="},"chainType":1,"messageKeys":{}}},"pendingPreKey":{"signedKeyId":1,"baseKey":"BRUTEwlRDmKHHJN9R6dLpbiwkiViUQV/U4cIeSv3sbED","preKeyId":16550921}}},"version":"v1"}