{"_sessions":{"BZZGjBtKM+UZYNSgno36nVbdq1BN9HTGtRJLUjwERmM+":{"registrationId":338104842,"currentRatchet":{"ephemeralKeyPair":{"pubKey":"Bfj8Amma4H4cTkZeenYRpfuC+Oecz76G7+F9RzV482J0","privKey":"8NpfJliN2VZDud+Hc/Q84X7Ofe0/p/HjDhaKzJVn5nc="},"lastRemoteEphemeralKey":"BcfvV8yHp+8bRmCEprnIqwTAQuXt/0AbbwGkHzYBa4Er","previousCounter":0,"rootKey":"ziEbxJ0aeeLXZ6VEKkNiAmisa/pErvw1Z5LE0AFDtLI="},"indexInfo":{"baseKey":"BZZGjBtKM+UZYNSgno36nVbdq1BN9HTGtRJLUjwERmM+","baseKeyType":1,"closed":-1,"used":1749062789695,"created":1749062789695,"remoteIdentityKey":"Bfnk8Y6NagUluFaz7bfURDGW5/iiQMxTwwEnG7b5QSBt"},"_chains":{"Bfj8Amma4H4cTkZeenYRpfuC+Oecz76G7+F9RzV482J0":{"chainKey":{"counter":0,"key":"GO2q2Twhtldqz9hRQX7zBZzLuJQ5jZo+POJRx+2YzeI="},"chainType":1,"messageKeys":{}}},"pendingPreKey":{"signedKeyId":2,"baseKey":"BZZGjBtKM+UZYNSgno36nVbdq1BN9HTGtRJLUjwERmM+","preKeyId":16053329}}},"version":"v1"}