{"_sessions":{"BZEpt4JkbXaaqC80Cli73HmnTZovLQofiDpE9KNbY4Fu":{"registrationId":1952669685,"currentRatchet":{"ephemeralKeyPair":{"pubKey":"BabW+uutlm0vvQacSiccfefUgxHTC1l+Hb11jh9Nlll2","privKey":"QFP/zZ5kT9eAJVTcD/KaFz5I9suQ3QZWLFbqXWIQSVk="},"lastRemoteEphemeralKey":"BYW1DXSadNufNUWIymwsOUZR33rDqGSmiBAn/p7zElsi","previousCounter":0,"rootKey":"idBt1htF/I2AuZpPjaTb8L2VYUpYVRENurxWjevhvW8="},"indexInfo":{"baseKey":"BZEpt4JkbXaaqC80Cli73HmnTZovLQofiDpE9KNbY4Fu","baseKeyType":1,"closed":-1,"used":1749062789661,"created":1749062789661,"remoteIdentityKey":"BbrFoRdnP0xOE77K/mQk/McHSsVZUcKnUgOVTIN0WBMW"},"_chains":{"BabW+uutlm0vvQacSiccfefUgxHTC1l+Hb11jh9Nlll2":{"chainKey":{"counter":0,"key":"nw1y6FNqksEt+kJtGbtWbiW7l0z9+xxWMAdc1OhWRvo="},"chainType":1,"messageKeys":{}}},"pendingPreKey":{"signedKeyId":2,"baseKey":"BZEpt4JkbXaaqC80Cli73HmnTZovLQofiDpE9KNbY4Fu","preKeyId":5884814}}},"version":"v1"}