{"_sessions":{"BQsk32L67anjcbTj0Qs9Gd/4HTt2zJHzLAvForsEbk4g":{"registrationId":1379938250,"currentRatchet":{"ephemeralKeyPair":{"pubKey":"BQ5oe77vbCMYtjIpb06jzfZvPZ9DjKwJefpGoW5F1jVT","privKey":"uER457grLkAr8dyBGe7exPk4knBOJOt74bjldKnVEXk="},"lastRemoteEphemeralKey":"BW21pEf5peQbeVQI1uIY+qKlv7/YSUY2sjWJYNuhrGtw","previousCounter":0,"rootKey":"x01zpcn81dINaJU7iiqO7cOilMRXhyMEZecbOmkZy/k="},"indexInfo":{"baseKey":"BQsk32L67anjcbTj0Qs9Gd/4HTt2zJHzLAvForsEbk4g","baseKeyType":1,"closed":-1,"used":1749118694794,"created":1749048596501,"remoteIdentityKey":"BXQvSjcWcJ+vhCUInbfChFbudBpMREjEF1L8xGnFjpEu"},"_chains":{"BW21pEf5peQbeVQI1uIY+qKlv7/YSUY2sjWJYNuhrGtw":{"chainKey":{"counter":1,"key":"rIaogcb5Mf5PPIHWVY5WpgsjYN62eTy86ImRjFj1x1g="},"chainType":2,"messageKeys":{}},"BQ5oe77vbCMYtjIpb06jzfZvPZ9DjKwJefpGoW5F1jVT":{"chainKey":{"counter":-1,"key":"6mpH7Jox7mR9LAvU9lsiiEUspNqbFXOjkzRq/NSBan8="},"chainType":1,"messageKeys":{}}}}},"version":"v1"}