{"_sessions":{"BbFqJyZv4bgeCkrzPwQv6UsU5JbmxkfzKo6Etf3yl0VM":{"registrationId":1070431179,"currentRatchet":{"ephemeralKeyPair":{"pubKey":"BeLPggN0pV+g4Yp178ksrSCvUnYQTrVxzXRJ7yi4P3Ef","privKey":"WMuOEuF7+akTETP6Y3JLDbiYi7LH2347STu1N7kNKks="},"lastRemoteEphemeralKey":"Ba4qEfGkeX8EIjj2noZNqcvMMvvID9LmRZI6MIBrviMp","previousCounter":0,"rootKey":"yjRV8Y842iGBye69eAJf8SjmGq27TK5mXN4N9rxBGFA="},"indexInfo":{"baseKey":"BbFqJyZv4bgeCkrzPwQv6UsU5JbmxkfzKo6Etf3yl0VM","baseKeyType":1,"closed":-1,"used":1749062789670,"created":1749062789670,"remoteIdentityKey":"Bc4VBijvl3+CA0grTQUWeBECtCxfYINf/D18TmYkWOVS"},"_chains":{"BeLPggN0pV+g4Yp178ksrSCvUnYQTrVxzXRJ7yi4P3Ef":{"chainKey":{"counter":0,"key":"irG0jaQrxvzFFSomg+d0Q1ViP53xEmWp6PhfPANdfM4="},"chainType":1,"messageKeys":{}}},"pendingPreKey":{"signedKeyId":0,"baseKey":"BbFqJyZv4bgeCkrzPwQv6UsU5JbmxkfzKo6Etf3yl0VM","preKeyId":1408021}}},"version":"v1"}