{"_sessions":{"BX6kUVav/u9Clx68Is7RPrz42pXz7gLQuv13pJwURQY8":{"registrationId":1376036400,"currentRatchet":{"ephemeralKeyPair":{"pubKey":"BQS+BDBEkx+3rpGKIMYexOTv4oNaY2JraI7VyvOxqYRz","privKey":"MFzyK+Tb1MiS5/A5MgpEkKbe9ATBjkpLvMh1TPXxOm8="},"lastRemoteEphemeralKey":"BbBv9pY4V1XP7pEJ+iS5CwBqCdmPyfLecee2qlJS8fAo","previousCounter":0,"rootKey":"k+vxN7cuxnFGfeKgLQFHhIh8GNkPJyUkr2XPz7nz1sc="},"indexInfo":{"baseKey":"BX6kUVav/u9Clx68Is7RPrz42pXz7gLQuv13pJwURQY8","baseKeyType":1,"closed":-1,"used":1749062789712,"created":1749062789712,"remoteIdentityKey":"BY66E+WzM+6B1IF/S9h5bPnKw7OTMEeKRZsR2aVLgwR+"},"_chains":{"BQS+BDBEkx+3rpGKIMYexOTv4oNaY2JraI7VyvOxqYRz":{"chainKey":{"counter":0,"key":"GD6FTct2pE53EIvOC+ayVqugT0mQb9+vf4imgajGp3E="},"chainType":1,"messageKeys":{}}},"pendingPreKey":{"signedKeyId":14,"baseKey":"BX6kUVav/u9Clx68Is7RPrz42pXz7gLQuv13pJwURQY8","preKeyId":7414279}}},"version":"v1"}