{"_sessions":{"BdV892IiFA3opVfsETrECJkiRVQBd2aMEVB1jeX7zy18":{"registrationId":892427406,"currentRatchet":{"ephemeralKeyPair":{"pubKey":"BS1btxzE5sc2mwoHF0pyZDf31iQmzAyznQCbYypD3gUj","privKey":"KNsaNhQh/wMX6u26h2VZEgJR2lJm8OzmP1seYqclG0Y="},"lastRemoteEphemeralKey":"BdS742HhEKumxMg4AWYCVL/xy7yNhYbU3oXIf52MwwxO","previousCounter":0,"rootKey":"TkUm4J9fKNuFDpxlqebgadQjIhqJf0OwB0yPk3SFJz4="},"indexInfo":{"baseKey":"BdV892IiFA3opVfsETrECJkiRVQBd2aMEVB1jeX7zy18","baseKeyType":2,"closed":-1,"used":1749118696421,"created":1749118696421,"remoteIdentityKey":"BZGwhiPdMvwX2vMnofLf8AToxAdWnjK7zT3q02mSjkBF"},"_chains":{"BdS742HhEKumxMg4AWYCVL/xy7yNhYbU3oXIf52MwwxO":{"chainKey":{"counter":0,"key":"vDOXXdK0cAn4M8GcgCPoUhqFR/iV4N8VSOmnMoiWfZ4="},"chainType":2,"messageKeys":{}},"BS1btxzE5sc2mwoHF0pyZDf31iQmzAyznQCbYypD3gUj":{"chainKey":{"counter":-1,"key":"Z8SKBJzRi+2yjaXGbL/edxOEIdHy2VnNSVOMXh7wwgo="},"chainType":1,"messageKeys":{}}}}},"version":"v1"}