{"_sessions":{"BRSfsKwebGa0xuQgUL1gCNpjSezHGaVR5ETeU8LsUiwj":{"registrationId":906234513,"currentRatchet":{"ephemeralKeyPair":{"pubKey":"BXAKJWCuDnalsQrfm4Y9a1GOR4IRMggvCasZfoQ61ZRo","privKey":"WBbu01Ag7oi+WKqHKeJkgXL1z3qSEOW2NhbrVEwB7UY="},"lastRemoteEphemeralKey":"Be39DM73tHzYHH2h9akQsGuFd8shGhXs2ycrpLAtLkxU","previousCounter":0,"rootKey":"THLKACWphUBep1gET9RgOIlL2UCQb++KqoN0O0UkT8k="},"indexInfo":{"baseKey":"BRSfsKwebGa0xuQgUL1gCNpjSezHGaVR5ETeU8LsUiwj","baseKeyType":1,"closed":-1,"used":1749062789700,"created":1749062789700,"remoteIdentityKey":"BdWWTZi/aBPP4irf419n2MYl/rupoqLuQxFbHE2PwSAK"},"_chains":{"BXAKJWCuDnalsQrfm4Y9a1GOR4IRMggvCasZfoQ61ZRo":{"chainKey":{"counter":0,"key":"Zmd6R++QaFWEokNxMUq64prYgHX3NWd0L8MemKlXr5s="},"chainType":1,"messageKeys":{}}},"pendingPreKey":{"signedKeyId":2,"baseKey":"BRSfsKwebGa0xuQgUL1gCNpjSezHGaVR5ETeU8LsUiwj","preKeyId":5378823}}},"version":"v1"}