{"_sessions":{"BW9EV6CtzM0VwZkLfuNfXWohCrL1O00PAr7zO3sQ+TJ4":{"registrationId":1147291524,"currentRatchet":{"ephemeralKeyPair":{"pubKey":"BSPCbCCCakUjraKx4DerPf6pfNzWpd8BUDuisOeKeqwI","privKey":"qGSFxZea/56agV6Py+nEwIfrRn6k0wedGvZ4bbQP73Q="},"lastRemoteEphemeralKey":"BTsO4mmS4k/SGerCUyiGeQG5q2A5TXs3FxDZcyAzPv4d","previousCounter":0,"rootKey":"65PlsnPUvbkfFkYVLz90CPvMxsKOorIkegeOII/fCzI="},"indexInfo":{"baseKey":"BW9EV6CtzM0VwZkLfuNfXWohCrL1O00PAr7zO3sQ+TJ4","baseKeyType":2,"closed":-1,"used":1749118682993,"created":1749057928955,"remoteIdentityKey":"BXNboGyV0XO2/+Sjk9ZAyaYTtpUfpu4GwQQXFYZIEr5A"},"_chains":{"BZFx7g/HHA4ZnFDPUsYJfoWP9WZis9/La8QvQDkwrBAP":{"chainKey":{"counter":0},"chainType":2,"messageKeys":{}},"BTsO4mmS4k/SGerCUyiGeQG5q2A5TXs3FxDZcyAzPv4d":{"chainKey":{"counter":4,"key":"pRu5e1wRdeoNnVsY7/DATG3IhLzi1gyFf2o8W9R2prQ="},"chainType":2,"messageKeys":{"2":"oSNe/BV1cM9AoVuih9JmudK3Gj/Dq+/m9oZJ3H5rIIY="}},"BSPCbCCCakUjraKx4DerPf6pfNzWpd8BUDuisOeKeqwI":{"chainKey":{"counter":-1,"key":"U1Xq7n3JWHsFLx6Qp9P+EQBvb8rym9P6pihwNubmtl8="},"chainType":1,"messageKeys":{}}}}},"version":"v1"}