{"_sessions":{"BY7anwiJII2AWQORPVNXfyozw5toZKJ70Py35opOQWts":{"registrationId":51,"currentRatchet":{"ephemeralKeyPair":{"pubKey":"BcTU1zr2GqREYUDa1FCSvPCSqgK/htgZfa8sI3fk+BMk","privKey":"2CsRJPUSft5A5VIt00CBucGTYRPlgQSYMUA5/Rbi/Hs="},"lastRemoteEphemeralKey":"BVVUu2aY56UM69OfaNkw0Ix5P825jP9ntBES5O4OCv1J","previousCounter":0,"rootKey":"NVgIwZFRv5Aqv2uXhMUd1dmvSFex08DFBibXiw04pvc="},"indexInfo":{"baseKey":"BY7anwiJII2AWQORPVNXfyozw5toZKJ70Py35opOQWts","baseKeyType":2,"closed":1749065886992,"used":1749048566345,"created":1749048566345,"remoteIdentityKey":"BerBs4aVEIDVproub4n1teMMH2E1VLG8Z7F9wsZpMIMF"},"_chains":{"BVVUu2aY56UM69OfaNkw0Ix5P825jP9ntBES5O4OCv1J":{"chainKey":{"counter":0,"key":"LGt//mnwO6TEFCrxH00LvhK6ZZQfgFvvoMIMwNa20vs="},"chainType":2,"messageKeys":{}},"BcTU1zr2GqREYUDa1FCSvPCSqgK/htgZfa8sI3fk+BMk":{"chainKey":{"counter":0,"key":"ZHsEG+5LBFFSXG00GDa7KFdbVGb62AICEAEe5IzSjKE="},"chainType":1,"messageKeys":{}}}},"Ba0UpC0Hm5iOisW8WbNs2dx6UM7vot0G1eLtGRD7of4D":{"registrationId":51,"currentRatchet":{"ephemeralKeyPair":{"pubKey":"BYVgnL0jwoZCX7hZm8XdyVgJZNVeHFd8xb5uPKzCNeoF","privKey":"GPIAw0+Dwae+8qf0CSBM0zyiqMlKGbz+ntb6Ajzv71g="},"lastRemoteEphemeralKey":"BftHfuxJZjzi0VMHnmhh3bcD67afNe9WAdaZX/8v1nYZ","previousCounter":0,"rootKey":"wlmyueQqMMorZajEyg9l2PeDBWOLU564Vg05XbmJeck="},"indexInfo":{"baseKey":"Ba0UpC0Hm5iOisW8WbNs2dx6UM7vot0G1eLtGRD7of4D","baseKeyType":2,"closed":-1,"used":1749065887001,"created":1749065887001,"remoteIdentityKey":"BerBs4aVEIDVproub4n1teMMH2E1VLG8Z7F9wsZpMIMF"},"_chains":{"BftHfuxJZjzi0VMHnmhh3bcD67afNe9WAdaZX/8v1nYZ":{"chainKey":{"counter":22,"key":"mzltKJgaNYAnxpzpqCY3mhEmBk3BTTf1fIdM5RoyaaI="},"chainType":2,"messageKeys":{"1":"L1L9pIHK9mH7ZWbN6MoxVFFp1XZmvxffwxPazLpV/+I=","2":"EsnK1bStvxKBvYh0DfIElPYDsFN8SeVEfxGNeA9RY5M=","3":"ItBYIkVeSLg41ZR39PFg5H0jGyF9zdBVKNp76McKEQE=","4":"g/LBMFMdGR9C9JzZR5yNSovI0wIAkTGkZzBVcgh0FaU=","5":"kqNw2kg+P0WkJ+eD0zbdmUF35yaThmJF2Yf7vWhRpl4=","6":"SNnwV74tWV7vV0T/whAez4DoXKwiJVRJLqF41xHdpLc=","7":"lNBoQMlV3JCER+btoXWKruOaC5slOGyl7Mk2H4/kxBA=","8":"A0+aaMIVnSFvreL2EXw5GReb9WXUs+qQb8ZY4AukgHc=","9":"79d0HwOzQhJoThDdSAFGwzifCB6AcD7wcOcJEGXD7BI=","10":"HlrVmaCBf6nGAyzArOkOMu8LSzyCVmkxtnR7OH75Zbc=","11":"LF+7D1kY9BeokxtL0BcW/U6XynH8RODLd1zKBKSjPKQ=","12":"a3kR9yxvIneEc2uXoeumzyuXO65dWey8aMMC/XfxzvM=","13":"d/cZjtHF4wNpShnPgfn5qCy8NtCx2txB9etLjKr/KQw=","14":"ilTFfTWjbD+/Hlvmux17yUQjU54iprI9f2oscxIHD+s=","15":"opNAQLni7YbSeA+ilqJ7i/Ilvkal/zgNcbjl/HAD2YU="}},"BYVgnL0jwoZCX7hZm8XdyVgJZNVeHFd8xb5uPKzCNeoF":{"chainKey":{"counter":-1,"key":"LF3NArVN4ic9Pzu9+t6iLZyfXkKYzLf4gW2C2TmjXFk="},"chainType":1,"messageKeys":{}}}}},"version":"v1"}