{"_sessions":{"BYkTMeWDMd2WmLX/BRTX4OC7hV1H5Fmobl56fn80PFE8":{"registrationId":1924594850,"currentRatchet":{"ephemeralKeyPair":{"pubKey":"BWnJt5fDDxykDuLzhCrOkQ61FjiyD0piquX+K8LrF+AU","privKey":"ICrnWQv88iAH6j8xBwEKJJycTtPXgoRmMN4HpQNXZ14="},"lastRemoteEphemeralKey":"BX/0vM0yHCYz4JXc/QU/m3qklFTzN8LINgiZuFShyM43","previousCounter":0,"rootKey":"RRGqzRAowKQia+vJAnLbo749MVgL4ohjiuYb8qdYyQc="},"indexInfo":{"baseKey":"BYkTMeWDMd2WmLX/BRTX4OC7hV1H5Fmobl56fn80PFE8","baseKeyType":2,"closed":-1,"used":1749048418553,"created":1749048418553,"remoteIdentityKey":"BQCq0YiSvxq8FDOnBiruLJU5BZISIeTJN0HmXUIRnqBp"},"_chains":{"BX/0vM0yHCYz4JXc/QU/m3qklFTzN8LINgiZuFShyM43":{"chainKey":{"counter":0,"key":"yp0PSR7xHd89k1KqGmOS2plEsJKc6Gxx5RrdlQ1s7v4="},"chainType":2,"messageKeys":{}},"BWnJt5fDDxykDuLzhCrOkQ61FjiyD0piquX+K8LrF+AU":{"chainKey":{"counter":-1,"key":"0gblkYlc7Ge0LYGNCyFsfxczWsakKvTMqlEUPrBVOto="},"chainType":1,"messageKeys":{}}}}},"version":"v1"}