{"_sessions":{"BYpJ6h0eDwYA3rHidpeFhpFmIXeKHD+1tm/fBQisE3FI":{"registrationId":789274899,"currentRatchet":{"ephemeralKeyPair":{"pubKey":"BUSnCn1hsz0TfqyRRl6oTmORKMxoDb8lQBh7oxZZVf06","privKey":"QGtEchgUaJlS5p+FqreYH8U0uDP91yEzyIRsY+Q6qnc="},"lastRemoteEphemeralKey":"BXyN0CmBy7SpUr9Ai+vwBhL+ewdec0nlUk/WYjaRMpBO","previousCounter":0,"rootKey":"dxyAauNoTWY4oIeE4+29h2dP3o7pGZuDvLuP19BSxr4="},"indexInfo":{"baseKey":"BYpJ6h0eDwYA3rHidpeFhpFmIXeKHD+1tm/fBQisE3FI","baseKeyType":2,"closed":-1,"used":1749057978943,"created":1749057978943,"remoteIdentityKey":"BS1BqnoYPr6LzX2/5DfuTUw6jO0r+Vkt2GBGIVPY1uJc"},"_chains":{"BXyN0CmBy7SpUr9Ai+vwBhL+ewdec0nlUk/WYjaRMpBO":{"chainKey":{"counter":3,"key":"o/CuWTMJQQLLXfwSMExf5webjz/a9hyH7D/f/k0Dv0A="},"chainType":2,"messageKeys":{}},"BUSnCn1hsz0TfqyRRl6oTmORKMxoDb8lQBh7oxZZVf06":{"chainKey":{"counter":-1,"key":"zUoW6Bzf9KJn7oSSRT5q8c4x8F4wMfxaC52jBh45ciE="},"chainType":1,"messageKeys":{}}}}},"version":"v1"}