{"_sessions":{"BaIXunyf1x1Uh9J4MUai8NlY1v5EN2DexvJtW1teeyUc":{"registrationId":1279281421,"currentRatchet":{"ephemeralKeyPair":{"pubKey":"BVnXdaGrqGJe32bUabTbjIvAbH1VJtzzNhQ1cvTGR4wW","privKey":"iMlpy9QYg5WzKBCakGZo1Sz7/UuJaXgzCQCBdYDhUGY="},"lastRemoteEphemeralKey":"BVEhuCbpZDYKJOiowpDmbCP73Ogj3fzI9W+8DEKegUd0","previousCounter":0,"rootKey":"0tjjSofTZ2auGpG4Oxk4UaV8pT2di5PJ0P4BmCJt3mU="},"indexInfo":{"baseKey":"BaIXunyf1x1Uh9J4MUai8NlY1v5EN2DexvJtW1teeyUc","baseKeyType":1,"closed":-1,"used":1749118683132,"created":1749048596524,"remoteIdentityKey":"BRQAzeZvHhRteBBuZhYSY6FG3Ib/A2QuO8sX09Q9tDIJ"},"_chains":{"BVEhuCbpZDYKJOiowpDmbCP73Ogj3fzI9W+8DEKegUd0":{"chainKey":{"counter":2,"key":"ZRWufK2KMsZIiHdLdyDy6BF8JRnEwMPMiaCQcGZXUaI="},"chainType":2,"messageKeys":{}},"BVnXdaGrqGJe32bUabTbjIvAbH1VJtzzNhQ1cvTGR4wW":{"chainKey":{"counter":-1,"key":"2FKk8og22Nw6fq7HCk9IzaINIlftvKjO4FFLat8swHg="},"chainType":1,"messageKeys":{}}}}},"version":"v1"}