{"_sessions":{"BcdK1KDc1xvaRjBNFJjnG8NVDEjk9v4Aygf4V2wzbrsG":{"registrationId":145465744,"currentRatchet":{"ephemeralKeyPair":{"pubKey":"BQSjajxPS+Z3tqlZFBCwzT0387kdOF9+4F74Q3rWW4cV","privKey":"QMRHoQUNwwmfI5LwPxVsNyJLhBVDoC5zPfkufEwcwn8="},"lastRemoteEphemeralKey":"BTE7C4Ja7u3YGoAJA3xGMYsv4RU6+4eI6CcQQAK8ZcNN","previousCounter":0,"rootKey":"9aBzSlEzxpNaYmpUlAuNLT9YmCv+nweWlJV2YooyPKo="},"indexInfo":{"baseKey":"BcdK1KDc1xvaRjBNFJjnG8NVDEjk9v4Aygf4V2wzbrsG","baseKeyType":2,"closed":-1,"used":1749119015811,"created":1749119015811,"remoteIdentityKey":"BXquUg+wpb7jW6BRf6P/pPIGkWXf0LE4W5P2FzZQPABt"},"_chains":{"BTE7C4Ja7u3YGoAJA3xGMYsv4RU6+4eI6CcQQAK8ZcNN":{"chainKey":{"counter":0,"key":"dkUSMgZ1miDy4QcUFBKpDSnUU+G72zP91CD8JAVLLF8="},"chainType":2,"messageKeys":{}},"BQSjajxPS+Z3tqlZFBCwzT0387kdOF9+4F74Q3rWW4cV":{"chainKey":{"counter":-1,"key":"SbkcWYxlrpCBtFXKbiaNn7NXV0KVSH9bPxYFi4voC4c="},"chainType":1,"messageKeys":{}}}}},"version":"v1"}