{"_sessions":{"BUbwBHm+c+NinJYBUCpeOSlA2mLBGCJftIFfCEgRxb0q":{"registrationId":1090462268,"currentRatchet":{"ephemeralKeyPair":{"pubKey":"BXIcqo6bCMV3YDmPukWT+cY3//Ej9apd2SdC6P/WcAJb","privKey":"wAymW9ahd3K+5oncdeRm8dA14WRIV5/UghFA+cH4okU="},"lastRemoteEphemeralKey":"BY3UXsfWaIgVY0o0LX77pi2Tz9POL5iN17+pwiUmaCIp","previousCounter":0,"rootKey":"u58bgX+Kfxcy1V7wKluvBraN5QSMl0X9gQ4WMam0Zjs="},"indexInfo":{"baseKey":"BUbwBHm+c+NinJYBUCpeOSlA2mLBGCJftIFfCEgRxb0q","baseKeyType":2,"closed":-1,"used":1749057291698,"created":1749057291698,"remoteIdentityKey":"BeluCvSaV+3mNEICvu78f1AVTb8qOo40uLzlQ7uYnidu"},"_chains":{"BY3UXsfWaIgVY0o0LX77pi2Tz9POL5iN17+pwiUmaCIp":{"chainKey":{"counter":0,"key":"EdoyiI3VnF2VICeOv1fC7k2c0D3RDBpUriGU1/Ieg2Q="},"chainType":2,"messageKeys":{}},"BXIcqo6bCMV3YDmPukWT+cY3//Ej9apd2SdC6P/WcAJb":{"chainKey":{"counter":-1,"key":"HYh3ypvfQJkfTnNFrwCH7D4GP5dnkkwqArvZJ7G77rU="},"chainType":1,"messageKeys":{}}}}},"version":"v1"}