{"_sessions":{"BejIjuCMA0Lp1gboA6iiIm5sjRt/yT7JW0kXFV0pgA5e":{"registrationId":2028046293,"currentRatchet":{"ephemeralKeyPair":{"pubKey":"BX+bnmzMrANaZcg8Jx3fvQxulA3OqXZ7nlJMybGMVCo4","privKey":"SFyb/kht9ed38FNZqidE89sT0IuWpgV4x4TYWgYNA0s="},"lastRemoteEphemeralKey":"BfOKNmuf5PfxTeT2m4petKgGV3riaAdFb4P3RsnJoJkl","previousCounter":0,"rootKey":"6hkXZSv7t2X65ynq0TuKfkaVOxK+6VaSgOjGLu/dhxM="},"indexInfo":{"baseKey":"BejIjuCMA0Lp1gboA6iiIm5sjRt/yT7JW0kXFV0pgA5e","baseKeyType":2,"closed":-1,"used":1749055824873,"created":1749055824873,"remoteIdentityKey":"BV3t8h36tr6xv8OVvYQzteWDMsmPrBbgfiq6MC92fpUM"},"_chains":{"BfOKNmuf5PfxTeT2m4petKgGV3riaAdFb4P3RsnJoJkl":{"chainKey":{"counter":0,"key":"RUgTHgTEfwykdLWy7x3mBNNjwLfG5lCGsXgxct+CIIM="},"chainType":2,"messageKeys":{}},"BX+bnmzMrANaZcg8Jx3fvQxulA3OqXZ7nlJMybGMVCo4":{"chainKey":{"counter":-1,"key":"H/N/C4FMFJVI94tKm1x4RRMcwSwe7sO+LCCfwPpUK8s="},"chainType":1,"messageKeys":{}}}}},"version":"v1"}