{"_sessions":{"BYVdAusvdBRLdwXZcfZVFo86O0CWsWh5R2PMhtRUh+It":{"registrationId":97,"currentRatchet":{"ephemeralKeyPair":{"pubKey":"BVQa67+XVgFK9cZeWKA/pTXwMMAOWmH4ZdBoMlWieUIC","privKey":"oNmibbY9AffDirlTm+wHOENDeRmMVIkMfFveVWrBVX4="},"lastRemoteEphemeralKey":"BdVXrMZ4rLD47bNobRYANqzEy/KdJzBs4dNLrFm5DYcs","previousCounter":0,"rootKey":"knWgug0/Z+srEvYczB5QbpDlfU3NQmdNyIrZkEsU5nw="},"indexInfo":{"baseKey":"BYVdAusvdBRLdwXZcfZVFo86O0CWsWh5R2PMhtRUh+It","baseKeyType":1,"closed":-1,"used":1749062789474,"created":1749062789474,"remoteIdentityKey":"BdvG9E+heAJeWm+r3hSYwO+fiBagVTvXfL6SZH04Y9ol"},"_chains":{"BVQa67+XVgFK9cZeWKA/pTXwMMAOWmH4ZdBoMlWieUIC":{"chainKey":{"counter":0,"key":"qeLzFZdoFxIn3kB+n2I/pMPTkZVGzzgKu5l6/eKIl/w="},"chainType":1,"messageKeys":{}}},"pendingPreKey":{"signedKeyId":1,"baseKey":"BYVdAusvdBRLdwXZcfZVFo86O0CWsWh5R2PMhtRUh+It"}}},"version":"v1"}