{"_sessions":{"BZjV3rCBEp3Q9jZiB20bHT8/QDkCGcBUclM6k0J5BTRj":{"registrationId":1181090567,"currentRatchet":{"ephemeralKeyPair":{"pubKey":"BU57Zivce1hnWcbqrAORkBw9xtJiEvjQwHKhyF80Z9I5","privKey":"MBlwBH0STyyklEPi3L0M+euh49PirYJrDG5pJeFGzEA="},"lastRemoteEphemeralKey":"BRgk+Gy0Mj/hcm+cv7c/dzYuoAX+ekpk+lhggFycf444","previousCounter":0,"rootKey":"8I0UJCo1p8g1QrsbZgSpw+NWvwv7L5JYANu7/d5mTLk="},"indexInfo":{"baseKey":"BZjV3rCBEp3Q9jZiB20bHT8/QDkCGcBUclM6k0J5BTRj","baseKeyType":1,"closed":-1,"used":1749062789600,"created":1749062789600,"remoteIdentityKey":"BQhGTXgTiv4xe91DL5S2+2xss4CqFdKRZ3nXjTGout85"},"_chains":{"BU57Zivce1hnWcbqrAORkBw9xtJiEvjQwHKhyF80Z9I5":{"chainKey":{"counter":0,"key":"KHrpkUVOhWXFG0cPMDI1assoL7wJ8se6Wb4q+TErS60="},"chainType":1,"messageKeys":{}}},"pendingPreKey":{"signedKeyId":1,"baseKey":"BZjV3rCBEp3Q9jZiB20bHT8/QDkCGcBUclM6k0J5BTRj","preKeyId":555}}},"version":"v1"}