{"_sessions":{"BSr5lXz0G3i2insl1FOjN5EX6YvunyA5FyMSctqFu1As":{"registrationId":91,"currentRatchet":{"ephemeralKeyPair":{"pubKey":"BfujUtJhWf4i34Bjh6gcRULkQxaAiCi/I+eXtNXdhQsq","privKey":"+MIsjvrHlajZxf/cTCbgbM1WAIlE6RtfvowvPrchtEg="},"lastRemoteEphemeralKey":"BWkO1ZlH5K98BCi0RCICSnh2kLhOtMHVXfY9GiLrSQYW","previousCounter":0,"rootKey":"ayK9PTGW0MaFX2IRsRuJY18j1vqmzlOdugzoJ7DKWyc="},"indexInfo":{"baseKey":"BSr5lXz0G3i2insl1FOjN5EX6YvunyA5FyMSctqFu1As","baseKeyType":2,"closed":-1,"used":1749055825720,"created":1749055825720,"remoteIdentityKey":"BYjcvnwYnsiT4DmQwb7bW9x0Z8QTtcQioTUlgmWtjSIb"},"_chains":{"BWkO1ZlH5K98BCi0RCICSnh2kLhOtMHVXfY9GiLrSQYW":{"chainKey":{"counter":1,"key":"4zXiseJD1Pa9aobirhpGKLFBDW6ocid4k9LzXPhG1eE="},"chainType":2,"messageKeys":{}},"BfujUtJhWf4i34Bjh6gcRULkQxaAiCi/I+eXtNXdhQsq":{"chainKey":{"counter":0,"key":"9z9K48r4Vu7P3rQt+61aKrWycLDK7Blf0Z6AfgmuA/c="},"chainType":1,"messageKeys":{}}}}},"version":"v1"}