{"_sessions":{"BSQQ3kTuaeBNW+0R9dfN/vaoAEIjsiAGcdZK47zkJbBB":{"registrationId":911283212,"currentRatchet":{"ephemeralKeyPair":{"pubKey":"BVZtnybaXl1FR2wcHuH0Q9QQFrOsHzdRq50LrZqzW71P","privKey":"QOwYNKOI2JPb9hsSl2wbnU3TV4/6ibAHro0hLFNEwH8="},"lastRemoteEphemeralKey":"BWn+ln20s+ZBSHHljKn4wbWH+CTpYCQhctLerfU/Yq0u","previousCounter":0,"rootKey":"lA1zAXvQLBcNwoar1pcATzro6jX+nHw1lUVfU80LKYI="},"indexInfo":{"baseKey":"BSQQ3kTuaeBNW+0R9dfN/vaoAEIjsiAGcdZK47zkJbBB","baseKeyType":1,"closed":-1,"used":1749118677941,"created":1749062789703,"remoteIdentityKey":"BcE+0HOAp8cMCvLgJKP1ZjA12akgz0eHPLH3iVBCXQYk"},"_chains":{"BWn+ln20s+ZBSHHljKn4wbWH+CTpYCQhctLerfU/Yq0u":{"chainKey":{"counter":1,"key":"rH+qc8OWbIES2IsMHA0isn0qiahvYCJ+hQBHgC5Mzgk="},"chainType":2,"messageKeys":{}},"BVZtnybaXl1FR2wcHuH0Q9QQFrOsHzdRq50LrZqzW71P":{"chainKey":{"counter":-1,"key":"s1fETI4yCA7S0U+DMubfZiYdpHupJJ2gI3fYRAGlL8E="},"chainType":1,"messageKeys":{}}}}},"version":"v1"}