{"_sessions":{"BTZWK4uMZ35P/Zl0Eikb3uDr6TnFC6k2fbV3G7Dq429l":{"registrationId":281654280,"currentRatchet":{"ephemeralKeyPair":{"pubKey":"BT8ECM3GEBwrIxIQXNh6pu0wZXBw3MWlaoW+P0/UrfsW","privKey":"YFpitbQNGgVYzkwE2UeZlJXPXLIQ60l+2Z9rv/HBTWg="},"lastRemoteEphemeralKey":"BbeyobQ6KVVre27nepgCzl9wGJRcZsHPlEq6LkWCUaM9","previousCounter":0,"rootKey":"bsA1NmR4YRKIN2Xq0EwwuTWsZuW2NbalsQN5XrDcd9Q="},"indexInfo":{"baseKey":"BTZWK4uMZ35P/Zl0Eikb3uDr6TnFC6k2fbV3G7Dq429l","baseKeyType":2,"closed":-1,"used":1749118694874,"created":1749118694874,"remoteIdentityKey":"BUoRUnBtWzz+00pJdbJiRwrJpb/6qct4ueisPYquMUxE"},"_chains":{"BbeyobQ6KVVre27nepgCzl9wGJRcZsHPlEq6LkWCUaM9":{"chainKey":{"counter":0,"key":"4B2cFJ9vF3Cd9RcL/VETauvsGfnxbgNwaFLqgyEXEUM="},"chainType":2,"messageKeys":{}},"BT8ECM3GEBwrIxIQXNh6pu0wZXBw3MWlaoW+P0/UrfsW":{"chainKey":{"counter":-1,"key":"ZWOEy6PuL07DCkW2WS/7+Gz0yscFrBKGgRgsXhQscCY="},"chainType":1,"messageKeys":{}}}}},"version":"v1"}