{"_sessions":{"BeZMKpuC0k/OZK4NvTUxJE2NhkwhWweuoLMEKd+f8qo0":{"registrationId":230130057,"currentRatchet":{"ephemeralKeyPair":{"pubKey":"BUX6a6JYxccPCn6/4QDMltGvdt7uf2SjWtVLPhE5X+km","privKey":"uAtX3mceakfCb6Fmmg5BAYLiN2A0KjGiJE2pklBzFE8="},"lastRemoteEphemeralKey":"BeR4H7Gr0PXwkcb1dfe9gJ4uUUQapXtwZ0TutU+vQ2p4","previousCounter":0,"rootKey":"dv/CAS8ko7uhXVUaVs4uh8yIeOSfORpE5JokYFRj9jY="},"indexInfo":{"baseKey":"BeZMKpuC0k/OZK4NvTUxJE2NhkwhWweuoLMEKd+f8qo0","baseKeyType":1,"closed":-1,"used":1749062789778,"created":1749062789778,"remoteIdentityKey":"BbV0rbSZrzJtx9nb/uX2vQzBhmaAIkDslQgIpRUxL0I4"},"_chains":{"BUX6a6JYxccPCn6/4QDMltGvdt7uf2SjWtVLPhE5X+km":{"chainKey":{"counter":0,"key":"D9PEsaQH6RDOVJAVfhCJwvN3HU+bl87X0CIXLClZAJg="},"chainType":1,"messageKeys":{}}},"pendingPreKey":{"signedKeyId":4,"baseKey":"BeZMKpuC0k/OZK4NvTUxJE2NhkwhWweuoLMEKd+f8qo0","preKeyId":13471062}}},"version":"v1"}