{"_sessions":{"BYuvjN8z8YxC9rq3fSENYDpE5B0u7A3ZC85CVw96XOxV":{"registrationId":1935102053,"currentRatchet":{"ephemeralKeyPair":{"pubKey":"BcLjrbN+/pa5IL0xBUHQfIoRb1gqYdpETHKTmWvqRCsW","privKey":"aAwmBhdI9IUw9eOgzQQq+cMfV9+iBOCkt0kK0vvvsmc="},"lastRemoteEphemeralKey":"BbBSloDEGtqlH+nhFwE5wG6m0xs4U5Zi762DlLBs02AL","previousCounter":0,"rootKey":"d/L+WrCI9i6vDi+ZGSkXmtRK75DcWfJnoKKkCZbgG24="},"indexInfo":{"baseKey":"BYuvjN8z8YxC9rq3fSENYDpE5B0u7A3ZC85CVw96XOxV","baseKeyType":2,"closed":-1,"used":1749062719662,"created":1749062719662,"remoteIdentityKey":"BXPkGtSc0uvOzuMHSCyNtbOfkk4xJ7AzVilFkikTwaBd"},"_chains":{"BbBSloDEGtqlH+nhFwE5wG6m0xs4U5Zi762DlLBs02AL":{"chainKey":{"counter":5,"key":"GdcmX0PsvRq0xUkM2MsvPrlv6rrT2fmmiI6/L6nZlI4="},"chainType":2,"messageKeys":{"0":"QGxT68GAGMTu7PVJJvl/8FQMb/h0UYJqvmtX41yMQ2o=","1":"q6ta0BcvrWBiZlguW0dEbKDC7o8cL6tz5m3t6MGZhb8=","2":"DLrZPdrCEoWOWfbOg9J2R61iBhe48pOOB1za7e8Gx9M=","3":"CHYdMIZxhWcTa+XpyzZXvEVIP9JX9Uf2HdR2a94IlBQ=","4":"qleHCOnGJsilbt34htQC4lLeZsQHzbDGdEeJO4f3lQg="}},"BcLjrbN+/pa5IL0xBUHQfIoRb1gqYdpETHKTmWvqRCsW":{"chainKey":{"counter":0,"key":"DntFrvZHrfDSsFTgx0GRD6+46B7er7HeQCyA1HuK3+0="},"chainType":1,"messageKeys":{}}}}},"version":"v1"}