{"_sessions":{"BbIRl+CCOx7NYVR2Ss1JlsqFJIt58YFqRMa/TBS278Ue":{"registrationId":245639915,"currentRatchet":{"ephemeralKeyPair":{"pubKey":"BRTnfDeRorA2AMZDuBFfKcR+a/yMCSZ5EwJZW7dNAO5h","privKey":"qF/w/OslvH3ehARpX6RKNCkxb3aRUQ1wBbpjtwF6Om8="},"lastRemoteEphemeralKey":"Bcq2iEzwee30IXlwDgPWzGojJ2HCkiqsMsMDjcFDzXcL","previousCounter":0,"rootKey":"fMTAMbqO1FzbDGSka/wLjSAW2JXUlkIjj4Oz6IdtiN0="},"indexInfo":{"baseKey":"BbIRl+CCOx7NYVR2Ss1JlsqFJIt58YFqRMa/TBS278Ue","baseKeyType":1,"closed":-1,"used":1749062789731,"created":1749062789731,"remoteIdentityKey":"BWaz2mO1H1HQvjTHoJIra2iMiRC3dZs0kOXnBWzDrCwh"},"_chains":{"BRTnfDeRorA2AMZDuBFfKcR+a/yMCSZ5EwJZW7dNAO5h":{"chainKey":{"counter":0,"key":"XmElhl+7dAzccDQwY+gBuGZBa2SEcHGjX1aLeIYnNLc="},"chainType":1,"messageKeys":{}}},"pendingPreKey":{"signedKeyId":7950595,"baseKey":"BbIRl+CCOx7NYVR2Ss1JlsqFJIt58YFqRMa/TBS278Ue","preKeyId":1200}}},"version":"v1"}