{"_sessions":{"BRg61t7yGIjXXyxR3kRk4c9mY/tFpFy2m3NtOwiSMzwT":{"registrationId":1489249627,"currentRatchet":{"ephemeralKeyPair":{"pubKey":"BW0bavEgDkzLHevN62FEzae6DDBrIey0svghsZdhDh0J","privKey":"OB/yGaCZRKBYrjpUPMHOi2Q/gqB/9Rf8Uf4x3Fo3fGE="},"lastRemoteEphemeralKey":"BT+WXt6y9gOc7slz/hLKA9ix660mhe3C+Xo8o9FuCm4b","previousCounter":0,"rootKey":"/oQe8djDdbCEanodGKe8sdKJkpz6X/wscLf0qQFYRyo="},"indexInfo":{"baseKey":"BRg61t7yGIjXXyxR3kRk4c9mY/tFpFy2m3NtOwiSMzwT","baseKeyType":1,"closed":-1,"used":1749062789793,"created":1749062789793,"remoteIdentityKey":"BSmPlVvcxADWRrgmQHe93NETlPswP2Vb8jGqb7VS5Qcd"},"_chains":{"BW0bavEgDkzLHevN62FEzae6DDBrIey0svghsZdhDh0J":{"chainKey":{"counter":0,"key":"Vr0yyEjusSqyjrAtNQDx9JUzK97rReo8ta7jtJe/nM0="},"chainType":1,"messageKeys":{}}},"pendingPreKey":{"signedKeyId":3,"baseKey":"BRg61t7yGIjXXyxR3kRk4c9mY/tFpFy2m3NtOwiSMzwT","preKeyId":8394161}}},"version":"v1"}