{"_sessions":{"BXST2pwSFJYLD9o+t2ITPJLeBaGQb+dDAj1FyGnNyXQf":{"registrationId":1265493739,"currentRatchet":{"ephemeralKeyPair":{"pubKey":"BTjFEaebJIJtqWHSGpdhto1eTolDPZRYyaQOhYGs4AsY","privKey":"QCV59FxkF8h1XdfYmpveFxLmJUDzqAbUEJvRA1J/U3w="},"lastRemoteEphemeralKey":"Bd2sj9NPW6Y1PSpvvLKhV31C0VJflhKpAax7I0ygpWkp","previousCounter":0,"rootKey":"NkIPS9R5q5tiSIqvLdNmW1jnSEJzWwjDH5KdAPvILzw="},"indexInfo":{"baseKey":"BXST2pwSFJYLD9o+t2ITPJLeBaGQb+dDAj1FyGnNyXQf","baseKeyType":1,"closed":-1,"used":1749062789551,"created":1749062789551,"remoteIdentityKey":"BQXDpR4lyWDf8YX5OB9GR7iNCFnIOPCfYn2wGGX/NS9i"},"_chains":{"BTjFEaebJIJtqWHSGpdhto1eTolDPZRYyaQOhYGs4AsY":{"chainKey":{"counter":0,"key":"keh9S36Me/q7ARozYCMych7zXxQ0WCCU6++vbJpPmYI="},"chainType":1,"messageKeys":{}}},"pendingPreKey":{"signedKeyId":1,"baseKey":"BXST2pwSFJYLD9o+t2ITPJLeBaGQb+dDAj1FyGnNyXQf","preKeyId":1514}}},"version":"v1"}