{"_sessions":{"BU3mUHFuwFBPX9oZQWp1H+DU+ZXwzXR4A67d1qJn4kkG":{"registrationId":1006501068,"currentRatchet":{"ephemeralKeyPair":{"pubKey":"BTLVfPY3JN7nKcsunQn3ZUnuVaPSCm8/JZLyWQMx4NMF","privKey":"yEibnY2KTd9eHXorPN4qlkTm2T9ovsnWjiXwqkL4eHs="},"lastRemoteEphemeralKey":"BRTmHvPfHz+8thmW3q8JWn7rMNqGR4t63sH7R0Jw8ftE","previousCounter":0,"rootKey":"E1mZKRgEtwEewoUsw+JhS1SYZo6tba1/OKdfyN3ohYk="},"indexInfo":{"baseKey":"BU3mUHFuwFBPX9oZQWp1H+DU+ZXwzXR4A67d1qJn4kkG","baseKeyType":1,"closed":-1,"used":1749062789668,"created":1749062789668,"remoteIdentityKey":"BcSjXPShcJUxiwuDDKYBcZaAQUE5/rUg8ItQHpaaruNT"},"_chains":{"BTLVfPY3JN7nKcsunQn3ZUnuVaPSCm8/JZLyWQMx4NMF":{"chainKey":{"counter":0,"key":"o0U9jn+oWw0QWo2uDPvrhBbCZtmI16q9Fs6UkM3+owY="},"chainType":1,"messageKeys":{}}},"pendingPreKey":{"signedKeyId":0,"baseKey":"BU3mUHFuwFBPX9oZQWp1H+DU+ZXwzXR4A67d1qJn4kkG","preKeyId":3339831}}},"version":"v1"}