{"_sessions":{"BZ6Mcj776ZtX6pAxaOQe1XH2BDsb4ECmglyb+L3hIpEC":{"registrationId":2106305200,"currentRatchet":{"ephemeralKeyPair":{"pubKey":"Bb4ttYce2Niqt29s9EH/GeGoLNa5Kt5EA7MsKYAO3vUY","privKey":"eFgI+8ReY/929vDsWA8UStNCPvkGlNAeaUrOF7UYMkM="},"lastRemoteEphemeralKey":"BUuQX6gikRNWwZaZwFNG3cJq6Eg1/J38Yf7LcW05XDFf","previousCounter":0,"rootKey":"7TydBarSNlkLT3iqTiw8BHwNs9cVXDiXqlPuAA2pwZ8="},"indexInfo":{"baseKey":"BZ6Mcj776ZtX6pAxaOQe1XH2BDsb4ECmglyb+L3hIpEC","baseKeyType":2,"closed":-1,"used":1749118691309,"created":1749118691309,"remoteIdentityKey":"BTstKl7lgEze0Gxj0ALYybqs6PfY7Wpaq2YaUeXQTz4v"},"_chains":{"BUuQX6gikRNWwZaZwFNG3cJq6Eg1/J38Yf7LcW05XDFf":{"chainKey":{"counter":0,"key":"3vO0GqcrihpDvGYihFiwJv3MbP2XPxnpuv/h7geKii0="},"chainType":2,"messageKeys":{}},"Bb4ttYce2Niqt29s9EH/GeGoLNa5Kt5EA7MsKYAO3vUY":{"chainKey":{"counter":-1,"key":"a5q8TqW6Cz0KZz2wMWv9SQj6PozIHqtHMmYtiwhGcHs="},"chainType":1,"messageKeys":{}}}}},"version":"v1"}