{"_sessions":{"BXxLegMN9ChP8cNMnJJTEYj0N/vCdzhZmEwakjKaGIwJ":{"registrationId":2566,"currentRatchet":{"ephemeralKeyPair":{"pubKey":"BZ6ZwINW25h7FnCzbOxUyRYE5OKJLjV9ezzkTVrYS3M7","privKey":"wFGUfX5/fLVWLLO6v9BMr64emkVhb7b3HL/WEAqayl8="},"lastRemoteEphemeralKey":"BbvescKosqfK4JsgbcM2d/6S8nzzqlSXFqrhF2cj399R","previousCounter":0,"rootKey":"CsSPW7HkKgNRoN1HMKTgEPtQ+4UagIwS4xVYH51lknY="},"indexInfo":{"baseKey":"BXxLegMN9ChP8cNMnJJTEYj0N/vCdzhZmEwakjKaGIwJ","baseKeyType":1,"closed":-1,"used":1749062789598,"created":1749062789598,"remoteIdentityKey":"BVlMReRQq++1cQL5e9VrQ3re+LxY8PQjqa8fQgqIJYgP"},"_chains":{"BZ6ZwINW25h7FnCzbOxUyRYE5OKJLjV9ezzkTVrYS3M7":{"chainKey":{"counter":0,"key":"5Nfy3XCV9qknTY44LEY8zJHIQadwW2Mfz7MRTRHzprw="},"chainType":1,"messageKeys":{}}},"pendingPreKey":{"signedKeyId":1,"baseKey":"BXxLegMN9ChP8cNMnJJTEYj0N/vCdzhZmEwakjKaGIwJ"}}},"version":"v1"}