{"_sessions":{"BSuTQi3buPjzUYh+dZ6a9/Fi0Yi9SYJqHyjYxGlIe0x2":{"registrationId":616,"currentRatchet":{"ephemeralKeyPair":{"pubKey":"BRHUODVeD7P7oYtPfTTEd94Q0CHt0J/tNts1/X98h+8w","privKey":"WKFG9TNaSqe+ROpA9CHlebhq2m6npnKVgq70HRHYE1U="},"lastRemoteEphemeralKey":"BSH+kIxdW2+DJDHHpBU6t3/Z8a4HDqpmleIfH/Mlk1Yj","previousCounter":0,"rootKey":"y9Ai1YCAer190RkvBu9mX9hNyB0cva+KXcq13jkLyws="},"indexInfo":{"baseKey":"BSuTQi3buPjzUYh+dZ6a9/Fi0Yi9SYJqHyjYxGlIe0x2","baseKeyType":1,"closed":-1,"used":1749062789493,"created":1749062789493,"remoteIdentityKey":"BXqYYWNyERTlDiWSwk+0y2+btbaNKyXvNRHGcOcKRSY+"},"_chains":{"BRHUODVeD7P7oYtPfTTEd94Q0CHt0J/tNts1/X98h+8w":{"chainKey":{"counter":0,"key":"F5pR99fh/e4RlJ0fC8HT3ZBfy8fzIvSnlpVyTOrTHxg="},"chainType":1,"messageKeys":{}}},"pendingPreKey":{"signedKeyId":1,"baseKey":"BSuTQi3buPjzUYh+dZ6a9/Fi0Yi9SYJqHyjYxGlIe0x2","preKeyId":601}}},"version":"v1"}