{"_sessions":{"BTlz5WVpRQdD2ogXCdUmfgX++O0f5vrqyocjsgCKXL4T":{"registrationId":1330678632,"currentRatchet":{"ephemeralKeyPair":{"pubKey":"BQw0LKroa6DEVYbQ57jHQpdwLrvPl+xloyTVS8sOIeBR","privKey":"yCJGlIHq7VxovH0Zxj0ko+nsaw1RbcO+NxSiL9Ub6n0="},"lastRemoteEphemeralKey":"BcuoIoxlQtMlPXASAYrQNZhkZKHF/ArmyPemxksjuYEz","previousCounter":0,"rootKey":"2bydn/Ka2Y3+3NSsJg62QKpIus7QiwZl5HTBRLvmbzo="},"indexInfo":{"baseKey":"BTlz5WVpRQdD2ogXCdUmfgX++O0f5vrqyocjsgCKXL4T","baseKeyType":1,"closed":-1,"used":1749062789735,"created":1749062789735,"remoteIdentityKey":"Bejl5pGnOu5aQe2UgsF677R6hMI85Zn40QCCCiS6IvhK"},"_chains":{"BQw0LKroa6DEVYbQ57jHQpdwLrvPl+xloyTVS8sOIeBR":{"chainKey":{"counter":0,"key":"JWGZuNn9r5oMRsicPa5733uGc4RzAEwJLMuCiQWIcQI="},"chainType":1,"messageKeys":{}}},"pendingPreKey":{"signedKeyId":14,"baseKey":"BTlz5WVpRQdD2ogXCdUmfgX++O0f5vrqyocjsgCKXL4T","preKeyId":9383471}}},"version":"v1"}