{"_sessions":{"BcJ3o436Mht08RT8gH/6GJGpqwshuvcv3UzcX5DdxM87":{"registrationId":1866251233,"currentRatchet":{"ephemeralKeyPair":{"pubKey":"BSZxHqK3xDoPi4SQWm1gnn5olLeECy+wCJ8/SuSStult","privKey":"6CEV3dF2qMrjU0cKAJrmZpTauE5dFWp080zAMII7WX0="},"lastRemoteEphemeralKey":"BYfuVp4iUM0f1BfD88pUf+NvG52o/SobgFF9qKrATuo3","previousCounter":0,"rootKey":"Y2r+vAl4/0LtQo01GGl9xyn0AQKi/C3reMenjZufqFU="},"indexInfo":{"baseKey":"BcJ3o436Mht08RT8gH/6GJGpqwshuvcv3UzcX5DdxM87","baseKeyType":2,"closed":-1,"used":1749119435563,"created":1749119435563,"remoteIdentityKey":"BQYQFEPCkMWQ0SUe78nTb4ijrMIbH+ggK+6X+motfBlr"},"_chains":{"BYfuVp4iUM0f1BfD88pUf+NvG52o/SobgFF9qKrATuo3":{"chainKey":{"counter":0,"key":"OzhHkPq7Uyo+qH/C1hI4Yoe6Lp0EVI5t8B06cigz1iw="},"chainType":2,"messageKeys":{}},"BSZxHqK3xDoPi4SQWm1gnn5olLeECy+wCJ8/SuSStult":{"chainKey":{"counter":-1,"key":"5U6ik83sKCAaA0Y6+eQ+uqdYT9hhxDvgSGSQzE8JSgY="},"chainType":1,"messageKeys":{}}}}},"version":"v1"}