{"_sessions":{"BeO3QMHeZk3LrMgJ3SZEu6/2V4RDYb1O6N/yIhbmuBQc":{"registrationId":733428778,"currentRatchet":{"ephemeralKeyPair":{"pubKey":"BdRCxxEnUgEViDZZs4UOms/NX9mI8qa01uu5pnkmk3xy","privKey":"OFhLLOoiKVlMls6qqqEnzs1B1zGgw0EnAvlkm6yZeXo="},"lastRemoteEphemeralKey":"BfgwauZedeUc9p+TxwurKlOC/ed+vHPI/AoVnkPxdP0t","previousCounter":0,"rootKey":"JaY0/1zLFIU70wGXj4+uHjSBH8SD9tU4XTIAVmAOc0s="},"indexInfo":{"baseKey":"BeO3QMHeZk3LrMgJ3SZEu6/2V4RDYb1O6N/yIhbmuBQc","baseKeyType":2,"closed":-1,"used":1749118694719,"created":1749118694719,"remoteIdentityKey":"BcAKTADxeX6iUZCSHTLfDhJo15ptyr+nSkiF7h5tLo4l"},"_chains":{"BfgwauZedeUc9p+TxwurKlOC/ed+vHPI/AoVnkPxdP0t":{"chainKey":{"counter":0,"key":"t/V5JrC82zRWa2UMP7DXyWHKhAFY+Pa7AsX5W2aKFYQ="},"chainType":2,"messageKeys":{}},"BdRCxxEnUgEViDZZs4UOms/NX9mI8qa01uu5pnkmk3xy":{"chainKey":{"counter":-1,"key":"lPDRbw8zZtKWv8xVcvFWe0rWfce99kny2J67YEUc1b8="},"chainType":1,"messageKeys":{}}}}},"version":"v1"}