{"_sessions":{"BSI9POx3LL8UNrlop9yado29BObx/SOiMX3ng62Ivw4a":{"registrationId":1144878725,"currentRatchet":{"ephemeralKeyPair":{"pubKey":"BT6ICrTAJVNg2mQSpkPPG7iIyFilpOedZTLlrYO8LiMG","privKey":"mBMY3PwDeFexyBtNa7r6Jphcm3tRTQgi3fMgfbTum2c="},"lastRemoteEphemeralKey":"BdIuHXZhpeagq7/6inG0S4PewSCuDPfUTrXJnjhYYPNT","previousCounter":0,"rootKey":"vyM9sSQOGM4uvloUFZNXaGk/6KXH2tCiMuQc6l7mfIc="},"indexInfo":{"baseKey":"BSI9POx3LL8UNrlop9yado29BObx/SOiMX3ng62Ivw4a","baseKeyType":2,"closed":-1,"used":1749118697287,"created":1749118697287,"remoteIdentityKey":"BW1/zL/odglUG/vWEWpu/S6OrrYsJhqYrN47BAaXGVdv"},"_chains":{"BdIuHXZhpeagq7/6inG0S4PewSCuDPfUTrXJnjhYYPNT":{"chainKey":{"counter":0,"key":"9JTceFVV63CGXWBWWUYJXoaDaKiumvID2HSuE3cRBPA="},"chainType":2,"messageKeys":{}},"BT6ICrTAJVNg2mQSpkPPG7iIyFilpOedZTLlrYO8LiMG":{"chainKey":{"counter":-1,"key":"ZwGkAM1e6T/eEFWPVWMZZrMCaQMYTtgaREjUQJIowyg="},"chainType":1,"messageKeys":{}}}}},"version":"v1"}