{"_sessions":{"BTYWRr+BiCkFalr/C6jI1dPZPkyUYc1qM32rU6c+ABNT":{"registrationId":629013937,"currentRatchet":{"ephemeralKeyPair":{"pubKey":"BeLiSNXhDj+6u9nyZgT55X/A8UcGZZDjDG2c0Fo10+dP","privKey":"4IQ6D676XKPCfk6ksPORzZFf2X449AHnxzgKTbKp3Us="},"lastRemoteEphemeralKey":"BW9AZwHhi8vAi5k/HEdMV+RVJJmpxB8A0aV4VARqnAsz","previousCounter":0,"rootKey":"qtw5uWHdTh7jLzDzVyR1uhshoAO/CJvXGBnQhvMwIs4="},"indexInfo":{"baseKey":"BTYWRr+BiCkFalr/C6jI1dPZPkyUYc1qM32rU6c+ABNT","baseKeyType":2,"closed":-1,"used":1749118697138,"created":1749118697138,"remoteIdentityKey":"BZ3r3aejYzp8K+nAiMzm1TEnfvU3HVEgVpjQJEiFfZwi"},"_chains":{"BW9AZwHhi8vAi5k/HEdMV+RVJJmpxB8A0aV4VARqnAsz":{"chainKey":{"counter":0,"key":"ErteoTgu0X/QtCjydStyNTNMT1OBgxCMneb/gX8b9cw="},"chainType":2,"messageKeys":{}},"BeLiSNXhDj+6u9nyZgT55X/A8UcGZZDjDG2c0Fo10+dP":{"chainKey":{"counter":-1,"key":"J/8XKgYlGxkqlOAXCCVjhh1lcwkLUGcjDqbeVGR1KS8="},"chainType":1,"messageKeys":{}}}}},"version":"v1"}