{"_sessions":{"BbptJp7kCQ2duf9cLWola/omWLzAq0bTYpi+Ont2hqR9":{"registrationId":10,"currentRatchet":{"ephemeralKeyPair":{"pubKey":"BR0n4Sqt8M5inZ9fr5tRgnv9/Swx9173wmClTWOqs6dv","privKey":"SJtOOiIb3rfcruCvI8x3mx+VvUDYlBLyB2RAbTaOlnU="},"lastRemoteEphemeralKey":"BSXh+rNxCEg9uelyvqP3wItuEQZgw6a+wNXC6CUhFIZM","previousCounter":0,"rootKey":"v+3dQiw+Ipfs6FmXBzA3yOrEG0LIkXnlb0Fgkoc9yk0="},"indexInfo":{"baseKey":"BbptJp7kCQ2duf9cLWola/omWLzAq0bTYpi+Ont2hqR9","baseKeyType":1,"closed":-1,"used":1749062789434,"created":1749062789434,"remoteIdentityKey":"BZw8Bv7CSQ6Dc414Wa3ykKyQX62WY6pfZjQEYa7Bd+ZY"},"_chains":{"BR0n4Sqt8M5inZ9fr5tRgnv9/Swx9173wmClTWOqs6dv":{"chainKey":{"counter":0,"key":"b9uGm02OvCTQ1rshhiSTXXpmDfcHk3ljmHbLF07Zv2c="},"chainType":1,"messageKeys":{}}},"pendingPreKey":{"signedKeyId":1,"baseKey":"BbptJp7kCQ2duf9cLWola/omWLzAq0bTYpi+Ont2hqR9"}}},"version":"v1"}