{"_sessions":{"BW13Cb1YEeLkJw3KOqlfN8YABQufbwabz06YXKYyLbx8":{"registrationId":165,"currentRatchet":{"ephemeralKeyPair":{"pubKey":"BVSM5PslPvgPN16q0vAijVBpNo7IF+8IHWRtDxKPjRk7","privKey":"qHRSxXGVBY3W5d3GTfkek03MtXNIFW/MiKACF0IE61I="},"lastRemoteEphemeralKey":"BWYV22kkEIrn9jJjDcm8sLYz2nNqK7PelYvfTfaLjs1C","previousCounter":0,"rootKey":"0SXcMxekpcbulgDWxTXPjD8eFqYDJ2sHTdYfLv47ZSk="},"indexInfo":{"baseKey":"BW13Cb1YEeLkJw3KOqlfN8YABQufbwabz06YXKYyLbx8","baseKeyType":1,"closed":-1,"used":1749062789461,"created":1749062789461,"remoteIdentityKey":"BbTrkbiq+6oyn8GUVcOCGs4p5EHZdX37ChUBM8YpZvsP"},"_chains":{"BVSM5PslPvgPN16q0vAijVBpNo7IF+8IHWRtDxKPjRk7":{"chainKey":{"counter":0,"key":"3j3pggP0w5DAuJ9OJi+2QIF2tn3yIY3JrCN/QDiJdnQ="},"chainType":1,"messageKeys":{}}},"pendingPreKey":{"signedKeyId":1,"baseKey":"BW13Cb1YEeLkJw3KOqlfN8YABQufbwabz06YXKYyLbx8"}}},"version":"v1"}