{"_sessions":{"Bf5s90+1MowMlX4uaURd+0Fl7jV6Wv9VM7iHr3Xx/rwO":{"registrationId":3599,"currentRatchet":{"ephemeralKeyPair":{"pubKey":"BWdXSiGgXNWoTU+OoAgm+9AtNtOL0RoUggiMLnLtJLUl","privKey":"KDy66zRPC6VU/8b0iQFELyRsBLJAEWHZJzBJ8I9ImmY="},"lastRemoteEphemeralKey":"BRePr5kI6o+gcrkEOIjOjhuVogsdbSN4mjzJ5j73P8pp","previousCounter":0,"rootKey":"1sTGBu159HSJ0lL25DQyGaemy07roVwfaV4yoFnK7wA="},"indexInfo":{"baseKey":"Bf5s90+1MowMlX4uaURd+0Fl7jV6Wv9VM7iHr3Xx/rwO","baseKeyType":1,"closed":-1,"used":1749062789594,"created":1749062789594,"remoteIdentityKey":"BfT8Apo8AIM+aSJ+I0zURTq/GdBTgw8dDkEApydyzklK"},"_chains":{"BWdXSiGgXNWoTU+OoAgm+9AtNtOL0RoUggiMLnLtJLUl":{"chainKey":{"counter":0,"key":"uG4rHgJRK4ZVjKSHJNZdQTw0YDKmzD+RM2zTbhUvyRk="},"chainType":1,"messageKeys":{}}},"pendingPreKey":{"signedKeyId":1,"baseKey":"Bf5s90+1MowMlX4uaURd+0Fl7jV6Wv9VM7iHr3Xx/rwO"}}},"version":"v1"}