{"_sessions":{"BbNcfZhQqRiKP+/ta7b0og9xSOvVSNxwoyA0alAAHf4t":{"registrationId":132,"currentRatchet":{"ephemeralKeyPair":{"pubKey":"BSzcfnYwfstJkFF65GkFmzZ4l3Dld38oZ+betZbVfgNV","privKey":"QAGeqZ9Iaiq1Nz6a+m0J8V/IKkCLk28wRKOwFlx3IkQ="},"lastRemoteEphemeralKey":"BX6YKQgYjNq5HDuWbvqdV1teOMsSmrIZmNwbBqYk2YZS","previousCounter":0,"rootKey":"rrgmjtFXJCks9ALjTFpVb5KC5bvfAXm9LeP0xO5DFEY="},"indexInfo":{"baseKey":"BbNcfZhQqRiKP+/ta7b0og9xSOvVSNxwoyA0alAAHf4t","baseKeyType":1,"closed":-1,"used":1749062789487,"created":1749062789487,"remoteIdentityKey":"BX78ZOhhrpR5vqgGxjFS0DAvvuU6IhOYS7GHwzU+qsw/"},"_chains":{"BSzcfnYwfstJkFF65GkFmzZ4l3Dld38oZ+betZbVfgNV":{"chainKey":{"counter":0,"key":"OAAkJVb9kj4gfBEHJzkcEZXWiwasmMYqHLWWRklwbAA="},"chainType":1,"messageKeys":{}}},"pendingPreKey":{"signedKeyId":1,"baseKey":"BbNcfZhQqRiKP+/ta7b0og9xSOvVSNxwoyA0alAAHf4t"}}},"version":"v1"}