{"_sessions":{"BYlSs9d8Cu0ZZNzOlrum7VXzB4NOcjwcCdl+C2xwrF1E":{"registrationId":688153343,"currentRatchet":{"ephemeralKeyPair":{"pubKey":"BRXvk3VYCZ81Sr/Q2VIg71BnLcJsgwpGvqAfNvn//zte","privKey":"SP2hiScIa+rQ+JDsEViA+VFKfW5n2Pog3PWWGzYQkng="},"lastRemoteEphemeralKey":"Bd3/rwOr2vA/ENHhFAnhh54szkbJtEi4ZCXysAezGG8Z","previousCounter":0,"rootKey":"oVQ/H6nxxh7UcdahkHvZHZs2iv20ucYUtrc2rNelsls="},"indexInfo":{"baseKey":"BYlSs9d8Cu0ZZNzOlrum7VXzB4NOcjwcCdl+C2xwrF1E","baseKeyType":2,"closed":-1,"used":1749118697377,"created":1749118697377,"remoteIdentityKey":"BbaIGY3mAEx+U4ne4JvFg6BRJDelf+Y7iweV5bxQyxEh"},"_chains":{"Bd3/rwOr2vA/ENHhFAnhh54szkbJtEi4ZCXysAezGG8Z":{"chainKey":{"counter":0,"key":"p0hRmhWPpocc5temy5ydKSRiTUpTh/+JsRbyTT3INxw="},"chainType":2,"messageKeys":{}},"BRXvk3VYCZ81Sr/Q2VIg71BnLcJsgwpGvqAfNvn//zte":{"chainKey":{"counter":-1,"key":"OuRr1JYM+Ab8Ee70v5pX62nOxmkx6mtR6RLyCC/OFuA="},"chainType":1,"messageKeys":{}}}}},"version":"v1"}