{"_sessions":{"BbUG/Hqwk8D8xbw5F7sB3MOlX5SKKagShOzFx9O7/Qor":{"registrationId":1115499260,"currentRatchet":{"ephemeralKeyPair":{"pubKey":"BXovJ8bVNgN4Ff14zEn7M+x2958+WU8GjYEQoNswQA9V","privKey":"GG8WN/8lZ0zKN55YDG2Ffl7dETbBs6RheUhMSN+uDVQ="},"lastRemoteEphemeralKey":"BenuMx3EmDqqvkBa4J3NF0NsqFIwszJJeONjkL9k0xRo","previousCounter":0,"rootKey":"g/uFQBk0eNYdWdLEWQS0wdmYVEC4ET5RRYUO5zCZg6I="},"indexInfo":{"baseKey":"BbUG/Hqwk8D8xbw5F7sB3MOlX5SKKagShOzFx9O7/Qor","baseKeyType":1,"closed":-1,"used":1749062789726,"created":1749062789726,"remoteIdentityKey":"BXCY04bsZjlMc/uyjygvvhoAeEsuStxgwuVGTlzaX/gL"},"_chains":{"BXovJ8bVNgN4Ff14zEn7M+x2958+WU8GjYEQoNswQA9V":{"chainKey":{"counter":0,"key":"Dnr09p53SvvFuwqO7GeXXZp9Sqe+hTVN+OE/1/igz/M="},"chainType":1,"messageKeys":{}}},"pendingPreKey":{"signedKeyId":13,"baseKey":"BbUG/Hqwk8D8xbw5F7sB3MOlX5SKKagShOzFx9O7/Qor","preKeyId":9467012}}},"version":"v1"}