{"_sessions":{"BeizPFBj8qwjGmidvyop0zcRRXdEXPI9D/dOG4vv1TYC":{"registrationId":253,"currentRatchet":{"ephemeralKeyPair":{"pubKey":"BSm5KFby/OcKwBztY8GkJCc5YsGTTvO/wLcT5c5pet0Q","privKey":"4CxyJwrktqCWOcDUVcB2n/Ah+5cFYpW/ozsXd2gAgWA="},"lastRemoteEphemeralKey":"BaqWhgiJyAsSClTjZz8Ef8Tjiyu+8hyZNfjbigu4CY5c","previousCounter":0,"rootKey":"RCahPiJMPe56NwzqfQCaUgFbUR4LCYdPejvewZb4N1Q="},"indexInfo":{"baseKey":"BeizPFBj8qwjGmidvyop0zcRRXdEXPI9D/dOG4vv1TYC","baseKeyType":1,"closed":-1,"used":1749062789469,"created":1749062789469,"remoteIdentityKey":"Be0Vltf7LBA5E/W4acZmGGFmfTdMTII428+xA0ADvIk6"},"_chains":{"BSm5KFby/OcKwBztY8GkJCc5YsGTTvO/wLcT5c5pet0Q":{"chainKey":{"counter":0,"key":"KOU2wGNxlCU8OMgD49t+AXv2zaLgmtVroFp1aOxBSZ8="},"chainType":1,"messageKeys":{}}},"pendingPreKey":{"signedKeyId":1,"baseKey":"BeizPFBj8qwjGmidvyop0zcRRXdEXPI9D/dOG4vv1TYC"}}},"version":"v1"}