{"_sessions":{"BaKXsQu4fllKLBz8VIPpxCmg7kJWqSw6hfUbax3l1JkH":{"registrationId":971098735,"currentRatchet":{"ephemeralKeyPair":{"pubKey":"BesjPw2Eu6uHAIUNyKv+R/mVRwSl9EJG+7904po0kStb","privKey":"eCJnI1yG+iNBA1luG6iGfKFZK3V4+Y9LZ/G0BOw0C3Y="},"lastRemoteEphemeralKey":"BbD5DR/SclMz9qayZK+W+pAsuiN7/P5Hr5pgGInlWQFu","previousCounter":0,"rootKey":"GOwWikEupyhvPAt1irs/FqxIGCGUvnhCEdEjXMlUlLk="},"indexInfo":{"baseKey":"BaKXsQu4fllKLBz8VIPpxCmg7kJWqSw6hfUbax3l1JkH","baseKeyType":2,"closed":-1,"used":1749118693209,"created":1749055824414,"remoteIdentityKey":"BaLB9T0pN+txZlY1olap4we1mz9KcTD/YEJ/aBJOBMhV"},"_chains":{"BaPYPrn/kZl9oFb80QBnq8Jf0OFsMke7c9VIqX6kEIhI":{"chainKey":{"counter":0},"chainType":2,"messageKeys":{}},"BbD5DR/SclMz9qayZK+W+pAsuiN7/P5Hr5pgGInlWQFu":{"chainKey":{"counter":2,"key":"ijxrfapuPQFjrHGouFyOn07vw+zjUYauo07aJLcKVWo="},"chainType":2,"messageKeys":{}},"BesjPw2Eu6uHAIUNyKv+R/mVRwSl9EJG+7904po0kStb":{"chainKey":{"counter":-1,"key":"SlRnF+n7NZ65kxwBwpgEjqqHDGBuIoPyLtID0MCtLy0="},"chainType":1,"messageKeys":{}}}}},"version":"v1"}