{"_sessions":{"BYFXIJ+/D4ZjcBSIroXV7m+9AmgwxNs3+yDydP7F8a1Z":{"registrationId":1764200261,"currentRatchet":{"ephemeralKeyPair":{"pubKey":"Bbk5LciMTa+QvNdik2haW/wDnklQy1ZPghcUlJNBgRVC","privKey":"uOBB7Ds/bEsFIMBJyArzyAGNjUx/ZvD5+RXZhVg6Dmk="},"lastRemoteEphemeralKey":"BS9JqRgi7nV1d74948Ts37z2/lqcDmlT0Vcgqyc97hw+","previousCounter":0,"rootKey":"+zbnFJLv5x9t7K0EDX0fmykhgjnf4gvQb0rZRSTon5I="},"indexInfo":{"baseKey":"BYFXIJ+/D4ZjcBSIroXV7m+9AmgwxNs3+yDydP7F8a1Z","baseKeyType":2,"closed":-1,"used":1749055822341,"created":1749055822341,"remoteIdentityKey":"BV1ZDKOkY4FIun5drSQ76CcNIGt1CsAnCiuZsGqj+TFa"},"_chains":{"BS9JqRgi7nV1d74948Ts37z2/lqcDmlT0Vcgqyc97hw+":{"chainKey":{"counter":0,"key":"m5UrjL/MNwnYOue2VCC0o/z45A27UCzDk3dBBP4NEXY="},"chainType":2,"messageKeys":{}},"Bbk5LciMTa+QvNdik2haW/wDnklQy1ZPghcUlJNBgRVC":{"chainKey":{"counter":-1,"key":"a9Ita/OfFHX5qcwX2airFWyZU6FpVP+SuKh/VNl8iQQ="},"chainType":1,"messageKeys":{}}}}},"version":"v1"}