{"_sessions":{"BW8dlB+enL+ubjNYbCX3weftZegsQDTgMeOcLW4gcJsJ":{"registrationId":1988654189,"currentRatchet":{"ephemeralKeyPair":{"pubKey":"BezAShAaYg+sr/I4flDnf2bQux6MuRG3W/Uwmntu2txu","privKey":"0IQxSJKyZbxgVGWk8xCxCZilPxsNWG8U1KuDvR7lfXc="},"lastRemoteEphemeralKey":"BavOmhPKrzn94PxbinBJCfQRpvkDyI+Edbc2TYdsTUVs","previousCounter":0,"rootKey":"nrUpkn/tZ5CURFtZeXBf6As82BKlYymjLRGg+56jSoE="},"indexInfo":{"baseKey":"BW8dlB+enL+ubjNYbCX3weftZegsQDTgMeOcLW4gcJsJ","baseKeyType":2,"closed":-1,"used":1749118697402,"created":1749118697402,"remoteIdentityKey":"BbqNwd51qDQnuxM+bOylqP/n1kowXn3atCguCadwm79t"},"_chains":{"BavOmhPKrzn94PxbinBJCfQRpvkDyI+Edbc2TYdsTUVs":{"chainKey":{"counter":0,"key":"QzxHd1rq8oZhpj2HV6zVn6f7D728XbrppSaNZQ6c2qw="},"chainType":2,"messageKeys":{}},"BezAShAaYg+sr/I4flDnf2bQux6MuRG3W/Uwmntu2txu":{"chainKey":{"counter":-1,"key":"ALYAc/5A+PWWP5rwxGE+660hSfNeNdiULq8/R5e5C3U="},"chainType":1,"messageKeys":{}}}}},"version":"v1"}