{"_sessions":{"BQFxZPzHiKadfNRxzbgochjcSn9wB5n7SPAxuGFrcPQ7":{"registrationId":1349229543,"currentRatchet":{"ephemeralKeyPair":{"pubKey":"BSqthmNU0uAVVgbhJrjzvNOLZG1oKdn2GNS9WUe6FHQg","privKey":"cBwzS3bn3wL6MI+CV1crbOywQ9AMqN5jne/YQyPCUXI="},"lastRemoteEphemeralKey":"BYbcVU5m1R1VIdggzqQ1y8Wuu2USVUVGpQySGOvBYRMh","previousCounter":0,"rootKey":"PPbDe4ujw9cXFi9g1ZlOAhwr08xt0q3pEmpTZ/1qAM0="},"indexInfo":{"baseKey":"BQFxZPzHiKadfNRxzbgochjcSn9wB5n7SPAxuGFrcPQ7","baseKeyType":2,"closed":-1,"used":1749048619300,"created":1749048619300,"remoteIdentityKey":"BQs0KJ2r7CB/4af1aXaZltxlWszKNEQ/cEe0sgKfREMy"},"_chains":{"BYbcVU5m1R1VIdggzqQ1y8Wuu2USVUVGpQySGOvBYRMh":{"chainKey":{"counter":0,"key":"dglzLO1vhcYlImkpXNLMLocPenXOsq+Ubu4+e2DT0cY="},"chainType":2,"messageKeys":{}},"BSqthmNU0uAVVgbhJrjzvNOLZG1oKdn2GNS9WUe6FHQg":{"chainKey":{"counter":-1,"key":"tsv2GuoK1iQyd1pFzNpu7WpStb0qT0/t20Pfv137l90="},"chainType":1,"messageKeys":{}}}}},"version":"v1"}