{"_sessions":{"BYRnz1VH+MYQEESAw5PGFXZtc4nJdzt216RjAJPhVrs1":{"registrationId":6923,"currentRatchet":{"ephemeralKeyPair":{"pubKey":"BcLJ58ST5ybLTSGfL+3Sw2zQK+rEdjB9Stt0znofti8Y","privKey":"6DvHCSkftgAEu32z6CTYP+zkoA5OKlc+PNiJeQXDVlw="},"lastRemoteEphemeralKey":"BQrYJoWEDiBs7DcGegeXfkRq+mEV//FaPESBu3L8HocT","previousCounter":0,"rootKey":"oMeNnf2dAucOFOJH/z1S1uZgKg7+wqf3AMFrVJ8VcO4="},"indexInfo":{"baseKey":"BYRnz1VH+MYQEESAw5PGFXZtc4nJdzt216RjAJPhVrs1","baseKeyType":1,"closed":-1,"used":1749062789624,"created":1749062789624,"remoteIdentityKey":"BaDYRdF4/9zTZa/BY5MOSVluwJ2bSpJCvMXFeGx3n5Mx"},"_chains":{"BcLJ58ST5ybLTSGfL+3Sw2zQK+rEdjB9Stt0znofti8Y":{"chainKey":{"counter":0,"key":"OAy3o8yIdoA9Tt1LClYiQjviVBYcC32LsmxA6hCIZVM="},"chainType":1,"messageKeys":{}}},"pendingPreKey":{"signedKeyId":1,"baseKey":"BYRnz1VH+MYQEESAw5PGFXZtc4nJdzt216RjAJPhVrs1"}}},"version":"v1"}