{"_sessions":{"BeDDnES+MEHZ7kUaC9m6+X4LAkj9ooeXoGL1sT2+BAg+":{"registrationId":522638494,"currentRatchet":{"ephemeralKeyPair":{"pubKey":"BTOdG/i7oswrgjqiQutOXUqD3gXxksKNgnWq02XThj82","privKey":"eLpqqIfmEIxv24qBwDax9GfcGIR9JwgQkr4I7ovQkH0="},"lastRemoteEphemeralKey":"BX1tTel1WYE85ye/HUAXfjEnlCtlpXnXFuHuUqoIbrtZ","previousCounter":0,"rootKey":"WmvjU2OAipaMmURpNtryrb0kfv/Ex+YcFaEw7JciU44="},"indexInfo":{"baseKey":"BeDDnES+MEHZ7kUaC9m6+X4LAkj9ooeXoGL1sT2+BAg+","baseKeyType":1,"closed":-1,"used":1749048596514,"created":1749048596514,"remoteIdentityKey":"BdomUw0Qap7hVX+xuekILPVkLX0QRsbDpAaFBFPNtxNV"},"_chains":{"BTOdG/i7oswrgjqiQutOXUqD3gXxksKNgnWq02XThj82":{"chainKey":{"counter":0,"key":"1FLh3h2Bc7zbUwoNH7tXFmZfE/s8yzlntZrOu3SC6jQ="},"chainType":1,"messageKeys":{}}},"pendingPreKey":{"signedKeyId":10,"baseKey":"BeDDnES+MEHZ7kUaC9m6+X4LAkj9ooeXoGL1sT2+BAg+","preKeyId":940499}}},"version":"v1"}