{"_sessions":{"BdK2JDaHUX+l8Efcwfsd3Q13wpFQasmmL6f5PEOxGHEP":{"registrationId":209,"currentRatchet":{"ephemeralKeyPair":{"pubKey":"BS5KCm/W79LEzBwseKL6GVre84RJEM5WC6033aELARJL","privKey":"QIjbsB2mUGMBHWa94xXkjeBtFSJJRVM1dsI+T2K2anA="},"lastRemoteEphemeralKey":"BTfL1IDYGRtUOa/31hc6loa3P3kotkdXIa0LXhqcTPhy","previousCounter":0,"rootKey":"/Mx+9EyREGmXIpcZR62BiqOz2mSEvFEzseVfCvEhqMg="},"indexInfo":{"baseKey":"BdK2JDaHUX+l8Efcwfsd3Q13wpFQasmmL6f5PEOxGHEP","baseKeyType":1,"closed":-1,"used":1749062789447,"created":1749062789447,"remoteIdentityKey":"BfTJMPnAeW7gEGCaR30t2uIg0yrJ/y4sJbQqvV1tgxdC"},"_chains":{"BS5KCm/W79LEzBwseKL6GVre84RJEM5WC6033aELARJL":{"chainKey":{"counter":0,"key":"EOKEdh7R2g80iaLElE+0oMxRIxsD95ja0WUJUUBL9WI="},"chainType":1,"messageKeys":{}}},"pendingPreKey":{"signedKeyId":1,"baseKey":"BdK2JDaHUX+l8Efcwfsd3Q13wpFQasmmL6f5PEOxGHEP"}}},"version":"v1"}