{"_sessions":{"BT4BLE4Fox9RByeor2d8HdMlBG3eFhR1O+D8pNbjW209":{"registrationId":1527622,"currentRatchet":{"ephemeralKeyPair":{"pubKey":"BQrSn2osSBi+CB6NC0DMSrj9AOG7EKTq38Yr5QbLIXt9","privKey":"8B7iG9FbhckHbCmNoL4YP64tFn8U+UYZ08y3uNESzU8="},"lastRemoteEphemeralKey":"BQdgP3dm7TbXkCJKDJH347vE07ke4ynDWz03dIK0UQMq","previousCounter":0,"rootKey":"AcssA4wP6eHvyPjmGnN6cH77CVWfeyOIFkQHvUWCDkA="},"indexInfo":{"baseKey":"BT4BLE4Fox9RByeor2d8HdMlBG3eFhR1O+D8pNbjW209","baseKeyType":1,"closed":-1,"used":1749062789797,"created":1749062789797,"remoteIdentityKey":"BbQdY/r8JCg65YRY1kRgTob5+xkLmxHoKyX23VKYPf53"},"_chains":{"BQrSn2osSBi+CB6NC0DMSrj9AOG7EKTq38Yr5QbLIXt9":{"chainKey":{"counter":0,"key":"/8WOYgzDAJwPoEQP9Hwx4GvizVPFY9KKtIvajulSlq8="},"chainType":1,"messageKeys":{}}},"pendingPreKey":{"signedKeyId":5,"baseKey":"BT4BLE4Fox9RByeor2d8HdMlBG3eFhR1O+D8pNbjW209","preKeyId":2657113}}},"version":"v1"}