{"_sessions":{"BdpKk5MOS1WOBCjNUxSabNteqmDaaBYbKwND7l3WXDNR":{"registrationId":581624314,"currentRatchet":{"ephemeralKeyPair":{"pubKey":"BRH3pcaOLL3GHUsqHyGiLhB5BN70DUahXqOQMAHlAy5i","privKey":"2CwiwRiybVmDtjsOjx1e78M0KaFjEWxesyvC09XfFmc="},"lastRemoteEphemeralKey":"BTP5SKKclATwwtwXYaTdKL343dkYybj4vGGFLr0cFcRu","previousCounter":0,"rootKey":"aiWfB6/GlX7H+jI0hWCfcoWgDyR1cU1JG+5r+JLiFnY="},"indexInfo":{"baseKey":"BdpKk5MOS1WOBCjNUxSabNteqmDaaBYbKwND7l3WXDNR","baseKeyType":2,"closed":-1,"used":1749118691502,"created":1749055824752,"remoteIdentityKey":"BcdLlk4Cn90cz5l8Ia+hBH7Aul851Jz0DTC3TkjDwUZs"},"_chains":{"BXl+FhGP+B4daXBh+/vjx/DXA6u0JbKprwU+Idqye4x8":{"chainKey":{"counter":2},"chainType":2,"messageKeys":{}},"BTP5SKKclATwwtwXYaTdKL343dkYybj4vGGFLr0cFcRu":{"chainKey":{"counter":0,"key":"L+UWiivhngXrXyvLhhVE/RC19BRyt2phWbDYhgiRNCw="},"chainType":2,"messageKeys":{}},"BRH3pcaOLL3GHUsqHyGiLhB5BN70DUahXqOQMAHlAy5i":{"chainKey":{"counter":-1,"key":"uckLY9cJRWA2Ed/Rx1Rwg2EjaglNzy9/yjQZ3WSOB5Q="},"chainType":1,"messageKeys":{}}}}},"version":"v1"}