{"_sessions":{"BcUt/KDC+5ZBNdu2Tnc0LKCkeRzmKCbGsnMy2pEai+xx":{"registrationId":1566372740,"currentRatchet":{"ephemeralKeyPair":{"pubKey":"BYfKA5h3ZGR8ieUuutyuQp0vWucMO7MDXbsazzzWwelG","privKey":"EESmPpD8XZi4XpWElwuGS3c9tvfXVmKCuPfB3rdlAEI="},"lastRemoteEphemeralKey":"BZUkXSNfq2Bxv6Hq6F7Z0P2IXgQK1PBvsa1uaVeIrvUk","previousCounter":0,"rootKey":"cYURlXODBuACiQnvDj+t4eYL5XtZfEVx17vI9183QWc="},"indexInfo":{"baseKey":"BcUt/KDC+5ZBNdu2Tnc0LKCkeRzmKCbGsnMy2pEai+xx","baseKeyType":1,"closed":-1,"used":1749062789754,"created":1749062789754,"remoteIdentityKey":"BYkW93WHUKGyl3nueD1KyoMdzh3rh59yntABlZ+P/KZ5"},"_chains":{"BYfKA5h3ZGR8ieUuutyuQp0vWucMO7MDXbsazzzWwelG":{"chainKey":{"counter":0,"key":"r1aiHGrdyJddUhGwChTQsO3me7rMJD17+tOoLhfchD8="},"chainType":1,"messageKeys":{}}},"pendingPreKey":{"signedKeyId":3,"baseKey":"BcUt/KDC+5ZBNdu2Tnc0LKCkeRzmKCbGsnMy2pEai+xx","preKeyId":149781}}},"version":"v1"}