{"_sessions":{"BRL9k7qgVYOgQmh05YnKnbk6myCKnBZS5c31lq4cyVdp":{"registrationId":1002383060,"currentRatchet":{"ephemeralKeyPair":{"pubKey":"BdVkRqQyobtULclCvwQeFy8rtmvNbZ0yqoSu9Uw8H0YE","privKey":"+OmFT/AU3XHY21PS+GWfhcS97eO1/wefP5VYpIPytWA="},"lastRemoteEphemeralKey":"BcmaWporLTL3ui87vsbwhhHrwOIPgjI4MCqrOexz42Fs","previousCounter":0,"rootKey":"+JItUMyZ4RI8h7KYcmYd2xNbU6LkyFuTzM4ypwK/AhQ="},"indexInfo":{"baseKey":"BRL9k7qgVYOgQmh05YnKnbk6myCKnBZS5c31lq4cyVdp","baseKeyType":2,"closed":-1,"used":1749118695135,"created":1749118695135,"remoteIdentityKey":"BUHMf7jIKwwq8tMm6Uzi0a7voDHez8hy1EyBrthAArld"},"_chains":{"BcmaWporLTL3ui87vsbwhhHrwOIPgjI4MCqrOexz42Fs":{"chainKey":{"counter":0,"key":"iFPSdyxGtnQcMe+0E1cAnzdjv3pZQTNhbLkHawuerEA="},"chainType":2,"messageKeys":{}},"BdVkRqQyobtULclCvwQeFy8rtmvNbZ0yqoSu9Uw8H0YE":{"chainKey":{"counter":-1,"key":"l40tTUALRyF72mmjox1oqKy/8Emexlmc081qKH8F6lg="},"chainType":1,"messageKeys":{}}}}},"version":"v1"}