{"_sessions":{"BauRRcorR9iAgV2iBejsoEDbswk/uhia+jBRIF6juJgo":{"registrationId":2241,"currentRatchet":{"ephemeralKeyPair":{"pubKey":"Basg6nv+a5+C4bUjT1/48xjxYkpgCzzaHH0wDp3FhLFT","privKey":"AAj0e9vlqXFSAIrxBK53gRTGe8fXN41Z6n+avuuRxnU="},"lastRemoteEphemeralKey":"Bd93vJSES5jrdVxMmAVPuBhxv+tCHmjTpV1laUcPX3Fw","previousCounter":0,"rootKey":"2tug9IFDJo4c3vOXwmFvVgfaV9augd2niIxZniglbgs="},"indexInfo":{"baseKey":"BauRRcorR9iAgV2iBejsoEDbswk/uhia+jBRIF6juJgo","baseKeyType":1,"closed":-1,"used":1749062789628,"created":1749062789628,"remoteIdentityKey":"BSZ22HszP7pBQQa9FwOS78/dSHTNUMNTv3oSAHiKoN94"},"_chains":{"Basg6nv+a5+C4bUjT1/48xjxYkpgCzzaHH0wDp3FhLFT":{"chainKey":{"counter":0,"key":"rcLnZ8OZ4WV2zp+MZ9I0OeoGjmxv6qDH5BUvE5yKxJQ="},"chainType":1,"messageKeys":{}}},"pendingPreKey":{"signedKeyId":1,"baseKey":"BauRRcorR9iAgV2iBejsoEDbswk/uhia+jBRIF6juJgo","preKeyId":1121}}},"version":"v1"}