{"_sessions":{"BZ+8dtMcrpfmmPzmw46h5cms+GovVbFGrU+2fHk4kgRP":{"registrationId":1480662449,"currentRatchet":{"ephemeralKeyPair":{"pubKey":"BdU2qWMiZriXpcYqd9nnzcqOtisHDcSXSsX4stm2G5E3","privKey":"ADnfG622PSnCLhvmckczH6+KzonAgtn/sQtZYyodyWE="},"lastRemoteEphemeralKey":"BV/Aj7FbZ5egiXlNwFSNnwhQOTUvmctem2APSM43engM","previousCounter":0,"rootKey":"1g8okPDLysMLV6fzDVwTe6fhnqCsaFIjj4T3abSMuKI="},"indexInfo":{"baseKey":"BZ+8dtMcrpfmmPzmw46h5cms+GovVbFGrU+2fHk4kgRP","baseKeyType":1,"closed":-1,"used":1749062789733,"created":1749062789733,"remoteIdentityKey":"BRvFBCwr5ODFDV/ZLH07Vbe2BZ9FU4faEJByPZ8kGW47"},"_chains":{"BdU2qWMiZriXpcYqd9nnzcqOtisHDcSXSsX4stm2G5E3":{"chainKey":{"counter":0,"key":"cfpGtycL8bRAFssf2mZYEzhETEN3/Va5a+bApA5lDVY="},"chainType":1,"messageKeys":{}}},"pendingPreKey":{"signedKeyId":9,"baseKey":"BZ+8dtMcrpfmmPzmw46h5cms+GovVbFGrU+2fHk4kgRP","preKeyId":3608840}}},"version":"v1"}