{"_sessions":{"BaQtTsMN/Hnx11EN/4f81Rwwy5a0pGp+i7P6vGEaAcV/":{"registrationId":1498103678,"currentRatchet":{"ephemeralKeyPair":{"pubKey":"BR48IPJ7K9Lbr99F4lwuk/vLnRroaU6CkAY9aomSt8Vi","privKey":"+BaObLIBNbP24lKculnm+KqKti0vYuVLA50BxRRz924="},"lastRemoteEphemeralKey":"BU2ekpPul0BJYdn+EGkB2r79o+r7AG9UsY/a/DIyX7QO","previousCounter":0,"rootKey":"3uqKEavzDEWUuG9UNjAN0mO6gecW5QzdJne604msi9s="},"indexInfo":{"baseKey":"BaQtTsMN/Hnx11EN/4f81Rwwy5a0pGp+i7P6vGEaAcV/","baseKeyType":2,"closed":-1,"used":1749118696900,"created":1749118696900,"remoteIdentityKey":"BbC0YJO/l8FsU2MQkXX3CVIZbGTydVDuNSrN7M5IfIxX"},"_chains":{"BU2ekpPul0BJYdn+EGkB2r79o+r7AG9UsY/a/DIyX7QO":{"chainKey":{"counter":0,"key":"fjY5ZPlq3YALlywj//rB0tAskcChqMcC12aK5a1I/TM="},"chainType":2,"messageKeys":{}},"BR48IPJ7K9Lbr99F4lwuk/vLnRroaU6CkAY9aomSt8Vi":{"chainKey":{"counter":-1,"key":"NSRcA1aqjSqAeXidsm7ntYSr3L0xItd0KpjnDeivfsQ="},"chainType":1,"messageKeys":{}}}}},"version":"v1"}