{"_sessions":{"BS14L5Ob2bszB8bEntppwvF6fmR4kABKAa+6i4FJ8fR6":{"registrationId":9392,"currentRatchet":{"ephemeralKeyPair":{"pubKey":"BZKxvUo4h/hDEJD4u4gG7yq2mlxWlxU+Zu1sHP+KpiJj","privKey":"iDhGTDOXWRv4kmyHpr7t3lYQWBjH3i2uc0Hryb80XV4="},"lastRemoteEphemeralKey":"BfBVpkVgi5BU8Ra+TLllu1QhCG8Hf8xFiOJjsGzYAUBj","previousCounter":0,"rootKey":"LGFH1Y8nN0wfGpkXKqZmvn69aXL84HQeEDBRqaKh8oc="},"indexInfo":{"baseKey":"BS14L5Ob2bszB8bEntppwvF6fmR4kABKAa+6i4FJ8fR6","baseKeyType":1,"closed":-1,"used":1749062789569,"created":1749062789569,"remoteIdentityKey":"BX6L/QUkZ7wLdbOfTn6yeLg/TxYXBbcR+soLVDKl30A8"},"_chains":{"BZKxvUo4h/hDEJD4u4gG7yq2mlxWlxU+Zu1sHP+KpiJj":{"chainKey":{"counter":0,"key":"YXBduNvh/l4YKnhLMEC97zB/S+pmsZNmyFTcSOAR2Bo="},"chainType":1,"messageKeys":{}}},"pendingPreKey":{"signedKeyId":1,"baseKey":"BS14L5Ob2bszB8bEntppwvF6fmR4kABKAa+6i4FJ8fR6","preKeyId":830}}},"version":"v1"}