{"_sessions":{"BUHxmNpjKd8Gw3FgNexPGLZ8YJ0Vi8mygn7v6lqSEKYu":{"registrationId":1087889616,"currentRatchet":{"ephemeralKeyPair":{"pubKey":"BWHaC7mOG1DoOpDtj4cnuoMyaRUb/AtpvqXt5z6A/isK","privKey":"APudOiZ9Um/al3tLnQgcv5tGgeaW7CDb4A5Ry90SUlE="},"lastRemoteEphemeralKey":"BcMOMRozX933y7yT9IpfHfSp1A2bBDYhc7DtHkrIOf0b","previousCounter":0,"rootKey":"qH2OT/MLTWUSnUpNLiKwOwB48gEgJGLqVhBjY3vLJYY="},"indexInfo":{"baseKey":"BUHxmNpjKd8Gw3FgNexPGLZ8YJ0Vi8mygn7v6lqSEKYu","baseKeyType":2,"closed":-1,"used":1749118691863,"created":1749057514031,"remoteIdentityKey":"BRyw38vCWR60fh9zoNBlh5FtHQk6LPJ+ZXChaJ5ZGWtD"},"_chains":{"BcTP/EFV8aCNjc3i8/b/QsLithQX/B0RKXHbHdWAb9Uo":{"chainKey":{"counter":0},"chainType":2,"messageKeys":{}},"BcMOMRozX933y7yT9IpfHfSp1A2bBDYhc7DtHkrIOf0b":{"chainKey":{"counter":2,"key":"8jXbvsLU7KbOEfBDhU/okImkul/L0CZIloBJAruEbnM="},"chainType":2,"messageKeys":{"1":"U890pSoOP7zSiWbzcDmeP3892LqylCFB6xynv6dMXtA="}},"BWHaC7mOG1DoOpDtj4cnuoMyaRUb/AtpvqXt5z6A/isK":{"chainKey":{"counter":-1,"key":"HmdovsbbdYtGmxl2/WbI1Wx0j/ngET/J1SVIRqa/2Mc="},"chainType":1,"messageKeys":{}}}}},"version":"v1"}