{"_sessions":{"BbJkbFXgxOUrIjL3+Xgs/rr08Lxkq+ostiAFrpx3yD8W":{"registrationId":30,"currentRatchet":{"ephemeralKeyPair":{"pubKey":"Bd7WJXmBGGL4WvEfo/eUpPD/Bl31UTyB/Rob7mJjVV1S","privKey":"wDhJORxTxM8ierYyjXZtYlAwiNLY3cPHgpPDKsZUAHU="},"lastRemoteEphemeralKey":"BdV7+6szpS5Bfw2z4wRzd2CiuzdHKjwv6X0MJaQe2hd5","previousCounter":0,"rootKey":"uI3t3pH7R3i2DvsnvMTj1K2pRQ9haSd5FPGxUuMcs2I="},"indexInfo":{"baseKey":"BbJkbFXgxOUrIjL3+Xgs/rr08Lxkq+ostiAFrpx3yD8W","baseKeyType":2,"closed":-1,"used":1749118693074,"created":1749118693074,"remoteIdentityKey":"BROj62m8f2deE7quBHJogAZ9UWLIHvEF1rBAmbhTVzx2"},"_chains":{"BdV7+6szpS5Bfw2z4wRzd2CiuzdHKjwv6X0MJaQe2hd5":{"chainKey":{"counter":0,"key":"71nzvrwmSTpseII88PuhdApyuXascP0Gg4AqFjhnDuI="},"chainType":2,"messageKeys":{}},"Bd7WJXmBGGL4WvEfo/eUpPD/Bl31UTyB/Rob7mJjVV1S":{"chainKey":{"counter":-1,"key":"2+8MwTbMEvsjxONtcKsJAZTXiHZmOkVm5/xAXGuEkY8="},"chainType":1,"messageKeys":{}}}}},"version":"v1"}