{"_sessions":{"BSDiA7CqCfeMVobDieskTLCTYelGoCQSQVhYdycEeLRs":{"registrationId":327602527,"currentRatchet":{"ephemeralKeyPair":{"pubKey":"BSkTEU3rvUrOvtC7QDbtmu/M7Oq1nkA9DJih/4/pwlJs","privKey":"IKHz+ksM5NtOo25PxHiHNu5YvaeZySPUt/AvSnvAXlg="},"lastRemoteEphemeralKey":"BZhrqb6zFTIH8axfSDqr2PvmOz8h+Hy0EbWn32B6xJhT","previousCounter":0,"rootKey":"nVBd+IdO7ju/RVz9yJ1CGexnxYoI/71oKpsYvyBi3xM="},"indexInfo":{"baseKey":"BSDiA7CqCfeMVobDieskTLCTYelGoCQSQVhYdycEeLRs","baseKeyType":2,"closed":-1,"used":1749118696138,"created":1749118696138,"remoteIdentityKey":"BYqJVv4WprUWmMGAiBYJuT9WRHjhGtJKr2lcnNoYZOlf"},"_chains":{"BZhrqb6zFTIH8axfSDqr2PvmOz8h+Hy0EbWn32B6xJhT":{"chainKey":{"counter":0,"key":"b+0d/DVX5ODzWRi7/rDYyBVuflm3oUwi6UbnxR2qeBM="},"chainType":2,"messageKeys":{}},"BSkTEU3rvUrOvtC7QDbtmu/M7Oq1nkA9DJih/4/pwlJs":{"chainKey":{"counter":-1,"key":"jlDGAj8XwwVSohouPeKeksGFYEL2dNu1PRISStfHJHM="},"chainType":1,"messageKeys":{}}}}},"version":"v1"}