{"_sessions":{"BZqnbBJtJVQKNhjCyNn2pZaFO5IPVubI35zMOCdc+QE/":{"registrationId":435757499,"currentRatchet":{"ephemeralKeyPair":{"pubKey":"BXsvsalwcDiCCJU1ffK6PgqJkGlNGMXxznwkQkRGNiJ9","privKey":"YDE21h3aY9RzzmieOeWqtOmW3ZxU5s4dqZTd/egdsU0="},"lastRemoteEphemeralKey":"BZEF+EaO+Su23N6ZI+5kontbrVlMYqsvYkDlxwSGMH5W","previousCounter":0,"rootKey":"4h42kIO6tHz111TfsufGwqVkvVzkf4JkPH5YvoTIbNE="},"indexInfo":{"baseKey":"BZqnbBJtJVQKNhjCyNn2pZaFO5IPVubI35zMOCdc+QE/","baseKeyType":1,"closed":-1,"used":1749062789644,"created":1749062789644,"remoteIdentityKey":"BTRYvj9bjFkkm3c1zopfpGaa76dWnEVgVrqoRKf04dUd"},"_chains":{"BXsvsalwcDiCCJU1ffK6PgqJkGlNGMXxznwkQkRGNiJ9":{"chainKey":{"counter":0,"key":"/+P2eS0Dz4cNguL26eHCnmNBfWqnJwSVTiDsfNrkyXM="},"chainType":1,"messageKeys":{}}},"pendingPreKey":{"signedKeyId":1,"baseKey":"BZqnbBJtJVQKNhjCyNn2pZaFO5IPVubI35zMOCdc+QE/","preKeyId":1608095}}},"version":"v1"}