{"_sessions":{"BfuFpZMdKQxU+R501KTOVs46gk4jK8wc6cm28wHp2dRD":{"registrationId":255865489,"currentRatchet":{"ephemeralKeyPair":{"pubKey":"BbE7mtow5djZDWZ1EF/y4BczUQSBohbHHQisDdeCdrMJ","privKey":"SKzP9xL7l8gdGiOnDuisJiw0TX2DAbZXrYZum+XDgFI="},"lastRemoteEphemeralKey":"BcZyyH2/Llv6wHB0YojXfjEGaumkSfIZf1s3NjZOWK85","previousCounter":0,"rootKey":"+R9dcS7WiJQdqcqnn+ajXkeioZQtEpBUN+ZcodCgHlk="},"indexInfo":{"baseKey":"BfuFpZMdKQxU+R501KTOVs46gk4jK8wc6cm28wHp2dRD","baseKeyType":1,"closed":-1,"used":1749062789438,"created":1749062789438,"remoteIdentityKey":"BYiz4GhfRBP4TbhsvAVR+7zeR+uwahSjTlmpYc64hupe"},"_chains":{"BbE7mtow5djZDWZ1EF/y4BczUQSBohbHHQisDdeCdrMJ":{"chainKey":{"counter":0,"key":"nflU7bwgklb9VPV47nSmq3+4jP9bdSwS2UU1chGuSyw="},"chainType":1,"messageKeys":{}}},"pendingPreKey":{"signedKeyId":1,"baseKey":"BfuFpZMdKQxU+R501KTOVs46gk4jK8wc6cm28wHp2dRD","preKeyId":1044}}},"version":"v1"}