{"_sessions":{"BZQt5aUluO2y8AH7vA+++XQ2dwKMcmyQdUOXd1TR8Z08":{"registrationId":1208111507,"currentRatchet":{"ephemeralKeyPair":{"pubKey":"BV/8E9gGMNzm3NB4nVTyz20MgbyPVtRpZN2XZeXVLfIR","privKey":"0J2y61Byvbr78WbXClWKGRsbIwvj6p4zAXRMLM7TTFk="},"lastRemoteEphemeralKey":"BUpQj7vDBMnK53gv3cSF/cTHtWW3627drgmCN1N4BmIR","previousCounter":0,"rootKey":"Ic44ynwFa2DGyATtGUp8DyMcqTF0IR93mLmybLuWxPI="},"indexInfo":{"baseKey":"BZQt5aUluO2y8AH7vA+++XQ2dwKMcmyQdUOXd1TR8Z08","baseKeyType":1,"closed":-1,"used":1749062789756,"created":1749062789756,"remoteIdentityKey":"BXDpRku4s7O0ZIYbevnkHRIRDRUfJljSzNADabLSI0AV"},"_chains":{"BV/8E9gGMNzm3NB4nVTyz20MgbyPVtRpZN2XZeXVLfIR":{"chainKey":{"counter":0,"key":"8+Y485K5eMCGucjiI9bEFtdtCV8i5TY9Sdp3ZXCGYhE="},"chainType":1,"messageKeys":{}}},"pendingPreKey":{"signedKeyId":1036579,"baseKey":"BZQt5aUluO2y8AH7vA+++XQ2dwKMcmyQdUOXd1TR8Z08","preKeyId":87029}}},"version":"v1"}