{"_sessions":{"BbbvAswHDd43YkQmQaYlc7EiAK0eBSk44Skv/eZ8RqQh":{"registrationId":976338290,"currentRatchet":{"ephemeralKeyPair":{"pubKey":"BWNp8DbNc4TrH242ayJ1eH3FP9uLINfMwzon0VLl2f85","privKey":"WPj/MwmlS/o73DJ0SVMZkNGDBC9aD/sdwWWVL84OFHE="},"lastRemoteEphemeralKey":"BYcMBnld//4tuv9pAO6V1P15Lp/RC7LhnUupif4OfRJ+","previousCounter":0,"rootKey":"5PqKFtrvlJ75XRKJp5PxVnuQa9OwCqn6Trg2VN31Lec="},"indexInfo":{"baseKey":"BbbvAswHDd43YkQmQaYlc7EiAK0eBSk44Skv/eZ8RqQh","baseKeyType":1,"closed":-1,"used":1749063818842,"created":1749062789675,"remoteIdentityKey":"BVNvqtuvap0iEmHC9CoIdYfHzWN0e6I9sBllG1QXSwom"},"_chains":{"BYcMBnld//4tuv9pAO6V1P15Lp/RC7LhnUupif4OfRJ+":{"chainKey":{"counter":0,"key":"0AIp1oSa8pF4KpYO6hV0JiM3TSYjG46r3EVm6I6eNns="},"chainType":2,"messageKeys":{}},"BWNp8DbNc4TrH242ayJ1eH3FP9uLINfMwzon0VLl2f85":{"chainKey":{"counter":-1,"key":"Ze14FNvN9LlTbFyVBS3jXdZInSyoDpakYD0ypaMcJQ0="},"chainType":1,"messageKeys":{}}}}},"version":"v1"}