{"_sessions":{"BSQqSeJRlWxQ8FiZPdc7i9ra40MUXl9oCbVNwGpRqnou":{"registrationId":2080825181,"currentRatchet":{"ephemeralKeyPair":{"pubKey":"BS7Gag/fkrTGsoilko6GiR0qfDakc4BiTCiR3lPPxaoK","privKey":"4CjV5UEKPNt996k+HLK0/P3VTqbEW23ymXPlwY7lCXk="},"lastRemoteEphemeralKey":"BW2tQSHf7ugM+plExCgsD7Ul6jeosfoGPPPkiPzs1hw3","previousCounter":0,"rootKey":"3LRoYrnDvBrYQDxUt22Iinj31a2hDFGnyE51jJPQAg4="},"indexInfo":{"baseKey":"BSQqSeJRlWxQ8FiZPdc7i9ra40MUXl9oCbVNwGpRqnou","baseKeyType":1,"closed":-1,"used":1749062789719,"created":1749062789719,"remoteIdentityKey":"BdaaVfc1HMhSmkJ6KIr6EtqLhocdG7SLxpvub38bhN9Q"},"_chains":{"BS7Gag/fkrTGsoilko6GiR0qfDakc4BiTCiR3lPPxaoK":{"chainKey":{"counter":0,"key":"W/2Z0ppSd/AYgnzmZt2JXes2MOnWxzoX1A5yzF7na+8="},"chainType":1,"messageKeys":{}}},"pendingPreKey":{"signedKeyId":3329122,"baseKey":"BSQqSeJRlWxQ8FiZPdc7i9ra40MUXl9oCbVNwGpRqnou","preKeyId":14821}}},"version":"v1"}