{"_sessions":{"BSm+bzs/6IY6im+SAh/+/LVTnVSabIdmaylgaePxA8g2":{"registrationId":198,"currentRatchet":{"ephemeralKeyPair":{"pubKey":"BVbfwfzGFFxj24wC4IixLogthQTWBqXumlnGcjmnHQNw","privKey":"WNY67SqPaja/h+VVPVzgUBKjhkXQfunIARDsy6mRpW0="},"lastRemoteEphemeralKey":"BZu33qECEg2rq5+q5n3xpWP+URq47BvCa+AUzjzcsfwi","previousCounter":0,"rootKey":"RTPYKQOfGjsExFKhUigvKuUDRhRZLuqorezgPJOggd8="},"indexInfo":{"baseKey":"BSm+bzs/6IY6im+SAh/+/LVTnVSabIdmaylgaePxA8g2","baseKeyType":1,"closed":-1,"used":1749062789607,"created":1749062789607,"remoteIdentityKey":"BRVjcuzcxmg0OfVzfoRJwCSBNqbX4UTxXxfiONpJL6Bq"},"_chains":{"BVbfwfzGFFxj24wC4IixLogthQTWBqXumlnGcjmnHQNw":{"chainKey":{"counter":0,"key":"V1Ro1TCqwXhT1uU6jLUrzCxSrq2xDLTVIbf3ZqTB4cE="},"chainType":1,"messageKeys":{}}},"pendingPreKey":{"signedKeyId":1,"baseKey":"BSm+bzs/6IY6im+SAh/+/LVTnVSabIdmaylgaePxA8g2"}}},"version":"v1"}