{"_sessions":{"BXyHYKueoEWGxlIxuck8Kb9FUbVbA2U5pL6G7IH1KftI":{"registrationId":233,"currentRatchet":{"ephemeralKeyPair":{"pubKey":"BWKj/VuIE+i0v15cZxub97TI038NkghA+c4OX2yTcixG","privKey":"wA29TrhpqJ869ERfIFGPVuLi48yXEm848AplNcJxylg="},"lastRemoteEphemeralKey":"BSwEICK4uukkt6Huo3JeDoS5r4yAxY0wjtBW9x96zMEa","previousCounter":0,"rootKey":"uLdBsbmSYCOsZ1rfQx5LiTA+UZknf088eHduX7+Atx8="},"indexInfo":{"baseKey":"BXyHYKueoEWGxlIxuck8Kb9FUbVbA2U5pL6G7IH1KftI","baseKeyType":2,"closed":-1,"used":1749118694423,"created":1749055822723,"remoteIdentityKey":"Bb1YLM0iaYmz0PWSsGDRcuWevH6iHx/0fYOgDjiismBK"},"_chains":{"BYp8fRbnQacBo0u5vZUZKo5Asms/7D2CQgwvz1y7ty41":{"chainKey":{"counter":0},"chainType":2,"messageKeys":{}},"BSwEICK4uukkt6Huo3JeDoS5r4yAxY0wjtBW9x96zMEa":{"chainKey":{"counter":3,"key":"25BDeclxDZH0wCauwQHl0a6LSKpRbZkSGC8Iqvos6Yw="},"chainType":2,"messageKeys":{}},"BWKj/VuIE+i0v15cZxub97TI038NkghA+c4OX2yTcixG":{"chainKey":{"counter":-1,"key":"GfGPw1fejpCu3tMtAXnKqRMS2d6u9ydbE3OVStkUzFM="},"chainType":1,"messageKeys":{}}}}},"version":"v1"}