{"_sessions":{"BdMNUdmIo0xR94gbGmi7s/VWypMNFKsTz8X/yujtLLFu":{"registrationId":4076,"currentRatchet":{"ephemeralKeyPair":{"pubKey":"BdfaeGMVuwRwEWg8hnOPU0xF3d3gNz8MvFjhPY0yoHJq","privKey":"iIg5mamZh75rumBX/91wDIl/rQMR9/vbN+vTzJn7uVM="},"lastRemoteEphemeralKey":"BZ/TQhUTzu5Ad24hH1sGW3mxL1VMZCmNEAj2udB/L25Y","previousCounter":0,"rootKey":"mNVPh4uhyeFMq9dZLhLI8ZAysq31VEBDcFPcTG7YOrE="},"indexInfo":{"baseKey":"BdMNUdmIo0xR94gbGmi7s/VWypMNFKsTz8X/yujtLLFu","baseKeyType":1,"closed":-1,"used":1749048596489,"created":1749048596489,"remoteIdentityKey":"BT9TqbEQiH2fKYZawNhuUTFsdhrRo0CkNZeUUMDLuPUu"},"_chains":{"BdfaeGMVuwRwEWg8hnOPU0xF3d3gNz8MvFjhPY0yoHJq":{"chainKey":{"counter":0,"key":"lIjupUBSL0RCNvsCFAd33hi3owNeLEe7KxdeOvWx0H4="},"chainType":1,"messageKeys":{}}},"pendingPreKey":{"signedKeyId":1,"baseKey":"BdMNUdmIo0xR94gbGmi7s/VWypMNFKsTz8X/yujtLLFu"}}},"version":"v1"}