{"_sessions":{"Bdm8BK8Zds2BRlkwCRZQZVBU3bveD3URJOQnjr+wQlhl":{"registrationId":378838207,"currentRatchet":{"ephemeralKeyPair":{"pubKey":"BXji+P95hL9LVwpscUVy+sbDR2ia9q4hc1YOwlcbHP9g","privKey":"kMm/5rVpOYU32LPP3LIpCixayK8Otuk3UdYYc7cvb2g="},"lastRemoteEphemeralKey":"BYJpedKcegdP7XRBlqUX9ZZQ32+UmGUP6N8gNY5AHJwV","previousCounter":0,"rootKey":"X0KFbcWjKmTz7nLAHL5vWYRHdWH4n587fuRgfLnPgVQ="},"indexInfo":{"baseKey":"Bdm8BK8Zds2BRlkwCRZQZVBU3bveD3URJOQnjr+wQlhl","baseKeyType":1,"closed":-1,"used":1749048596508,"created":1749048596508,"remoteIdentityKey":"BewZQWaXiDzuvNHpKFAwVCUMHWSdEiGhdo7tbsQGYmNU"},"_chains":{"BXji+P95hL9LVwpscUVy+sbDR2ia9q4hc1YOwlcbHP9g":{"chainKey":{"counter":0,"key":"h4mihTPuxC5FXnojc6947dUgeWqIIDDxcec66nw76bs="},"chainType":1,"messageKeys":{}}},"pendingPreKey":{"signedKeyId":0,"baseKey":"Bdm8BK8Zds2BRlkwCRZQZVBU3bveD3URJOQnjr+wQlhl","preKeyId":2642355}}},"version":"v1"}