{"_sessions":{"BX5zGhCCkJnTZ6nKru12F/X/wLJ1+4CazDYYCp/yUE1Q":{"registrationId":834628954,"currentRatchet":{"ephemeralKeyPair":{"pubKey":"BbEHMwY5an9hdOeHgDoecPJqZOogrwmRXqwU8AmWSeJs","privKey":"iKzvaYmUtwWASiyllCKfekLGeW9YX3MBw2j/NA+qZWc="},"lastRemoteEphemeralKey":"BWk4wH4K0aPCb/v6joJYwgaSUzccSJQWvEVrRGsD3TN/","previousCounter":0,"rootKey":"UVWzDKtHR43vE27lnUdhgvB9ZqQ8IQahcnOSBym9Uik="},"indexInfo":{"baseKey":"BX5zGhCCkJnTZ6nKru12F/X/wLJ1+4CazDYYCp/yUE1Q","baseKeyType":2,"closed":-1,"used":1749118695394,"created":1749118695394,"remoteIdentityKey":"BSkZ4IWuOh/gsJRRQHHJVXXQaSQzVTBNWlDVadoVCJ1O"},"_chains":{"BWk4wH4K0aPCb/v6joJYwgaSUzccSJQWvEVrRGsD3TN/":{"chainKey":{"counter":0,"key":"WVyMHrXCH6Znj4TWNbQPk3bU8PEvyBHk+BqfISbxBDI="},"chainType":2,"messageKeys":{}},"BbEHMwY5an9hdOeHgDoecPJqZOogrwmRXqwU8AmWSeJs":{"chainKey":{"counter":-1,"key":"LRQ3zAkuouYc1nqGwN+Oq4TjoPOgW16k4jd21LCQ9zk="},"chainType":1,"messageKeys":{}}}}},"version":"v1"}