{"_sessions":{"BcAHWYu4tqBqCunmGYFWR0ll0DMW61ptA8P5kkVGoRYX":{"registrationId":1096711547,"currentRatchet":{"ephemeralKeyPair":{"pubKey":"BfGmADq/f0FNHLhC3XMySAV0+vpyVZGHuewa8t580JtY","privKey":"YF53XppjUuQOiI+fGB4x8Lfafrpaz0fOlpJ6pxF03Ww="},"lastRemoteEphemeralKey":"BZotg5pEsOhLc9zrXb8HLe0lawwDqbRZHwdQm+CfDas0","previousCounter":0,"rootKey":"rIiUAVvQfGH0Lg6kdODQYhktkie2KemjFq7WXptHnXI="},"indexInfo":{"baseKey":"BcAHWYu4tqBqCunmGYFWR0ll0DMW61ptA8P5kkVGoRYX","baseKeyType":2,"closed":-1,"used":1749055833470,"created":1749055833470,"remoteIdentityKey":"Bc1iYiKahu/wuJGkvGwV3oTYqzz9wspXeQ3HXHpNwMpe"},"_chains":{"BZotg5pEsOhLc9zrXb8HLe0lawwDqbRZHwdQm+CfDas0":{"chainKey":{"counter":0,"key":"nyv5MF5w/B2rwGCohXrq5IzYVqWuFnLhULuWwrtfO1s="},"chainType":2,"messageKeys":{}},"BfGmADq/f0FNHLhC3XMySAV0+vpyVZGHuewa8t580JtY":{"chainKey":{"counter":0,"key":"JSVrODNB1IwYIaFfHgLX/8hiFNVO4LL0DTTZIGcpz6Y="},"chainType":1,"messageKeys":{}}}}},"version":"v1"}