{"_sessions":{"BT6keVZIjUTbnRoiJwuNlH/xXlSnfQhEaKM7qcbrQyRu":{"registrationId":555173997,"currentRatchet":{"ephemeralKeyPair":{"pubKey":"BQMmCeq9tUKlHvlBRxWMKukhFJ0xU/zfAkhPQD+PI6k3","privKey":"OMU+F4wNOpVjHuAvaT2H1SFR1Wc4ekL5M/4DMCqtPVI="},"lastRemoteEphemeralKey":"BUNbRDO8D5qR8IWEVRH5EavmLkRbbc1pBRJKI7Z/qWQY","previousCounter":0,"rootKey":"JBnafnCe4ebv4cbZTl+NYrLoz4vOSIlG/2Vl7cMlLBQ="},"indexInfo":{"baseKey":"BT6keVZIjUTbnRoiJwuNlH/xXlSnfQhEaKM7qcbrQyRu","baseKeyType":2,"closed":-1,"used":1749123322863,"created":1749123322863,"remoteIdentityKey":"Bb1twrTb2od99wuwzuS69AWaXCbI/yL9Kki6AGjrmaA9"},"_chains":{"BUNbRDO8D5qR8IWEVRH5EavmLkRbbc1pBRJKI7Z/qWQY":{"chainKey":{"counter":1,"key":"2Z1SFUrEBdCh9WYYNuDfVFoB/OVjJHWHX4DRIRHSrrk="},"chainType":2,"messageKeys":{}},"BQMmCeq9tUKlHvlBRxWMKukhFJ0xU/zfAkhPQD+PI6k3":{"chainKey":{"counter":-1,"key":"THAK+dUjG0LyVlR4uHqemIO4unlNZTB7fN3GkauaUZk="},"chainType":1,"messageKeys":{}}}}},"version":"v1"}