{"_sessions":{"BfTVoYdbiku+rXzH4bwFlCGKlfwCRCBuZPnP/+XIrBgA":{"registrationId":166,"currentRatchet":{"ephemeralKeyPair":{"pubKey":"BQHZZA7oFqMhhq4cBKM4SG2363G80m3AWFRHdJfuza9G","privKey":"UJ8KvUp3pLF7LysVuGL4+/fN5NAZLblrU+5TJVqH0U0="},"lastRemoteEphemeralKey":"BZlYy/sAVeT9MtP/YUgH9JlJbzvyfvLDmQ3vhNhc8387","previousCounter":0,"rootKey":"NqOWNC1fJYABjKn08+z1pyvKGh5t6zXtmelgWlI5YzU="},"indexInfo":{"baseKey":"BfTVoYdbiku+rXzH4bwFlCGKlfwCRCBuZPnP/+XIrBgA","baseKeyType":1,"closed":-1,"used":1749062789466,"created":1749062789466,"remoteIdentityKey":"BV7bBZjnobjJAapWNCSaSLrvXcIziPzSJt17XK0q6gVz"},"_chains":{"BQHZZA7oFqMhhq4cBKM4SG2363G80m3AWFRHdJfuza9G":{"chainKey":{"counter":1,"key":"gGZ6CWXNO6BNsOXJHiwukkjC+XfAd7gLrZECX6OX5HM="},"chainType":1,"messageKeys":{}}},"pendingPreKey":{"signedKeyId":1,"baseKey":"BfTVoYdbiku+rXzH4bwFlCGKlfwCRCBuZPnP/+XIrBgA"}}},"version":"v1"}