{"_sessions":{"BRoIkk/2OhorwUM9KLH2s4kpEz8RAIQ/epwR4NNy/zhU":{"registrationId":1800086748,"currentRatchet":{"ephemeralKeyPair":{"pubKey":"BboZEL1kw/m5RrUPAqXL0ynpaOshDtvOSpPgb25fkUNu","privKey":"OIgy+W4Q2YB/hd0o9MvQe9quGc/zdHn9vmpo0Tj96UM="},"lastRemoteEphemeralKey":"BX4P4ziFRZer6h3yt57QKRC09ZjrXHEHgHpBEDuRkL17","previousCounter":0,"rootKey":"ZZV7tHOO/QocfYHnH0kGFuoBLExdcmX61PbJCQh0sxQ="},"indexInfo":{"baseKey":"BRoIkk/2OhorwUM9KLH2s4kpEz8RAIQ/epwR4NNy/zhU","baseKeyType":1,"closed":-1,"used":1749062789688,"created":1749062789688,"remoteIdentityKey":"BRVrG/hrgSA/QY/37QQddfVrEZJs+uY9uhGCVGJ/+kU4"},"_chains":{"BboZEL1kw/m5RrUPAqXL0ynpaOshDtvOSpPgb25fkUNu":{"chainKey":{"counter":0,"key":"olIxZUfcAK78xr1V1qjUVuKv0bHSbiIslD6mieuRxc4="},"chainType":1,"messageKeys":{}}},"pendingPreKey":{"signedKeyId":9,"baseKey":"BRoIkk/2OhorwUM9KLH2s4kpEz8RAIQ/epwR4NNy/zhU","preKeyId":4645237}}},"version":"v1"}