{"_sessions":{"BQEowtN9gu7M+6n5bRFleBaEqjWYwA8t4LBnLFjpbQ9x":{"registrationId":392714395,"currentRatchet":{"ephemeralKeyPair":{"pubKey":"BZHWxfkQn2xosUqfScHlMAAt5S5rJoI0s3ZGs1uS+Cod","privKey":"WIB+aW15n3xe+QWrWSdE82h5q9+POdKiMWX8w7kcwnk="},"lastRemoteEphemeralKey":"BbTJw/GsxuQVJsgP+ZoZWqsAhAC733p+3abIXQEcGEN6","previousCounter":0,"rootKey":"My5DeHLSbITV8ahfE4Z5ti/OuB/M8hj/0ugS+quFeFc="},"indexInfo":{"baseKey":"BQEowtN9gu7M+6n5bRFleBaEqjWYwA8t4LBnLFjpbQ9x","baseKeyType":2,"closed":-1,"used":1749118677154,"created":1749055824593,"remoteIdentityKey":"BaEpZw4WiPax6xWQYPOdhXXXBhl3jzzCgKgHbGq+5BQg"},"_chains":{"Bc76QYXfvuGNAKOzNoNp1ZaPiGsyTE8Nb2P7TJ4dZogl":{"chainKey":{"counter":2},"chainType":2,"messageKeys":{}},"BbTJw/GsxuQVJsgP+ZoZWqsAhAC733p+3abIXQEcGEN6":{"chainKey":{"counter":0,"key":"hFDVY9p7RDDD5n1Rw65S+JnKWfS8pkVElslr8fGLwB4="},"chainType":2,"messageKeys":{}},"BZHWxfkQn2xosUqfScHlMAAt5S5rJoI0s3ZGs1uS+Cod":{"chainKey":{"counter":-1,"key":"Xd0HQ6UQPcPk7n8wb1M4f0dGrhXvitmLCcDw4/jo5z8="},"chainType":1,"messageKeys":{}}}}},"version":"v1"}