{"_sessions":{"BQeacapSrNY3F/cEwCscW5NOFEnHExraoVqhrHv8gcQQ":{"registrationId":662999222,"currentRatchet":{"ephemeralKeyPair":{"pubKey":"BaJSuq/kiDx8VlVFFWKk/w1V2NlT7aPMPMVAvEps/OtN","privKey":"iHCs8grXr9afHqDYgu7QydXmHtK/X4zCgANWUMJfUGU="},"lastRemoteEphemeralKey":"Bf3+G16vDyBSXfdAMvxUcOEGkNjfUSMQv4cXFoabhX5J","previousCounter":0,"rootKey":"Xit/REB31ouBv2R7YFrXZ+HhTSoQN2jKAYhnPTuOmHM="},"indexInfo":{"baseKey":"BQeacapSrNY3F/cEwCscW5NOFEnHExraoVqhrHv8gcQQ","baseKeyType":2,"closed":-1,"used":1749121141988,"created":1749121141988,"remoteIdentityKey":"BUKPOycvuWH08wCaIzLARlhzaJCJni0anrEtpHfmYFt2"},"_chains":{"Bf3+G16vDyBSXfdAMvxUcOEGkNjfUSMQv4cXFoabhX5J":{"chainKey":{"counter":0,"key":"V6paKFKhRiUKq1GkI+/opMrIm1zbktbiEhZnxpmyv30="},"chainType":2,"messageKeys":{}},"BaJSuq/kiDx8VlVFFWKk/w1V2NlT7aPMPMVAvEps/OtN":{"chainKey":{"counter":-1,"key":"Nc4ylFVxgUQnK/kGs82OkQgkfG59hK6iC3k8srLe0HU="},"chainType":1,"messageKeys":{}}}}},"version":"v1"}