{"_sessions":{"BaoEtCdoZprOqSIJXH/IRE0VVatHMosHoBEruu/kmrpZ":{"registrationId":91763840,"currentRatchet":{"ephemeralKeyPair":{"pubKey":"BR+DdswSkk6Ck3EQPb8860pGXme8WhsPO5SnW0SnFawX","privKey":"sIcLougepIzGxC8oc09zoJFy8h4SaJUAdDVMubSSsEQ="},"lastRemoteEphemeralKey":"BRavhBvCZ21C5HKuXYTQCcDHidk8KMN8TsAEtSLnEnRA","previousCounter":0,"rootKey":"/fdW7/LKbTqqCRsQa8oud8a4wTkagHleZUqPbEqXjns="},"indexInfo":{"baseKey":"BaoEtCdoZprOqSIJXH/IRE0VVatHMosHoBEruu/kmrpZ","baseKeyType":1,"closed":-1,"used":1749048596498,"created":1749048596498,"remoteIdentityKey":"BVSxrVSgOgeN5qhvtfeD5MUpXMIBzYk+UfGAJ5mbV8om"},"_chains":{"BR+DdswSkk6Ck3EQPb8860pGXme8WhsPO5SnW0SnFawX":{"chainKey":{"counter":0,"key":"7Gjo76GY6Ky0BG1LROwMvpm8eppPKV9ENCTtesZRiho="},"chainType":1,"messageKeys":{}}},"pendingPreKey":{"signedKeyId":1,"baseKey":"BaoEtCdoZprOqSIJXH/IRE0VVatHMosHoBEruu/kmrpZ","preKeyId":14069032}}},"version":"v1"}