{"_sessions":{"BY+FW4Iabta1BfVLdH0Dm2z91ATNikJFxsOBElOhqiEe":{"registrationId":726404947,"currentRatchet":{"ephemeralKeyPair":{"pubKey":"BVjYh7LD6+SbTTysunZir+5ut4T2bDqeyzufgWHrVbJK","privKey":"mHZ+JUmOw2mgemT5d3s7cNE6Gj3PNfWRj2getFOzj0k="},"lastRemoteEphemeralKey":"BVmZHoZqcf6uWy0xkEYlP5fWqd9iGJWbzEf3+CD9fJsr","previousCounter":0,"rootKey":"SZl1Hxvv5UksaSpSvrch1NZb3+MppfsWlFt2+X8fI5Q="},"indexInfo":{"baseKey":"BY+FW4Iabta1BfVLdH0Dm2z91ATNikJFxsOBElOhqiEe","baseKeyType":1,"closed":-1,"used":1749062789646,"created":1749062789646,"remoteIdentityKey":"BZRzRjdgrkSLpFHlnBp05Yyuxaa4lhCkPyy/cROqbyQj"},"_chains":{"BVjYh7LD6+SbTTysunZir+5ut4T2bDqeyzufgWHrVbJK":{"chainKey":{"counter":0,"key":"k2BMfpi17q33X6SCgCUMyeOZ/QKro3ZcGt+EGnbdI30="},"chainType":1,"messageKeys":{}}},"pendingPreKey":{"signedKeyId":13369527,"baseKey":"BY+FW4Iabta1BfVLdH0Dm2z91ATNikJFxsOBElOhqiEe","preKeyId":5633}}},"version":"v1"}