{"_sessions":{"Bd2U5l6kJEw+vGN+N7G9CMPtjokGsFl73xbbW62Ikp95":{"registrationId":327408600,"currentRatchet":{"ephemeralKeyPair":{"pubKey":"BZgfLMCUoZ7NvW0qgjASbA14wbqzgRuy7lbauasMVMwb","privKey":"SK8MeCWZP3YmoUfpUaOlff0+KQ8/+ik49eUBv4+HiXk="},"lastRemoteEphemeralKey":"Bfg2yWUPEU33sm7tb+w2EKN3tF3JIpPpJtx5BuWc3jBn","previousCounter":0,"rootKey":"9rv3BUQP4dAkEthVXEHw4zUgS0oPPMBvw5dnG/p638w="},"indexInfo":{"baseKey":"Bd2U5l6kJEw+vGN+N7G9CMPtjokGsFl73xbbW62Ikp95","baseKeyType":1,"closed":-1,"used":1749062789679,"created":1749062789679,"remoteIdentityKey":"BTG1wWX4Zr3RuztbDwj8nJc1wqnXOUWGu7Nfhfh27S4K"},"_chains":{"BZgfLMCUoZ7NvW0qgjASbA14wbqzgRuy7lbauasMVMwb":{"chainKey":{"counter":0,"key":"786FRpFO0NgaHh1MzXrV5fPPwkKP7ePG1BWQoEidSrQ="},"chainType":1,"messageKeys":{}}},"pendingPreKey":{"signedKeyId":2,"baseKey":"Bd2U5l6kJEw+vGN+N7G9CMPtjokGsFl73xbbW62Ikp95","preKeyId":9725923}}},"version":"v1"}