{"_sessions":{"BZxr5yYUxqivN1twzMw9Z4yq1I4OlbPNeE6eyz3Zvbl8":{"registrationId":1783577243,"currentRatchet":{"ephemeralKeyPair":{"pubKey":"BQroBB17ureFhVrNIdwlfKwUIAGbt3RKZOxZ32bXsmxk","privKey":"mBJfSMONOYpC7UuudpoGEWHlYS4Bslq1NOoMzwyJBH0="},"lastRemoteEphemeralKey":"BeBEdYBMD9SJMvYiIzcg/PBPs+bF7093PKId0svVw5gX","previousCounter":0,"rootKey":"rezDn0mleFamqK5MnI+UMHWqOnLW/Os4/i97q7CB6m0="},"indexInfo":{"baseKey":"BZxr5yYUxqivN1twzMw9Z4yq1I4OlbPNeE6eyz3Zvbl8","baseKeyType":1,"closed":-1,"used":1749062789737,"created":1749062789737,"remoteIdentityKey":"BU3NgQI2m/VpVd/sldckL7eOPU5rACrz3o07TxePCldw"},"_chains":{"BQroBB17ureFhVrNIdwlfKwUIAGbt3RKZOxZ32bXsmxk":{"chainKey":{"counter":0,"key":"kRA6sggvjRWtmk4Gxakwi2ku7JBXVMVryOOL+7YrxZU="},"chainType":1,"messageKeys":{}}},"pendingPreKey":{"signedKeyId":3,"baseKey":"BZxr5yYUxqivN1twzMw9Z4yq1I4OlbPNeE6eyz3Zvbl8","preKeyId":3780382}}},"version":"v1"}