{"_sessions":{"BQ8vAdtzYYW6Tg6i7WBP6lPRdLygrmNzs17rDJ5HTW0V":{"registrationId":1899571619,"currentRatchet":{"ephemeralKeyPair":{"pubKey":"BfMDzgvUjPFO1HLWN7E6RLHKZ864fm0nlp0MqLSxmlVo","privKey":"0HotmRpvf8DvFOhKLOBfPjqr0w1BRbxQjfTsbndAjmM="},"lastRemoteEphemeralKey":"BTfNox91So66Q0/IiQpDRwC98INojUiOPuMuZ8YUB3hv","previousCounter":0,"rootKey":"MSLwD2kiXYczLcLAD/kDgNQRkVPtKfhynx3lEVX8k/w="},"indexInfo":{"baseKey":"BQ8vAdtzYYW6Tg6i7WBP6lPRdLygrmNzs17rDJ5HTW0V","baseKeyType":1,"closed":-1,"used":1749062789576,"created":1749062789576,"remoteIdentityKey":"BbOiuCsLP9KpZo+4JS6V9XY7kmJUfEHTRbmC2vbOwTIV"},"_chains":{"BfMDzgvUjPFO1HLWN7E6RLHKZ864fm0nlp0MqLSxmlVo":{"chainKey":{"counter":0,"key":"lke6Tzx5Yxh1dGxd1ymBtIbBmSOmrArGlgyfGMxi3uE="},"chainType":1,"messageKeys":{}}},"pendingPreKey":{"signedKeyId":1,"baseKey":"BQ8vAdtzYYW6Tg6i7WBP6lPRdLygrmNzs17rDJ5HTW0V","preKeyId":7412}}},"version":"v1"}