{"_sessions":{"BYW5y77VH0d9X0hybldAql5Ohw+n0nPJd3GJLICD+6sp":{"registrationId":1654917584,"currentRatchet":{"ephemeralKeyPair":{"pubKey":"Bd91gZdv/XWCMREhAIUYuBBF892fqS0izyymMhzDDaNd","privKey":"UKSQz0Csu+t7d4Th/2JRoZomDh9LvgPoeGOMIpsRhHs="},"lastRemoteEphemeralKey":"BXKxqeeeENwVUlNzP7Q1A4ClslHfgIHgCpRPf9p+89Rb","previousCounter":0,"rootKey":"maLxvWiTXtofWP4nz8Yb5/CYoXLLNwoAmEaJ3ps22vM="},"indexInfo":{"baseKey":"BYW5y77VH0d9X0hybldAql5Ohw+n0nPJd3GJLICD+6sp","baseKeyType":1,"closed":-1,"used":1749062789441,"created":1749062789441,"remoteIdentityKey":"BVu+OV9SJLPNrPsyIY7IFjeqGm5w3OKKnCfXWMK+RMUw"},"_chains":{"Bd91gZdv/XWCMREhAIUYuBBF892fqS0izyymMhzDDaNd":{"chainKey":{"counter":0,"key":"I4ar0O0gvo7b3CkEhDNVGx0/l1QLC1oDVupGF3CKvIM="},"chainType":1,"messageKeys":{}}},"pendingPreKey":{"signedKeyId":1,"baseKey":"BYW5y77VH0d9X0hybldAql5Ohw+n0nPJd3GJLICD+6sp","preKeyId":7953}}},"version":"v1"}