{"_sessions":{"BWAYFDa1JJMSt2QM1OR5sbRZtoDTa840dE/UvjrpswMl":{"registrationId":1749359504,"currentRatchet":{"ephemeralKeyPair":{"pubKey":"BW/6nD7/P4wk/qm/w3yV7M4ysmuH1qC+4tNlqh/HIM5s","privKey":"GHtoFEJQmkuOJ9Gx3UjfjxZx5QLULVjCtX02S9KLH0Y="},"lastRemoteEphemeralKey":"BVVtRoQhTBlvsvdYGzyhUangat5IeBMBaGGiMefvTZ5F","previousCounter":0,"rootKey":"0vgFmun3l3yenfhzW7c96c5+tqBcnoOBAvAv4HE4wIo="},"indexInfo":{"baseKey":"BWAYFDa1JJMSt2QM1OR5sbRZtoDTa840dE/UvjrpswMl","baseKeyType":1,"closed":-1,"used":1749062789666,"created":1749062789666,"remoteIdentityKey":"BWn22Zr6PyuAmSD1iucbAJhBQtrQqxmO/8+gdIe5TY0I"},"_chains":{"BW/6nD7/P4wk/qm/w3yV7M4ysmuH1qC+4tNlqh/HIM5s":{"chainKey":{"counter":0,"key":"L0w8qWZ7AR1SXVA9ivgmhk8rj5XDNhWhI8CIc8GQXJo="},"chainType":1,"messageKeys":{}}},"pendingPreKey":{"signedKeyId":11,"baseKey":"BWAYFDa1JJMSt2QM1OR5sbRZtoDTa840dE/UvjrpswMl","preKeyId":16339834}}},"version":"v1"}