{"_sessions":{"BZEdniLiT2hXKA0oQt/pHRBgzrwRJMqscmi0fW7pEmsz":{"registrationId":1850297694,"currentRatchet":{"ephemeralKeyPair":{"pubKey":"BbQ1s/It+kkH6pMgiiA9R9SXgFmkTKGW0d171YZWxZ1b","privKey":"kGq1gV4Ov8FL/OEqB3UgreVTSGXXyFqrPBVLJ+CA4mE="},"lastRemoteEphemeralKey":"BYO90JYpNOrb1NpmQ2s+973aTTPKdveAh2GeCpd2TNdd","previousCounter":0,"rootKey":"AC3A2ZxFiZqASCb1KvBRWoNQZbH55avw98LB9XTHMfM="},"indexInfo":{"baseKey":"BZEdniLiT2hXKA0oQt/pHRBgzrwRJMqscmi0fW7pEmsz","baseKeyType":2,"closed":-1,"used":1749118697332,"created":1749118697332,"remoteIdentityKey":"BVXwb6QKu17l9c0MLdZkrhhoGI2zHLzS6VoUVujf6/0/"},"_chains":{"BYO90JYpNOrb1NpmQ2s+973aTTPKdveAh2GeCpd2TNdd":{"chainKey":{"counter":0,"key":"bSbqpnwNwBHWbkLgJGtfW8RV2VOUCmnu4i0Hsb+P+xo="},"chainType":2,"messageKeys":{}},"BbQ1s/It+kkH6pMgiiA9R9SXgFmkTKGW0d171YZWxZ1b":{"chainKey":{"counter":-1,"key":"YSWz75fklRg9yxb+tzrRY3Jg8qdHmMlu6J14iWdMuws="},"chainType":1,"messageKeys":{}}}}},"version":"v1"}