{"_sessions":{"BXBHdh92iBSh+z0sZwEo52iuBajCw7iYQXeno7gIPbI0":{"registrationId":815011531,"currentRatchet":{"ephemeralKeyPair":{"pubKey":"BWsY73k0KGQ9DNYXWtG0391nrrozRB2ykSzKiR1fqfJg","privKey":"wABFms5j91m6ktTJpjO4UcxO/HMWoE/ZAyNBcrmrbHY="},"lastRemoteEphemeralKey":"BT2AqJopXENAmmGDUClmgTSQ2wHrYl0U2Yr/nqSjpY0p","previousCounter":0,"rootKey":"fl/ICK8jFeV3bXw7IQwBTRdudTTzGpiI6ylY2p6J6CQ="},"indexInfo":{"baseKey":"BXBHdh92iBSh+z0sZwEo52iuBajCw7iYQXeno7gIPbI0","baseKeyType":2,"closed":-1,"used":1749118697840,"created":1749118697840,"remoteIdentityKey":"BQazLYVhAmodlZ9gNA0Dqcg3Voo56eKKpSRJyHJjHnZ2"},"_chains":{"BT2AqJopXENAmmGDUClmgTSQ2wHrYl0U2Yr/nqSjpY0p":{"chainKey":{"counter":0,"key":"nbdj7l4sRtt1PsEHNs1JNmFLzNtbUk7Vy21NJr/8A8U="},"chainType":2,"messageKeys":{}},"BWsY73k0KGQ9DNYXWtG0391nrrozRB2ykSzKiR1fqfJg":{"chainKey":{"counter":-1,"key":"bTW6ZczCHph7tem0A/SHc06XOPD82L7XQteS/eHXM3E="},"chainType":1,"messageKeys":{}}}}},"version":"v1"}