{"_sessions":{"BbG8lCEWO2VDUPd0MfqAu2G1sBxWtwX66ywQ71XmV4tw":{"registrationId":629756174,"currentRatchet":{"ephemeralKeyPair":{"pubKey":"BTjA25zHU/oO34BUA6KWkZGhXEK2hue9SRpJrMgcDIJz","privKey":"kDMnFjPOOEt8cX0UZd0eebzdwIFN9EMY/bNDFUJIJFs="},"lastRemoteEphemeralKey":"Be0vw0v2wH9VJ7WEI//ytLCUGCIbQDwRy4CLglXv/hVY","previousCounter":0,"rootKey":"OI5M979+KnupIxVcZxyqSGU7l7kXQbIBR6fHWJcRFYY="},"indexInfo":{"baseKey":"BbG8lCEWO2VDUPd0MfqAu2G1sBxWtwX66ywQ71XmV4tw","baseKeyType":1,"closed":-1,"used":1749118694096,"created":1749062789653,"remoteIdentityKey":"Ba7QkRsHKstygurTWfJVK01HyzZ+vChG8kU2JMnKtXkf"},"_chains":{"Be0vw0v2wH9VJ7WEI//ytLCUGCIbQDwRy4CLglXv/hVY":{"chainKey":{"counter":0,"key":"WWKHeHByG+eYHQ/ny6qPEOGGg06xmbJEu/1zjruG3rY="},"chainType":2,"messageKeys":{}},"BTjA25zHU/oO34BUA6KWkZGhXEK2hue9SRpJrMgcDIJz":{"chainKey":{"counter":-1,"key":"N7ZJTcjFqJb9eOgLcLhwDPdG22gxVlVizjp0wU8qitw="},"chainType":1,"messageKeys":{}}}}},"version":"v1"}