{"_sessions":{"BZ7f/R1L7fZtolbVZZsnM0YK5bMfyysQIHtN+Q7rKmcn":{"registrationId":936373762,"currentRatchet":{"ephemeralKeyPair":{"pubKey":"BbnDJgXE6n8niHwVDbmVxzoOFURzP/+ztI7nZySxzuol","privKey":"uBP6R6U0dgUc+jPX2SBj0Z1evc1AAvswUVrhx/DYZXQ="},"lastRemoteEphemeralKey":"BWGZucsw2iuoIZgrE036+STd4HljqKA6SMNNNIXnjSF1","previousCounter":0,"rootKey":"ae+fs1fc29qovOsTlCSqHQid8WO77GZ71nrIp+Wd+PU="},"indexInfo":{"baseKey":"BZ7f/R1L7fZtolbVZZsnM0YK5bMfyysQIHtN+Q7rKmcn","baseKeyType":1,"closed":-1,"used":1749062789752,"created":1749062789752,"remoteIdentityKey":"BRJX8tTSU0fa093xhlqJ2yyeWSP8LK/TQS4anMNGcBMi"},"_chains":{"BbnDJgXE6n8niHwVDbmVxzoOFURzP/+ztI7nZySxzuol":{"chainKey":{"counter":0,"key":"yTVC520OovXOQaO+w/xv7/XPgoP4yu/PXRaeNZs1DN4="},"chainType":1,"messageKeys":{}}},"pendingPreKey":{"signedKeyId":1,"baseKey":"BZ7f/R1L7fZtolbVZZsnM0YK5bMfyysQIHtN+Q7rKmcn","preKeyId":3670339}}},"version":"v1"}