{"_sessions":{"Bfdr0Z5b+B4X0XxwSD/xiAJ1L1t7/2vJeOePnDgeJrpk":{"registrationId":1598154839,"currentRatchet":{"ephemeralKeyPair":{"pubKey":"BRChgWcMOkSaaPRaj2e4tFNxd79NTAXk5QA3BzC2f9hc","privKey":"IOX59elUMCcWVEWN/rodbx8/UIXQk8nLohrGUHHxZVs="},"lastRemoteEphemeralKey":"BVKaQZ8VNkljSUCCUqq+JHjtctQvdvo3ZcCYWFKDGfcl","previousCounter":0,"rootKey":"abSv6HhCBHT8kcJJN1myUlGKlBik9JD78ZHFWK8YDQ4="},"indexInfo":{"baseKey":"Bfdr0Z5b+B4X0XxwSD/xiAJ1L1t7/2vJeOePnDgeJrpk","baseKeyType":2,"closed":-1,"used":1749118697470,"created":1749118697470,"remoteIdentityKey":"BUrSKGOD/tIgnpkRPWOt9VfIfrjCa54P+FzEbu+vsgVp"},"_chains":{"BVKaQZ8VNkljSUCCUqq+JHjtctQvdvo3ZcCYWFKDGfcl":{"chainKey":{"counter":0,"key":"22mgNQ6zoV/1UCxwczXFEFkceHj88bCg6WhnT8pO2F0="},"chainType":2,"messageKeys":{}},"BRChgWcMOkSaaPRaj2e4tFNxd79NTAXk5QA3BzC2f9hc":{"chainKey":{"counter":-1,"key":"mI7FuT4jjg+PFKTZOjoOV9aIEcDbh77EWuoRErgqOqA="},"chainType":1,"messageKeys":{}}}}},"version":"v1"}