{"_sessions":{"BVd//RBgLcYooupY6am0cx6eL1bfQBUzRHj6QWqNj8IB":{"registrationId":1606466592,"currentRatchet":{"ephemeralKeyPair":{"pubKey":"Bbh8r+hEToy0Tfol+btZjgZzeL0BZOn4RQEeNcUMihZK","privKey":"WD5ocDBDzC2yW/e1PbQ/+8p3hUvnrT8po3Y0laL9l00="},"lastRemoteEphemeralKey":"BSbgwqdLBNH5zxLjHEhYv9K/W22WOJoi7AlfdDaawNh5","previousCounter":0,"rootKey":"TzBJMZdu68U3tOxQpXTxMafOa1GFcZ6S6sbgNu8/KFY="},"indexInfo":{"baseKey":"BVd//RBgLcYooupY6am0cx6eL1bfQBUzRHj6QWqNj8IB","baseKeyType":1,"closed":-1,"used":1749062789789,"created":1749062789789,"remoteIdentityKey":"BcFu2NJJ5bc5s9nwEiph5oRVZnlCYwqIhCQe703feK0D"},"_chains":{"Bbh8r+hEToy0Tfol+btZjgZzeL0BZOn4RQEeNcUMihZK":{"chainKey":{"counter":0,"key":"zXfH4Dx00c335nhF3tL4SY/0rrN5QzN8oFXDxH3tYQU="},"chainType":1,"messageKeys":{}}},"pendingPreKey":{"signedKeyId":1,"baseKey":"BVd//RBgLcYooupY6am0cx6eL1bfQBUzRHj6QWqNj8IB"}}},"version":"v1"}