{"_sessions":{"BWiUS0B6LzbN1oRoBfcXaZJkkbuw1c9FH7g3WmCS1w5B":{"registrationId":780371141,"currentRatchet":{"ephemeralKeyPair":{"pubKey":"BRRa4PGfwu+US2SO7fkWa7HUUij65QYlZ+KpLuvg3RMk","privKey":"mB35lFPBS7vVaNA1SeZDeAqZ841QkYKRV5i4Rpo/D00="},"lastRemoteEphemeralKey":"Bf+ARWxj2eyHL4G6Dxt7n+i6gi9oZaALb5cZ64ztOBou","previousCounter":0,"rootKey":"YoWvs7KBrHoirOtbnGl6g9UQOXyOHxQSeZ4plcWxw8Y="},"indexInfo":{"baseKey":"BWiUS0B6LzbN1oRoBfcXaZJkkbuw1c9FH7g3WmCS1w5B","baseKeyType":1,"closed":-1,"used":1749062789774,"created":1749062789774,"remoteIdentityKey":"BTg4z0k0j7SmTeEMrbmhxiKRxNF5ACEg+Qwp1W3qq+Av"},"_chains":{"BRRa4PGfwu+US2SO7fkWa7HUUij65QYlZ+KpLuvg3RMk":{"chainKey":{"counter":0,"key":"jX3wUM5qbTcarBsPxEkJEBOYbfb39vEk93EkFQTsCKo="},"chainType":1,"messageKeys":{}}},"pendingPreKey":{"signedKeyId":1,"baseKey":"BWiUS0B6LzbN1oRoBfcXaZJkkbuw1c9FH7g3WmCS1w5B","preKeyId":2627794}}},"version":"v1"}