{"_sessions":{"BVuV4Htbr0Qoluyi3ky7AJZZNaToBFJcMBplrmVUwyUQ":{"registrationId":1538628703,"currentRatchet":{"ephemeralKeyPair":{"pubKey":"BWXKWm7D5xbyuRL666x/vJ2Ki2cPgCAvxJ3ZrZwYG0YH","privKey":"mPGuJg70x/mlw5t4Sz4UykKQGpMtxfOsU3R/bRyCHnM="},"lastRemoteEphemeralKey":"BVnRwcjNx2Bc38s3pwez02pe7fiH0HfRO0fu63lFQPBV","previousCounter":0,"rootKey":"fY9gmmQF8nvrJ3PD9/ywtnEjTY6vZlf1o92U56zv7jU="},"indexInfo":{"baseKey":"BVuV4Htbr0Qoluyi3ky7AJZZNaToBFJcMBplrmVUwyUQ","baseKeyType":1,"closed":-1,"used":1749062789776,"created":1749062789776,"remoteIdentityKey":"BSMhLAd28p1ZdtJ3d5UxHyb4uMdm43xxdf/tGFzAd78Y"},"_chains":{"BWXKWm7D5xbyuRL666x/vJ2Ki2cPgCAvxJ3ZrZwYG0YH":{"chainKey":{"counter":0,"key":"fTOpuHqd3AjJmV0incYThlIJZda/T+1d5L3nEnVG3FQ="},"chainType":1,"messageKeys":{}}},"pendingPreKey":{"signedKeyId":7,"baseKey":"BVuV4Htbr0Qoluyi3ky7AJZZNaToBFJcMBplrmVUwyUQ","preKeyId":5457915}}},"version":"v1"}