{"_sessions":{"Bbz9rlPqq/ANXos4jycA5dDVPJ+Ge4XXcVAFACSZ44R8":{"registrationId":581982985,"currentRatchet":{"ephemeralKeyPair":{"pubKey":"BU6zwBRcO4fzTVVSKvaISZsQzjt1STls4dpzFW4SLHJr","privKey":"mCSjumcPUjvbJU+Q3wu6T04I+/B2YBjOUkXVI9ZF6nM="},"lastRemoteEphemeralKey":"BadUyFAkwaCABOmSZ5uohcsWWGJ0Ze1gL6PB2HoWjotw","previousCounter":0,"rootKey":"Fj+RxsNyZFHADqHuPG6XK+ZmB6UQJkH4BN9lazfVK/A="},"indexInfo":{"baseKey":"Bbz9rlPqq/ANXos4jycA5dDVPJ+Ge4XXcVAFACSZ44R8","baseKeyType":2,"closed":-1,"used":1749118697492,"created":1749118697492,"remoteIdentityKey":"BVNtXPfSnAftOd7vYkE07/7o3HnifUKwdj15belGLbou"},"_chains":{"BadUyFAkwaCABOmSZ5uohcsWWGJ0Ze1gL6PB2HoWjotw":{"chainKey":{"counter":0,"key":"A7FGaRaIU07g5rYR1uLa3oWC25RCKtEGnaUueCx8P8w="},"chainType":2,"messageKeys":{}},"BU6zwBRcO4fzTVVSKvaISZsQzjt1STls4dpzFW4SLHJr":{"chainKey":{"counter":-1,"key":"2Dt2RFegdDjXaSs5rLX2wakgA7wTtDvZEhnFlt/Fl1M="},"chainType":1,"messageKeys":{}}}}},"version":"v1"}