{"_sessions":{"Bd8OSwxYXiZUWgKlOxtsrN341Dws4mTfBZTMVOtZLCgR":{"registrationId":59,"currentRatchet":{"ephemeralKeyPair":{"pubKey":"BVZIttfKNYyC/lgl8wXM5ID0EyYmjA2cd2czWXFP48A8","privKey":"+Pq2zFM46NbGT49/1yz2KvcCuuGxEx2kknhNhgk4iWg="},"lastRemoteEphemeralKey":"BQO7ek7JyiP5Vvh+iqpgmq0k/7zpyVachQ+iDSgLnEUo","previousCounter":0,"rootKey":"PsEMXIVp09it5lcHBORYvVUAoENaxJcGIPJLt8erAcg="},"indexInfo":{"baseKey":"Bd8OSwxYXiZUWgKlOxtsrN341Dws4mTfBZTMVOtZLCgR","baseKeyType":1,"closed":-1,"used":1749062789453,"created":1749062789453,"remoteIdentityKey":"Bd2xYP15TBzsBkbGDNirLq4mw4y5XjHTf3pirHXpKYIi"},"_chains":{"BVZIttfKNYyC/lgl8wXM5ID0EyYmjA2cd2czWXFP48A8":{"chainKey":{"counter":1,"key":"PFw0VlIh55AR/C4mJEuMZyU25bD7VggUdhvV23Qps9A="},"chainType":1,"messageKeys":{}}},"pendingPreKey":{"signedKeyId":1,"baseKey":"Bd8OSwxYXiZUWgKlOxtsrN341Dws4mTfBZTMVOtZLCgR"}}},"version":"v1"}