{"_sessions":{"BZom7p0CG9F1/nqt9LAEdYYMlyyvf+KgqcWEdb+fEOcm":{"registrationId":1370139220,"currentRatchet":{"ephemeralKeyPair":{"pubKey":"BYuhksp/ai7uJFZE3Fv9YFy1+sLXgnOr7ztJOc7FHFk1","privKey":"iG2oeURIDV+hlurVEbhFhPZZLLqcv8fLxCCJqdqDSGE="},"lastRemoteEphemeralKey":"Be4O0PtvDFCNpNI8CcW3FjGaWGJeu4PNqfCFcNTT7DET","previousCounter":0,"rootKey":"vqV/zUOVF4el/UCgBQTmhjOJRuGlibOUXDRwKu+i+2U="},"indexInfo":{"baseKey":"BZom7p0CG9F1/nqt9LAEdYYMlyyvf+KgqcWEdb+fEOcm","baseKeyType":1,"closed":-1,"used":1749062789747,"created":1749062789747,"remoteIdentityKey":"BWZ0y8fSBN+k8mpqE/0NxWRAjxeY37NpUMUUSPCWqNQS"},"_chains":{"BYuhksp/ai7uJFZE3Fv9YFy1+sLXgnOr7ztJOc7FHFk1":{"chainKey":{"counter":0,"key":"Wobbth/oSDrryHqVIkm1ocCrT7mcgjiAt1vvFGa+jPM="},"chainType":1,"messageKeys":{}}},"pendingPreKey":{"signedKeyId":2,"baseKey":"BZom7p0CG9F1/nqt9LAEdYYMlyyvf+KgqcWEdb+fEOcm"}}},"version":"v1"}