{"_sessions":{"BRmY6ynug1Ol9indPPxpmIxC4LzR+Qbt1QLVNN1Y6NY3":{"registrationId":2112502835,"currentRatchet":{"ephemeralKeyPair":{"pubKey":"BQzHk8nk8ox5i1pGvPisvj2ZJ1DC9vcqJgIbnt+hOEQ1","privKey":"OGDaWG2ltRRXupoaZT0cTBTtZ5HFiPCw9MVDwNjOmng="},"lastRemoteEphemeralKey":"BQjSfK8sUMxTz5pVyRVFpvnyH+jruO2w3Cl3ODXs2Ckk","previousCounter":0,"rootKey":"AFeu8PVZM1NdFIKyVDFy0XFCgfnI9NKJB1oYk/Q+eoY="},"indexInfo":{"baseKey":"BRmY6ynug1Ol9indPPxpmIxC4LzR+Qbt1QLVNN1Y6NY3","baseKeyType":1,"closed":-1,"used":1749062789693,"created":1749062789693,"remoteIdentityKey":"BUcTk1Lxrhn9xs7A7gWT6m1e7uXVicuGjbV87divIjFv"},"_chains":{"BQzHk8nk8ox5i1pGvPisvj2ZJ1DC9vcqJgIbnt+hOEQ1":{"chainKey":{"counter":0,"key":"GNZvyja0003HFtvNqn7Jf/YHfQbItQ1w8VPYmIEAdho="},"chainType":1,"messageKeys":{}}},"pendingPreKey":{"signedKeyId":5,"baseKey":"BRmY6ynug1Ol9indPPxpmIxC4LzR+Qbt1QLVNN1Y6NY3","preKeyId":6328211}}},"version":"v1"}