{"_sessions":{"BXTh1o0lYx4yK4XpB4tISyq9QVw3f4VZRxSYOBIQp55s":{"registrationId":715065864,"currentRatchet":{"ephemeralKeyPair":{"pubKey":"BewZi8iz8NGHVaDYHm3YJ5yvjkY0ki2+2T0qqa+Iab1h","privKey":"gMtPKFywPicyKzxPHOt6mlD0LHfpXo3dZmz0lpx7MX0="},"lastRemoteEphemeralKey":"Ba+EwL9anzu/OCueff97nysJLiobEnGIqZhhGoEE8AgK","previousCounter":0,"rootKey":"fk69HVWNeDLhMdaQ2pe3FGcr+cwESygo/uVp79bYDmk="},"indexInfo":{"baseKey":"BXTh1o0lYx4yK4XpB4tISyq9QVw3f4VZRxSYOBIQp55s","baseKeyType":2,"closed":-1,"used":1749118697073,"created":1749118697073,"remoteIdentityKey":"BUgl/ZnrsfXY0S+XB7zczBLBDY4oK/kwReXM4VdltfJ2"},"_chains":{"Ba+EwL9anzu/OCueff97nysJLiobEnGIqZhhGoEE8AgK":{"chainKey":{"counter":0,"key":"bVmtuV51gFPM+09GlD9nzThLf7JcUJco/HR2Zt3Hmt4="},"chainType":2,"messageKeys":{}},"BewZi8iz8NGHVaDYHm3YJ5yvjkY0ki2+2T0qqa+Iab1h":{"chainKey":{"counter":-1,"key":"wDJvwz817/KK/vSQ+PsHZhy0b6u1xnidvYuZvyyS9es="},"chainType":1,"messageKeys":{}}}}},"version":"v1"}