{"_sessions":{"BSzWku8EyUI/RFOhF2qKmduQf13tEQG+6Bfg5WzgLqVa":{"registrationId":14700,"currentRatchet":{"ephemeralKeyPair":{"pubKey":"BSD3/qjoyi8jLzY+Xuop5rTaPL/pn64lo5u+LU6zoqNZ","privKey":"UF4ccmCD0F5xenCEx7VkjXeJrZHH4ovaBVkHkqjiLGc="},"lastRemoteEphemeralKey":"BV6N+ayjBqH/GdqIrS1+YKiTfVlEQIsp2Gech7NRiiNV","previousCounter":0,"rootKey":"GeHAwQqJ9KkdFKu64i9l1yGSpVDqIxQi/NTFO/Axd48="},"indexInfo":{"baseKey":"BSzWku8EyUI/RFOhF2qKmduQf13tEQG+6Bfg5WzgLqVa","baseKeyType":1,"closed":-1,"used":1749062789503,"created":1749062789503,"remoteIdentityKey":"BQMeAZzp++GMfHmOKLLj4qBB2c5gr0JwyulGw2c3xekO"},"_chains":{"BSD3/qjoyi8jLzY+Xuop5rTaPL/pn64lo5u+LU6zoqNZ":{"chainKey":{"counter":0,"key":"lrBO3JUsUsFC5vi4aA4FzjAKkDnFCdTilDIBhRoV0+8="},"chainType":1,"messageKeys":{}}},"pendingPreKey":{"signedKeyId":1,"baseKey":"BSzWku8EyUI/RFOhF2qKmduQf13tEQG+6Bfg5WzgLqVa","preKeyId":522}}},"version":"v1"}