{"_sessions":{"BQCz52NyWU9QMimsQZG9t8DuZpPmNKd9hBWDI8ZIaSBF":{"registrationId":11720,"currentRatchet":{"ephemeralKeyPair":{"pubKey":"BY3E0ymiPHYPn/a1THATszn9RXPR05Xjwdjmk7QCRtZx","privKey":"oG7CoBV8Lvq74vTuyZcu44GZ+YJBEUelqdsgsEPjkF4="},"lastRemoteEphemeralKey":"BZv1FJcIfcEpLykFvNjz7/030e2HGuHSxv8XEl5dcUVp","previousCounter":0,"rootKey":"lGJqdAX1W8+oikgCyIP6uB9z8/wuw5H7w8SWP25foIM="},"indexInfo":{"baseKey":"BQCz52NyWU9QMimsQZG9t8DuZpPmNKd9hBWDI8ZIaSBF","baseKeyType":1,"closed":-1,"used":1749062789626,"created":1749062789626,"remoteIdentityKey":"BQU6B1M9Py5eJ2Jr+XyojlR+V0WYKimLDar1ULtxWTMO"},"_chains":{"BY3E0ymiPHYPn/a1THATszn9RXPR05Xjwdjmk7QCRtZx":{"chainKey":{"counter":0,"key":"KCojCtyxln74RJMfYfP3xl0UzalmmEsXoBlzCvjtgMw="},"chainType":1,"messageKeys":{}}},"pendingPreKey":{"signedKeyId":1,"baseKey":"BQCz52NyWU9QMimsQZG9t8DuZpPmNKd9hBWDI8ZIaSBF","preKeyId":441}}},"version":"v1"}