{"_sessions":{"Bc27N+cnXZg3F/HI8nA47Z9CtklnWSrfXtfma2smADJh":{"registrationId":152,"currentRatchet":{"ephemeralKeyPair":{"pubKey":"BUsGtI8TR+6DvkqlvbMe/X0TU/WjlJXrVc2628OGFH1H","privKey":"AKiMQpxf2JD7QUR++tk69r7DR/Bvbcz3rFEhI4J092Y="},"lastRemoteEphemeralKey":"Bc1rB6kGo+W9BqGd5OW9cF8QwIBYSbAqPDcBLHNVTRl1","previousCounter":0,"rootKey":"qSOXosYjlQH//OS8LhMn+YUL95jkt96dDRdxG6I1CZs="},"indexInfo":{"baseKey":"Bc27N+cnXZg3F/HI8nA47Z9CtklnWSrfXtfma2smADJh","baseKeyType":1,"closed":-1,"used":1749062789555,"created":1749062789555,"remoteIdentityKey":"BYO3IB4+q1jTncZ1+fSJc6jPtqksKEnA1ePuiYhXJiNS"},"_chains":{"BUsGtI8TR+6DvkqlvbMe/X0TU/WjlJXrVc2628OGFH1H":{"chainKey":{"counter":0,"key":"AzJznTom+OnTcoLmMFUTHrc5LWB+inOuZ7/WlSiMP2k="},"chainType":1,"messageKeys":{}}},"pendingPreKey":{"signedKeyId":1,"baseKey":"Bc27N+cnXZg3F/HI8nA47Z9CtklnWSrfXtfma2smADJh","preKeyId":141}}},"version":"v1"}