{"_sessions":{"BbEWizu0M5gA553eCEs82M4kAN3y7Z+2Pgc1R5lWphd0":{"registrationId":2116772143,"currentRatchet":{"ephemeralKeyPair":{"pubKey":"BWVIFtg3sGBYl3dJxBSU3EpkgWNWupWQ+NAS+X1CXlEl","privKey":"+JOWpB67OJfvEuhKnsUtRDegpTUzra4MPaUOUrCnvnw="},"lastRemoteEphemeralKey":"BQ4Rl8+eIRu1guAr6zjJCq42nT0tI2W/ZaSzjSZFoKE3","previousCounter":0,"rootKey":"TBCDqXnVe/L6nFBNDpRvj6UEECV6tkatz9OmQpyET1k="},"indexInfo":{"baseKey":"BbEWizu0M5gA553eCEs82M4kAN3y7Z+2Pgc1R5lWphd0","baseKeyType":1,"closed":-1,"used":1749062789637,"created":1749062789637,"remoteIdentityKey":"BXnmSyyiir75eD77vuRgciuHSFPXHLoFSAZsyjFl1fsk"},"_chains":{"BWVIFtg3sGBYl3dJxBSU3EpkgWNWupWQ+NAS+X1CXlEl":{"chainKey":{"counter":0,"key":"fxzdyf6xv6Sc0CxAQVrioVSx7/iY4E2mA0lCAandD8M="},"chainType":1,"messageKeys":{}}},"pendingPreKey":{"signedKeyId":0,"baseKey":"BbEWizu0M5gA553eCEs82M4kAN3y7Z+2Pgc1R5lWphd0","preKeyId":4294295}}},"version":"v1"}