{"_sessions":{"BSWKG8IuRbwG+LHuQSAT2s/K7SQcShQcZx4WEIWRsjdY":{"registrationId":1459655943,"currentRatchet":{"ephemeralKeyPair":{"pubKey":"BWDcEWlbFAcw9yRO0k/DPdiMYb+b3dPQTeofC8y68e9Q","privKey":"OCgZhD8DkAzuxfsSkqC2ZEW1LiMovk4ptk/AL/jBpH0="},"lastRemoteEphemeralKey":"Bb1vzOLWwvYL6DnfniQZo2UIDHFER2fYdEFM7rj+VewM","previousCounter":0,"rootKey":"CndUuoSmf1aor/P//jpQCXlcYYDwVYc+A4H40OH6Uno="},"indexInfo":{"baseKey":"BSWKG8IuRbwG+LHuQSAT2s/K7SQcShQcZx4WEIWRsjdY","baseKeyType":1,"closed":-1,"used":1749062789618,"created":1749062789618,"remoteIdentityKey":"BSseEH5qZL4stIVIHjlKGoJrNbVkdTk/WLrbgaVibFpS"},"_chains":{"BWDcEWlbFAcw9yRO0k/DPdiMYb+b3dPQTeofC8y68e9Q":{"chainKey":{"counter":0,"key":"mNaPSoWatu+kDAS58jJZnmu1JTZQmjQkt9inKIp1Rc4="},"chainType":1,"messageKeys":{}}},"pendingPreKey":{"signedKeyId":12,"baseKey":"BSWKG8IuRbwG+LHuQSAT2s/K7SQcShQcZx4WEIWRsjdY","preKeyId":18111}}},"version":"v1"}