{"_sessions":{"BYholxPKs3A9uakyXPlBR+l9ga1iVE+E/X8irjhwWbYE":{"registrationId":338938329,"currentRatchet":{"ephemeralKeyPair":{"pubKey":"BUwECeFcokqpr6Ee01Q9OMcLES2QzlKe9NO8VjMlGoFc","privKey":"OILKwFEhQ10r7tDmY/790uxK55w5CGPk1ZVyTF5ROkg="},"lastRemoteEphemeralKey":"BefjE7rpL8zX/jKOgVqGXYB62EyPrwq+f3SnCIz9MW8B","previousCounter":0,"rootKey":"szfpq4eOVU/D7UcC4IOonKUA89jh++UjntqApk23aqw="},"indexInfo":{"baseKey":"BYholxPKs3A9uakyXPlBR+l9ga1iVE+E/X8irjhwWbYE","baseKeyType":2,"closed":-1,"used":1749118696808,"created":1749118696808,"remoteIdentityKey":"BbFjd1nqTBsKvpwZL52IeNS44VtXJ0JvuhXjSuqevdJ5"},"_chains":{"BefjE7rpL8zX/jKOgVqGXYB62EyPrwq+f3SnCIz9MW8B":{"chainKey":{"counter":0,"key":"qjLd6EDuGE34pRPl/2xi3vJEMo67dtWLepqL3OZf2LM="},"chainType":2,"messageKeys":{}},"BUwECeFcokqpr6Ee01Q9OMcLES2QzlKe9NO8VjMlGoFc":{"chainKey":{"counter":-1,"key":"moy1Guc87XOJHc4ZXNilaCF0Z4uQf4WjT4yTOiCn0zA="},"chainType":1,"messageKeys":{}}}}},"version":"v1"}