{"_sessions":{"BWC50k0WTfEZhqRBujD/+W4Wt1nsnpEVH/A25AEJF31G":{"registrationId":1754112003,"currentRatchet":{"ephemeralKeyPair":{"pubKey":"BX2Bi+5prh/PO3P0pgs8h/k9DVjGpDI7axo5v0/z9vMD","privKey":"cNRvKHZNd6uEc6u9n7kcwEaOUBrnXP2yrx9r18mRmm4="},"lastRemoteEphemeralKey":"BbEY9SHH8aoFByvtRtos27KZrNHcGHhRRx6LZRfdzhUL","previousCounter":0,"rootKey":"raj+oqRSt9gusD+ENt8wRw1zKXVuRhdXKipzkK2MXs4="},"indexInfo":{"baseKey":"BWC50k0WTfEZhqRBujD/+W4Wt1nsnpEVH/A25AEJF31G","baseKeyType":2,"closed":-1,"used":1749065140848,"created":1749055824187,"remoteIdentityKey":"BTE2vTHtarIquwkCqNcWQKr8/eytbCs5jqY4F9b7w4B/"},"_chains":{"BU8P5eBGv3BlRKn+cd1kBDvYbThjUTCSt7spi436j68G":{"chainKey":{"counter":1},"chainType":2,"messageKeys":{}},"BbEY9SHH8aoFByvtRtos27KZrNHcGHhRRx6LZRfdzhUL":{"chainKey":{"counter":1,"key":"NUHyO9fJFsmY28gaTNrn1Yf8abqKtNbKpfgJGj7VYuQ="},"chainType":2,"messageKeys":{}},"BX2Bi+5prh/PO3P0pgs8h/k9DVjGpDI7axo5v0/z9vMD":{"chainKey":{"counter":-1,"key":"8jFJWwzdQjJuieIY8lSz6KUitb2VjNyVmvGFNLSpwtE="},"chainType":1,"messageKeys":{}}}}},"version":"v1"}