{"_sessions":{"BVW9YYrDq1Daag69X4gkcjLk1lJqc83Clk/2nulS3gAm":{"registrationId":3,"currentRatchet":{"ephemeralKeyPair":{"pubKey":"BX1oQXsEA8XwNd3iFmRfR12usNmNgtQ0zv9WhVvKCMN/","privKey":"mBwvqH2sEP95NiVxlcTOPnNR4+9VqftM3w1Ij29gEHY="},"lastRemoteEphemeralKey":"BfDYBT6VZmf2J3ve/7YO3fFPovwZul5csVUyB5zCsCNy","previousCounter":0,"rootKey":"8mmrfNEG7WOBijvnC9gSbg5Ezh8n0ZBV5007SShtFfs="},"indexInfo":{"baseKey":"BVW9YYrDq1Daag69X4gkcjLk1lJqc83Clk/2nulS3gAm","baseKeyType":1,"closed":-1,"used":1749048596476,"created":1749048596476,"remoteIdentityKey":"BdkTpo/19k5TtAWow4NGY98O3/jzoure3I0+I37esXQG"},"_chains":{"BX1oQXsEA8XwNd3iFmRfR12usNmNgtQ0zv9WhVvKCMN/":{"chainKey":{"counter":0,"key":"wj/G6rmMpcHMf8uCnwy2G1vrdQTaJXLT0aPSapa3Vwo="},"chainType":1,"messageKeys":{}}},"pendingPreKey":{"signedKeyId":1,"baseKey":"BVW9YYrDq1Daag69X4gkcjLk1lJqc83Clk/2nulS3gAm","preKeyId":87}}},"version":"v1"}