{"_sessions":{"Ba7XYZajigsKm61ngk3q9CFBpJC21bH2K7ARD1QiQFxL":{"registrationId":161,"currentRatchet":{"ephemeralKeyPair":{"pubKey":"BaR9WOr+iQB0b+11J7Z06TqN2GOz+QW4LGhQZn8kWvc8","privKey":"OMb/skHBJAwAAzFn8IH7ZAawYRUCdHkbZtaEv953C0I="},"lastRemoteEphemeralKey":"BRMKGVI9nr3qaVtqHVMTW34Qz5VkJO1VW0QEA+bFF2h4","previousCounter":0,"rootKey":"QUeLYt3r7pSgPC6UbDJXvXlLoavlH2Ewv1EEECvqwhg="},"indexInfo":{"baseKey":"Ba7XYZajigsKm61ngk3q9CFBpJC21bH2K7ARD1QiQFxL","baseKeyType":1,"closed":-1,"used":1749048596478,"created":1749048596478,"remoteIdentityKey":"BRz4bp5T+7wTp2VSuIS5P2wMU6QYXF8OJ+D7dO6Xgx5M"},"_chains":{"BaR9WOr+iQB0b+11J7Z06TqN2GOz+QW4LGhQZn8kWvc8":{"chainKey":{"counter":0,"key":"uSwRb5XX/97qvDMygVz56lm3KVSF3/YI8VgsG6SkI7E="},"chainType":1,"messageKeys":{}}},"pendingPreKey":{"signedKeyId":1,"baseKey":"Ba7XYZajigsKm61ngk3q9CFBpJC21bH2K7ARD1QiQFxL"}}},"version":"v1"}