{"_sessions":{"BTPLsn5dY3RHtuVTIrcdBAYOtjALMeG8n9WDeaH34JhH":{"registrationId":5730,"currentRatchet":{"ephemeralKeyPair":{"pubKey":"BX7B3RpfIrpOPQ7caAEqn4oHuXZ/WHP0G0sxSlAmsvYB","privKey":"CK3BnaF/+ICK/wZHBPgilwnfOTLFc4TDcgO0QdM2gkA="},"lastRemoteEphemeralKey":"BSmEaNcAosn8tL2B95vuIVwDRwYfEmu7krwp8C4FEJ5p","previousCounter":0,"rootKey":"+5Keq3AN0hDIQx72ZrnJv3Q8cSdkAda2eSFKNMUfQwA="},"indexInfo":{"baseKey":"BTPLsn5dY3RHtuVTIrcdBAYOtjALMeG8n9WDeaH34JhH","baseKeyType":1,"closed":-1,"used":1749062789489,"created":1749062789489,"remoteIdentityKey":"BfvimSEyE0vysWVkUJBTuNo4zSZVLgiR5QKILtONfe9E"},"_chains":{"BX7B3RpfIrpOPQ7caAEqn4oHuXZ/WHP0G0sxSlAmsvYB":{"chainKey":{"counter":0,"key":"e8ulZH3M5nQQNqjvzh8V9dvb66S6P0zRdsRgiRDPpPc="},"chainType":1,"messageKeys":{}}},"pendingPreKey":{"signedKeyId":2,"baseKey":"BTPLsn5dY3RHtuVTIrcdBAYOtjALMeG8n9WDeaH34JhH","preKeyId":4347}}},"version":"v1"}