{"_sessions":{"BVrdl7YiKJiOdTmNOFr6TdtjSsnVBxRRBIFg4Zk2ulwN":{"registrationId":67,"currentRatchet":{"ephemeralKeyPair":{"pubKey":"BTgmuY3+cZtllj5Qt7HVrnGHbPBxbt7ZSWJM63RcnQgB","privKey":"uDhSoitp8VV2XyTxV3O4ekKpo5CHenVAsR3Z3FacCGs="},"lastRemoteEphemeralKey":"BRL0D+2iw6s8BVk14wRjVdVndDMPWq3UZBdKNZ36/UR5","previousCounter":0,"rootKey":"8G1xFOcwb1hfEEA7Aa47X4F+zaQG3iGTNP1Bcs/iWb4="},"indexInfo":{"baseKey":"BVrdl7YiKJiOdTmNOFr6TdtjSsnVBxRRBIFg4Zk2ulwN","baseKeyType":1,"closed":-1,"used":1749062789464,"created":1749062789464,"remoteIdentityKey":"BeJ5kNvUtEZY61pqRtxj+qogCbYFsYUbQvvSzB7Pf9NN"},"_chains":{"BTgmuY3+cZtllj5Qt7HVrnGHbPBxbt7ZSWJM63RcnQgB":{"chainKey":{"counter":0,"key":"vx3YC/eVOQW9QGbGe2foGc+23NPFkV8bRDa59V5LTJ0="},"chainType":1,"messageKeys":{}}},"pendingPreKey":{"signedKeyId":1,"baseKey":"BVrdl7YiKJiOdTmNOFr6TdtjSsnVBxRRBIFg4Zk2ulwN"}}},"version":"v1"}