{"_sessions":{"BctRuDWXoZrW/3hxj0c2YHUVcs/Wuxq6hsm3dCLkIvwt":{"registrationId":1555503062,"currentRatchet":{"ephemeralKeyPair":{"pubKey":"BUnjs8XzzUtpe/ijg1//oYZK3xIdTUswTj8A+GJqouNa","privKey":"CEp52sCZxikms5Yy1eduNX5dudMQGJGsIb98KT8Dy3I="},"lastRemoteEphemeralKey":"BYCe+xPE39WteMGRXlgn7QqiTFrYrNNSIPTmkVhmNYwv","previousCounter":0,"rootKey":"rQ3Lyx43k9qJOjwXE5nMZNs3iikDz7jfQkaGcHvgG54="},"indexInfo":{"baseKey":"BctRuDWXoZrW/3hxj0c2YHUVcs/Wuxq6hsm3dCLkIvwt","baseKeyType":2,"closed":-1,"used":1749122154016,"created":1749122154016,"remoteIdentityKey":"BejYjEtcVOv4RkPITp0FY3+yJLbtUzIQfU34NV/ZtAEM"},"_chains":{"BYCe+xPE39WteMGRXlgn7QqiTFrYrNNSIPTmkVhmNYwv":{"chainKey":{"counter":0,"key":"fKlAZpBTaoe+hhExxU/lyRW+rDAVoNjxOuUyfhIzpaw="},"chainType":2,"messageKeys":{}},"BUnjs8XzzUtpe/ijg1//oYZK3xIdTUswTj8A+GJqouNa":{"chainKey":{"counter":-1,"key":"9yihMJHk2HG0lNzZRPpqIIdfTss6istARWxFmtyLLS0="},"chainType":1,"messageKeys":{}}}}},"version":"v1"}