{"_sessions":{"BZDoSwUP5617v8+i8MqUAIBNvd847xrUy0Vh862ZruYr":{"registrationId":152,"currentRatchet":{"ephemeralKeyPair":{"pubKey":"BXHSqe5N5kyPY0Sq9zvX6bkWqjN+of/6AFiLAzJemw9Q","privKey":"eK65uYhYRls3eA1E2fMf71UGPUvnNh/KVwfw2YRRAXM="},"lastRemoteEphemeralKey":"Be61ntVIP+xmoeP3i/iTCZ2kTEdwfHIXgqu8aHQmStdK","previousCounter":0,"rootKey":"6eSL+HVLvLaqoCZ6YMKuUYO8D2GlXvdC16yjperND3w="},"indexInfo":{"baseKey":"BZDoSwUP5617v8+i8MqUAIBNvd847xrUy0Vh862ZruYr","baseKeyType":1,"closed":-1,"used":1749062789571,"created":1749062789571,"remoteIdentityKey":"Baun+Qc86Mh4xd9/TZvZTYTas9l2UG1WkTYq9yYsCPpI"},"_chains":{"BXHSqe5N5kyPY0Sq9zvX6bkWqjN+of/6AFiLAzJemw9Q":{"chainKey":{"counter":0,"key":"ChPpiWCO084XCV91FAmFj4Ln/VqU6KKRwpdYomsHHdE="},"chainType":1,"messageKeys":{}}},"pendingPreKey":{"signedKeyId":1,"baseKey":"BZDoSwUP5617v8+i8MqUAIBNvd847xrUy0Vh862ZruYr"}}},"version":"v1"}