{"_sessions":{"BXD5lrDzEn3UnxNcy95fLlc0PtXc309jGW73zbawXzZp":{"registrationId":342950312,"currentRatchet":{"ephemeralKeyPair":{"pubKey":"BWGKfA0GNt2Pc5+OTi1y5atuXfa/RGTmu3+i79712VJd","privKey":"wIgiovfogL4e73HrJR9y1rhKTki6+E+UwZciEwmgs04="},"lastRemoteEphemeralKey":"BW3UQBPa5/bL6OolLe/Sbs+O61OtGHuyvwJz7Zekf0F/","previousCounter":0,"rootKey":"DqnulfwKGg6KTAdfJYLGbNX6s8I3HwhGdtzkGJfYv8I="},"indexInfo":{"baseKey":"BXD5lrDzEn3UnxNcy95fLlc0PtXc309jGW73zbawXzZp","baseKeyType":2,"closed":-1,"used":1749048445093,"created":1749048445093,"remoteIdentityKey":"BcSZ3tqIDIU9E7rIHVW4Qbm4Wjd0dV6A9kupNTUhs00l"},"_chains":{"BW3UQBPa5/bL6OolLe/Sbs+O61OtGHuyvwJz7Zekf0F/":{"chainKey":{"counter":8,"key":"ppBi5j+5wIBaVrFwp6d9T0OhPZys8qMcIVmVcDGqrQk="},"chainType":2,"messageKeys":{}},"BWGKfA0GNt2Pc5+OTi1y5atuXfa/RGTmu3+i79712VJd":{"chainKey":{"counter":0,"key":"6L/XxPwZmKcns/bs4WjXa6oj4amYpAjFnmQGA3VYJr4="},"chainType":1,"messageKeys":{}}}}},"version":"v1"}