{"_sessions":{"BV7S551v8hLrF8oq5XzkA71mt2G7J+bDTzi8FdAowUJI":{"registrationId":16319,"currentRatchet":{"ephemeralKeyPair":{"pubKey":"BVx92GF5Rt2XEop3ysOf51iuGRwPTzB3iRyMUiRxCIJ/","privKey":"OIBZRc8F4f17uMbNIp7y/zGQ/lCky+HuI4u9ZjlxRWA="},"lastRemoteEphemeralKey":"BfYztigrD2Yl3V3/n18ssG+k2B8zwR9g4rBnXx8lVupi","previousCounter":0,"rootKey":"mKb4UBQsN4vhRMhNFoGr5wjeQrVPnl4iqcG3pVUlvuQ="},"indexInfo":{"baseKey":"BV7S551v8hLrF8oq5XzkA71mt2G7J+bDTzi8FdAowUJI","baseKeyType":1,"closed":-1,"used":1749062789566,"created":1749062789566,"remoteIdentityKey":"Bc51fMCiZMJLdZ4T/KsGRd6J6SgpcjHZ4BtHsbV4ADwI"},"_chains":{"BVx92GF5Rt2XEop3ysOf51iuGRwPTzB3iRyMUiRxCIJ/":{"chainKey":{"counter":0,"key":"UL6xtfuK9ZUvtpNK99LoWxYrEaNV+mBLCIsbfXGohqY="},"chainType":1,"messageKeys":{}}},"pendingPreKey":{"signedKeyId":1,"baseKey":"BV7S551v8hLrF8oq5XzkA71mt2G7J+bDTzi8FdAowUJI"}}},"version":"v1"}