{"_sessions":{"BQvDcifUrW/MHqoybRnEu6m9MU2VrnbwBo4I4K2odktr":{"registrationId":692265689,"currentRatchet":{"ephemeralKeyPair":{"pubKey":"BcQMVSCKhvdNK1bz0OllsXppHfB3pALGFbwAwAT/4SYM","privKey":"mDLkIZmE9rOVebaU+LTxCVTZXpSpOQS5TZWSp2ybFHg="},"lastRemoteEphemeralKey":"BY4nLfQUpljsPPtGOOCer+rLGTJWz510zmoyJKuIVblq","previousCounter":0,"rootKey":"PTwWlVFs7HwrZpaHd91d/18NH9ZycZWgUTmQ6+gu/eQ="},"indexInfo":{"baseKey":"BQvDcifUrW/MHqoybRnEu6m9MU2VrnbwBo4I4K2odktr","baseKeyType":1,"closed":-1,"used":1749062789708,"created":1749062789708,"remoteIdentityKey":"BTYt00spk4Vo/98m939pQRzGOZNHmw2RfvRXqmV+pn47"},"_chains":{"BcQMVSCKhvdNK1bz0OllsXppHfB3pALGFbwAwAT/4SYM":{"chainKey":{"counter":0,"key":"/oM9hYRIrD6A2I21Z07GV4WXwuP7u8uC0OdJpYdF7SI="},"chainType":1,"messageKeys":{}}},"pendingPreKey":{"signedKeyId":6,"baseKey":"BQvDcifUrW/MHqoybRnEu6m9MU2VrnbwBo4I4K2odktr","preKeyId":14536393}}},"version":"v1"}