{"_sessions":{"BYaUAsCC8/iUAjqOKh+NWxWITZciM5s94F1uQoJuFpJ5":{"registrationId":192,"currentRatchet":{"ephemeralKeyPair":{"pubKey":"BcPPX5aL6dG/PxQXm4BWkeKx533pzHAS9vvEBijP9UA5","privKey":"GAaUeQfAPfQ0+JgLTgw60YIzOkVdvZlGPX6dWvPz320="},"lastRemoteEphemeralKey":"BRs8DeG99JnCUOnLjSoI9tAT7xTTbQ+2z5Pp3RlJYQtu","previousCounter":0,"rootKey":"cdrLG8SSpe4UAg8GMGr/F7DRFk6KXHtuB8mF8Z/w/dE="},"indexInfo":{"baseKey":"BYaUAsCC8/iUAjqOKh+NWxWITZciM5s94F1uQoJuFpJ5","baseKeyType":1,"closed":-1,"used":1749048596484,"created":1749048596484,"remoteIdentityKey":"BYBRv4RpXO69RZ7qkdTvyFb00b+DMT/RJXKGq7txlKYW"},"_chains":{"BcPPX5aL6dG/PxQXm4BWkeKx533pzHAS9vvEBijP9UA5":{"chainKey":{"counter":0,"key":"7wEPYK5SKWfShwWuvtBzZMneWZBZXmH1lwemTRbGYlA="},"chainType":1,"messageKeys":{}}},"pendingPreKey":{"signedKeyId":1,"baseKey":"BYaUAsCC8/iUAjqOKh+NWxWITZciM5s94F1uQoJuFpJ5","preKeyId":9}}},"version":"v1"}