{"_sessions":{"BczwHPykAxrN69ldrOudd+SWGGgt2v2qSpL9q0jSn1p8":{"registrationId":773240876,"currentRatchet":{"ephemeralKeyPair":{"pubKey":"Bf0XC+Wqc7Nm41P9IjT3t9KIKkvF0/cLop1WHFF27kwh","privKey":"cE/1fxkOLHT9XVbPmKZHWpS+TeaZCbWmIP+6ooXvZXM="},"lastRemoteEphemeralKey":"BWBUvunYkI2NzcvAjDR9a6WAuVIOaaAKl7mWPgXOWHBw","previousCounter":0,"rootKey":"hMspv8f11fv+PBkJragaKmvLjIbXB4R5cZ+4pdr28Xo="},"indexInfo":{"baseKey":"BczwHPykAxrN69ldrOudd+SWGGgt2v2qSpL9q0jSn1p8","baseKeyType":2,"closed":-1,"used":1749120752354,"created":1749120752354,"remoteIdentityKey":"BWfOc8NLbMJMWRGA/YZ3bQQT21xLNmtyp2+YR7wkZmQE"},"_chains":{"BWBUvunYkI2NzcvAjDR9a6WAuVIOaaAKl7mWPgXOWHBw":{"chainKey":{"counter":0,"key":"44PjVxHxEmsYgsfQbfBj0l5i8U5WbNk4On0Dc/El91I="},"chainType":2,"messageKeys":{}},"Bf0XC+Wqc7Nm41P9IjT3t9KIKkvF0/cLop1WHFF27kwh":{"chainKey":{"counter":-1,"key":"6D7xJS/y28TyyRj64uCabWhFQ18O5SJaW1eUeGJV/m8="},"chainType":1,"messageKeys":{}}}}},"version":"v1"}