{"_sessions":{"BZOfzmnoQuGrk6Ex+v/Qtb0hOl6Z/voIW/VJF8DcHUg0":{"registrationId":809405561,"currentRatchet":{"ephemeralKeyPair":{"pubKey":"BfJPj3NeBnS2SyK3ry+WXjzkCJWowW6H1X8KZmFkmKsN","privKey":"CH731PgpNJwNAusWRGAmJStYnEahtQhfC8M3B/IxEG0="},"lastRemoteEphemeralKey":"Beq07WdZqCzonhLfgl9md7N4Y5dNIL/WcIqDJ6ElIQgc","previousCounter":0,"rootKey":"hy4HMECOPHCwhDNV2B+RYz+xVeh2VQUQWDje9888CuM="},"indexInfo":{"baseKey":"BZOfzmnoQuGrk6Ex+v/Qtb0hOl6Z/voIW/VJF8DcHUg0","baseKeyType":2,"closed":-1,"used":1749063279183,"created":1749063279183,"remoteIdentityKey":"BbI2On8tyZZw93O9eQl+qLUvKHayzjgBklIt01JRoJgp"},"_chains":{"Beq07WdZqCzonhLfgl9md7N4Y5dNIL/WcIqDJ6ElIQgc":{"chainKey":{"counter":2,"key":"6y2JRfKar1sM342tdmC5kpkHLWhYnkCpjPQ9aMq5qyw="},"chainType":2,"messageKeys":{"1":"SYJWo6ThPDJc8OnMTuO5sIG5wOQDCca/Ig/R3gLa9yk="}},"BfJPj3NeBnS2SyK3ry+WXjzkCJWowW6H1X8KZmFkmKsN":{"chainKey":{"counter":-1,"key":"YcRzTY9V47+GuQaM6DtGh8IP9VKlUTEK9fL+So+pGyc="},"chainType":1,"messageKeys":{}}}}},"version":"v1"}