{"_sessions":{"BcvROVthixxSG+o89YMGDHBt8JjiBaBdVj4i7iKsxa4Q":{"registrationId":752523188,"currentRatchet":{"ephemeralKeyPair":{"pubKey":"BW+IDVAAhl8Hai7pl+csoSfnHmQ2CgDUxZM2R4M7HMtb","privKey":"8JPSyXs5DQhg9OH/ad0BvLroHZMFcJ1v0izeZSZyTm8="},"lastRemoteEphemeralKey":"Bbyz/JK6PtNOM6xUoko5ZioCW//MmVkB8q6IViHX7iYs","previousCounter":0,"rootKey":"4EtcCQRtjSbpQL8CNAjB6K2x9q6s7uX8IrGHMonzZcU="},"indexInfo":{"baseKey":"BcvROVthixxSG+o89YMGDHBt8JjiBaBdVj4i7iKsxa4Q","baseKeyType":2,"closed":-1,"used":1749118689427,"created":1749055832979,"remoteIdentityKey":"BXqyZsgHRUBz2q1wYe2HNMtnJ8qBV+V0diQb5z6NmkJU"},"_chains":{"BeDzUb7Aqywwq6UJgugv4/dZ6aOC0D5m2P3sKOXn4E52":{"chainKey":{"counter":2},"chainType":2,"messageKeys":{}},"Bbyz/JK6PtNOM6xUoko5ZioCW//MmVkB8q6IViHX7iYs":{"chainKey":{"counter":4,"key":"6mVdckt2hjGtebBYwJ+B9euGiOC2AIVgtLiB06/8Ca8="},"chainType":2,"messageKeys":{"2":"Wpf1cJ1wZt87plSp+symjhVQZfJRzevVhRsg5dYLWyQ="}},"BW+IDVAAhl8Hai7pl+csoSfnHmQ2CgDUxZM2R4M7HMtb":{"chainKey":{"counter":-1,"key":"Ug/uamleuHNnee+aW0Xt4oYk5zOsFf7lH2Hr3UD7bdE="},"chainType":1,"messageKeys":{}}}}},"version":"v1"}