{"_sessions":{"BW93LytM20HPdz28ANnNuHu6b6Tffa3wTxLL8Q4gw+AH":{"registrationId":96019103,"currentRatchet":{"ephemeralKeyPair":{"pubKey":"BQqEQ9ID6DlyFEyBE9jE7AbeiIK9e2AgrRncJmvV/j4M","privKey":"MND9FpGAMJox2Yy6yU7A4lHeEgyeqPbNaM0h7vpaGG4="},"lastRemoteEphemeralKey":"BV4UV0XuGFrLDJdEDLFneXr19RHU8CI3oSRolUp+dvoa","previousCounter":0,"rootKey":"Z/EWNxzrpsbZOYsiaCcMbEuw5A/eUNkdym22lY0Wsa0="},"indexInfo":{"baseKey":"BW93LytM20HPdz28ANnNuHu6b6Tffa3wTxLL8Q4gw+AH","baseKeyType":1,"closed":-1,"used":1749062789765,"created":1749062789765,"remoteIdentityKey":"BQuspoSKCxnyTfwbDKaNvc2NQlUpjKp4d9+3UC8g55Uh"},"_chains":{"BQqEQ9ID6DlyFEyBE9jE7AbeiIK9e2AgrRncJmvV/j4M":{"chainKey":{"counter":0,"key":"oqdIm0pJ/YUNYnYVoBPhwtH2oIH2djTG29yP7ccYmRk="},"chainType":1,"messageKeys":{}}},"pendingPreKey":{"signedKeyId":5,"baseKey":"BW93LytM20HPdz28ANnNuHu6b6Tffa3wTxLL8Q4gw+AH","preKeyId":824155}}},"version":"v1"}