{"_sessions":{"BW5tLvchp2bJDPOMqOSZNihJDG+uEqdAq9QBhs2vse89":{"registrationId":1181737077,"currentRatchet":{"ephemeralKeyPair":{"pubKey":"BWznR+52GiWNRcxBKQPr7x3/h+mgUj2Rvi7XPnt8/UIq","privKey":"GGwyZ+iML9d71VLY9USeA/+dWmWfpmPcvpwePebmaWs="},"lastRemoteEphemeralKey":"BVB4/2XhA8Bo+i1qCGS9cNTiWKm0Tu7T3u0xQNxPImNI","previousCounter":0,"rootKey":"YdIaSkwJg8FQJb31vTfLmAnKSu7NvyNQVJUOX88D7H0="},"indexInfo":{"baseKey":"BW5tLvchp2bJDPOMqOSZNihJDG+uEqdAq9QBhs2vse89","baseKeyType":1,"closed":-1,"used":1749062789664,"created":1749062789664,"remoteIdentityKey":"BTRvFuARhmAMSFW5/iwDdt6JEPY8JZ0v8UTH2oLEap5Y"},"_chains":{"BWznR+52GiWNRcxBKQPr7x3/h+mgUj2Rvi7XPnt8/UIq":{"chainKey":{"counter":0,"key":"MeKXxOHr6pBHA8Zf7ctUC04BGPdDcIylKGD5Q+Z885k="},"chainType":1,"messageKeys":{}}},"pendingPreKey":{"signedKeyId":1,"baseKey":"BW5tLvchp2bJDPOMqOSZNihJDG+uEqdAq9QBhs2vse89","preKeyId":16235854}}},"version":"v1"}