{"_sessions":{"BdjoeU2iy+Xb61Eh1xGbKd+E7/Q3qu+VptT0FeyXtmIp":{"registrationId":508752751,"currentRatchet":{"ephemeralKeyPair":{"pubKey":"BansS90gb2PfNgCR56S6Rty/QNL5oI10YUuIwE6exZI3","privKey":"mPVrQpkTlvZWHeTBoOZROnTBFgH980zBlVvnT/M/EE8="},"lastRemoteEphemeralKey":"BdvPffV9tsGA3ZFAjh3UDgDT1xNS1CiYWDskYprLz1kj","previousCounter":0,"rootKey":"8k5hmu2rFjVEmptC+t+qdVSFHTvCcd5C9gMd4tGO9+E="},"indexInfo":{"baseKey":"BdjoeU2iy+Xb61Eh1xGbKd+E7/Q3qu+VptT0FeyXtmIp","baseKeyType":1,"closed":-1,"used":1749062789802,"created":1749062789802,"remoteIdentityKey":"BRh66a1E6LD/MXJrwOSJcOAzVBVQqjKpRj3ODNL03HRA"},"_chains":{"BansS90gb2PfNgCR56S6Rty/QNL5oI10YUuIwE6exZI3":{"chainKey":{"counter":0,"key":"D5WO+UKLgKjGs5XbGsJ6cbAWz5v3YodAvGJmCHV4XBE="},"chainType":1,"messageKeys":{}}},"pendingPreKey":{"signedKeyId":1,"baseKey":"BdjoeU2iy+Xb61Eh1xGbKd+E7/Q3qu+VptT0FeyXtmIp","preKeyId":10599948}}},"version":"v1"}