{"_sessions":{"BfEdUJOn3DjRlh8ASSZdtGWhqXBMoOkSJQz4y+Bibysp":{"registrationId":55,"currentRatchet":{"ephemeralKeyPair":{"pubKey":"BYAEounntMr9pqhW/DWiGtuEFEEeZ43e6E4EWwCk+HRz","privKey":"yCgivJzmjMLMbNdDfa+OowGvmzLtwCpxOIaqq3Tz6UI="},"lastRemoteEphemeralKey":"BbWEYo8cprnGMvgORYdot9Y2FMstfb53wwh0U9sSFRl+","previousCounter":0,"rootKey":"7/TtOytqMzoACQ4Md70SysCpWTZCugy/sDlGkO1FoPI="},"indexInfo":{"baseKey":"BfEdUJOn3DjRlh8ASSZdtGWhqXBMoOkSJQz4y+Bibysp","baseKeyType":1,"closed":-1,"used":1749062789602,"created":1749062789602,"remoteIdentityKey":"BUGWS1QXK0ClW5aRkwoC+2DafhV1CYD/Xy2F5KvlaywG"},"_chains":{"BYAEounntMr9pqhW/DWiGtuEFEEeZ43e6E4EWwCk+HRz":{"chainKey":{"counter":0,"key":"EEMfkkkl778sTaREgSPOXGTKiVv6nKF993jN8tbzaHU="},"chainType":1,"messageKeys":{}}},"pendingPreKey":{"signedKeyId":1,"baseKey":"BfEdUJOn3DjRlh8ASSZdtGWhqXBMoOkSJQz4y+Bibysp"}}},"version":"v1"}