{"_sessions":{"BX360Yl7yxmLumld5jaAfHZD+0yA/THy1C+6zPGEHoAZ":{"registrationId":205078691,"currentRatchet":{"ephemeralKeyPair":{"pubKey":"Ba3oz5E+yIUcOD/nnXm1fhlurqJdVhzPYxs3FBSdmL8U","privKey":"mJU47rKR1JQGIqqqyU/ptHrvb4JjTWN9mAKubgq0pUQ="},"lastRemoteEphemeralKey":"Be/MsKgtyq2OGSN6OkeH91J8Ogtqx3NS4a7JhmlCeEts","previousCounter":0,"rootKey":"a8JfK4gsYSVBe/cBkl7P3qwyE0ON8JVPx0+3yVuER1M="},"indexInfo":{"baseKey":"BX360Yl7yxmLumld5jaAfHZD+0yA/THy1C+6zPGEHoAZ","baseKeyType":1,"closed":-1,"used":1749118696556,"created":1749048596505,"remoteIdentityKey":"BYosnf8sHWCBW5GJsRd1a8g+rUtUu8yJJ9sUqVrdlz98"},"_chains":{"Be/MsKgtyq2OGSN6OkeH91J8Ogtqx3NS4a7JhmlCeEts":{"chainKey":{"counter":3,"key":"RB4jT/rj0207w2ym/f+GGtPrIQ4TPyPU+lam6rLShUY="},"chainType":2,"messageKeys":{"0":"DZPNu1gP8h3neIfE/UzofYXj3aRE4qVqqRzoxR1tj9E=","1":"DvCGyxHvewHNIJc3EZ5VA78m011geY2RFkR6pQ1XVaM=","2":"bK2Si0h5lRn4Ko3fdRIehHb/aYZWKa3facXV8Ow5R14="}},"Ba3oz5E+yIUcOD/nnXm1fhlurqJdVhzPYxs3FBSdmL8U":{"chainKey":{"counter":-1,"key":"5MWQIsey6y75mHv0fGNxABGMAgZ8eM4zGlXYfzY3uK8="},"chainType":1,"messageKeys":{}}}}},"version":"v1"}