{"_sessions":{"Bb9z6LLz1krVmqCtgi7+8pu63Dz6/VFNIaN8URSm5koS":{"registrationId":989066395,"currentRatchet":{"ephemeralKeyPair":{"pubKey":"BT0xTe+ZJUmVUkUNKbkkpaJJNrA6B08LeaPLVJf4lLEQ","privKey":"gFy8FXL6ZlOkG5OgI0HbIN43ogvuYIVAp0juLfsfCVY="},"lastRemoteEphemeralKey":"BaL0kVePgYlf5vKax+/QXwrW5q7s3SfR7akLn4LIcp08","previousCounter":0,"rootKey":"sbOYB6xfMCxRvLPz6UqdWmM1h2tMSjNGPJUdWWX9lW0="},"indexInfo":{"baseKey":"Bb9z6LLz1krVmqCtgi7+8pu63Dz6/VFNIaN8URSm5koS","baseKeyType":1,"closed":-1,"used":1749062789710,"created":1749062789710,"remoteIdentityKey":"BTtYO1sg2g6Pj5RzMdVzASBU2Fy305hX5Uov+kX4nMQ8"},"_chains":{"BT0xTe+ZJUmVUkUNKbkkpaJJNrA6B08LeaPLVJf4lLEQ":{"chainKey":{"counter":0,"key":"w/d1aaHJh82N2lK+Uh+OQzaKPhv3dvtAL6vEhsgctE0="},"chainType":1,"messageKeys":{}}},"pendingPreKey":{"signedKeyId":0,"baseKey":"Bb9z6LLz1krVmqCtgi7+8pu63Dz6/VFNIaN8URSm5koS","preKeyId":15342157}}},"version":"v1"}