{"_sessions":{"Bc/2V9LFw31ymtURB6F2WUkgVG/ZujYpm9OYOAngLoFM":{"registrationId":99,"currentRatchet":{"ephemeralKeyPair":{"pubKey":"BYubuq7GDX1JA2zLhdkX3OelchWTBu7bUgdl+22Z2WZ2","privKey":"eNg93nLX9ZRfdxaR8DVthE86K2FuBmWvQyNGXiE5SWw="},"lastRemoteEphemeralKey":"BQHIfKEMVYIQPFlTlW/YxnqSCZzhz4+GIyiuLKsejuhN","previousCounter":0,"rootKey":"9KCLtl7wPyie463f1hxMS7ccCy0UYldStpMb99ntTjs="},"indexInfo":{"baseKey":"Bc/2V9LFw31ymtURB6F2WUkgVG/ZujYpm9OYOAngLoFM","baseKeyType":2,"closed":-1,"used":1749118691592,"created":1749118691592,"remoteIdentityKey":"BQZjVVt9fJFNQu8ZsdMukbFwJVOJgOKyGUbBYneLE/RF"},"_chains":{"BQHIfKEMVYIQPFlTlW/YxnqSCZzhz4+GIyiuLKsejuhN":{"chainKey":{"counter":1,"key":"+j/Bksruey8ahKObIaP2/QKqusMbvz9HEzeTB8s3IlU="},"chainType":2,"messageKeys":{}},"BYubuq7GDX1JA2zLhdkX3OelchWTBu7bUgdl+22Z2WZ2":{"chainKey":{"counter":-1,"key":"stIAyUtZZRzvZpHouy+fEdyLLHCNu9zeX2nGZ2FiwsA="},"chainType":1,"messageKeys":{}}}}},"version":"v1"}