{"_sessions":{"BQLFBxZc4lVpsfEgEF5/rE5XmGM3uti1gGYSvExm+hIY":{"registrationId":1123683347,"currentRatchet":{"ephemeralKeyPair":{"pubKey":"Bah1VUOast/G6pXuIiWzPCSzysn2VbQhoZVLLNEtt5QV","privKey":"oALwOOAJLSmYx+6jLuPxflawCktPAR8cSsJxswCenHc="},"lastRemoteEphemeralKey":"BWAvm8VE3SXorJbBqIzvCDEgmb5RiMLGq1nIHFUHQMNE","previousCounter":0,"rootKey":"zPDlyiw/fn4lsfp6ZnUnlAuiDyCfM57nqEhnykqSECQ="},"indexInfo":{"baseKey":"BQLFBxZc4lVpsfEgEF5/rE5XmGM3uti1gGYSvExm+hIY","baseKeyType":1,"closed":-1,"used":1749062789681,"created":1749062789681,"remoteIdentityKey":"Be8PxrBHxLBAQj5AhD7bSPykvkfSs2EeoFjF6j4CLG9x"},"_chains":{"Bah1VUOast/G6pXuIiWzPCSzysn2VbQhoZVLLNEtt5QV":{"chainKey":{"counter":0,"key":"CA7TIyd7xyaA8IS6XkTP9WRXa/ljbUFGw+fodcY4h+o="},"chainType":1,"messageKeys":{}}},"pendingPreKey":{"signedKeyId":15586388,"baseKey":"BQLFBxZc4lVpsfEgEF5/rE5XmGM3uti1gGYSvExm+hIY","preKeyId":2746}}},"version":"v1"}