{"_sessions":{"BaI8DphP6D0Gzj6GVENlpESXY2zFEQ9ioc2jFa3H1r05":{"registrationId":141812133,"currentRatchet":{"ephemeralKeyPair":{"pubKey":"BTORvZG6WMXCNIFgLHcKlT6VmMrow2YfiDmJrxzF7cs9","privKey":"MKYZ3YnUcj/9zTFjBz+JtNqhj66PqPEaYX5MLsBwx1g="},"lastRemoteEphemeralKey":"BT3kMceDmF2yFwzBKNqbVqMtQ9YXIOb36DuDnGe7mrRv","previousCounter":0,"rootKey":"xWKNM5ZXlbHIjRwvWLpAGqgd6VnXVDGoHgX/mZhvC3o="},"indexInfo":{"baseKey":"BaI8DphP6D0Gzj6GVENlpESXY2zFEQ9ioc2jFa3H1r05","baseKeyType":2,"closed":-1,"used":1749118697659,"created":1749118697659,"remoteIdentityKey":"Bf8bDnC+eHXKAgH040v6uaiURbOp6IxLcNv75waB5Vkq"},"_chains":{"BT3kMceDmF2yFwzBKNqbVqMtQ9YXIOb36DuDnGe7mrRv":{"chainKey":{"counter":0,"key":"Iic96tQoHu3TW4oI90ws9JuJC2EsetLlhMyb4fpVKxE="},"chainType":2,"messageKeys":{}},"BTORvZG6WMXCNIFgLHcKlT6VmMrow2YfiDmJrxzF7cs9":{"chainKey":{"counter":-1,"key":"Io2yjK7686Cj7uLRQ21dBvmK2QLcXr7Je/uKd3fNn8E="},"chainType":1,"messageKeys":{}}}}},"version":"v1"}