{"_sessions":{"BRbHPq2fcsLWNXBDPWECBDUiP4GAFf145aDhnf1bf9IG":{"registrationId":648223282,"currentRatchet":{"ephemeralKeyPair":{"pubKey":"BQ+unDK/20LSBHO+o7M0OO4gFyJWKKP0EjDioh4pMZdj","privKey":"SBkyLErBs+iUZ7S0C0dPprwdDN1ve4lgB3IlFSKkzHQ="},"lastRemoteEphemeralKey":"Bb/c887Si9VzXBRVR8WXO5bOv5klqh7PPQr24jJuOFJa","previousCounter":0,"rootKey":"kR9SrSc3dHcIYqFAgBhABVgrtIi/ZLN2QtmKlb6RHSY="},"indexInfo":{"baseKey":"BRbHPq2fcsLWNXBDPWECBDUiP4GAFf145aDhnf1bf9IG","baseKeyType":2,"closed":-1,"used":1749118697550,"created":1749118697550,"remoteIdentityKey":"BaNksWGR7b9cFOF1iqKEKWjZeqZ1bd6VQCpwuQxQSX8Y"},"_chains":{"Bb/c887Si9VzXBRVR8WXO5bOv5klqh7PPQr24jJuOFJa":{"chainKey":{"counter":0,"key":"VEvcAmBBy3HoUWtwtaN0y9s6JlSsOEemr+nrbYJTUJY="},"chainType":2,"messageKeys":{}},"BQ+unDK/20LSBHO+o7M0OO4gFyJWKKP0EjDioh4pMZdj":{"chainKey":{"counter":-1,"key":"rQW9MuUz6kk2nlif8bl8guW0aggwajPjIa75S5QGsdE="},"chainType":1,"messageKeys":{}}}}},"version":"v1"}