{"_sessions":{"BaWPGpj/+msazMz3WAfMR0euoxXyt0JPCFcChqueorJE":{"registrationId":995639052,"currentRatchet":{"ephemeralKeyPair":{"pubKey":"BfTtj7S//7plKaW1v5uDpyt4EfniLltJYYRAddbgM+tb","privKey":"AGcyF6eOWvDdmJQBqSBt7rIzVpZ71qmW1sqHWrjOv2o="},"lastRemoteEphemeralKey":"BZiHOXDud6h1vdwHPWBrp7AWfAGqhV9BhVSl+oZknb9K","previousCounter":0,"rootKey":"PVY/VRglhBNELfkOb8F3xjtCTpoTu0rHou432o8+qhc="},"indexInfo":{"baseKey":"BaWPGpj/+msazMz3WAfMR0euoxXyt0JPCFcChqueorJE","baseKeyType":1,"closed":-1,"used":1749062789673,"created":1749062789673,"remoteIdentityKey":"BUCJhpJnq4Pat/uyMYnh7W2BLK9bwVygY54xffCQVUNF"},"_chains":{"BfTtj7S//7plKaW1v5uDpyt4EfniLltJYYRAddbgM+tb":{"chainKey":{"counter":0,"key":"mo0xkL71EbMeSKYGhExtfgj5HsDGvYVWBWxquNew6LQ="},"chainType":1,"messageKeys":{}}},"pendingPreKey":{"signedKeyId":21,"baseKey":"BaWPGpj/+msazMz3WAfMR0euoxXyt0JPCFcChqueorJE","preKeyId":5897444}}},"version":"v1"}