{"_sessions":{"BZrGMBH2ptfBI92h8BkY78zk75jxK+AeH0oaBXaBWexJ":{"registrationId":1576850117,"currentRatchet":{"ephemeralKeyPair":{"pubKey":"BXyWh2J5BypckGJBctpPsj8jaBNUKJnZlEDm+LSSGJ0l","privKey":"SEZyZC5jbmCGCT+6mL9xmHoNQ7OUIJdHjgxXGpvKe2M="},"lastRemoteEphemeralKey":"BaUMPQ2nYd/W142a3eLPahJpC0P8yoZ4ngeuvp7eF0tb","previousCounter":0,"rootKey":"Wn+xV8jvUydC7b0bXNQFbexcye6PMNqAw6ylfvQyP+8="},"indexInfo":{"baseKey":"BZrGMBH2ptfBI92h8BkY78zk75jxK+AeH0oaBXaBWexJ","baseKeyType":1,"closed":-1,"used":1749048596503,"created":1749048596503,"remoteIdentityKey":"BSkHrq4YJQ1rUaoV1QdS/2ofuqsPNC/Lc4CAQccPX2JB"},"_chains":{"BXyWh2J5BypckGJBctpPsj8jaBNUKJnZlEDm+LSSGJ0l":{"chainKey":{"counter":0,"key":"Zxetvao+t1o0svtu7EI7yrx2bJM3RFdptxHWntn08CA="},"chainType":1,"messageKeys":{}}},"pendingPreKey":{"signedKeyId":1,"baseKey":"BZrGMBH2ptfBI92h8BkY78zk75jxK+AeH0oaBXaBWexJ","preKeyId":15013732}}},"version":"v1"}