{"_sessions":{"BV/vvvoqopvErfizAyRSa1ONf5L5Own8BSQ8FXrBepJz":{"registrationId":1708555176,"currentRatchet":{"ephemeralKeyPair":{"pubKey":"BcK8jmxLEJ7xFLN1E38ZAnH3Z9SuhkPBG4M/zBcdhe5K","privKey":"yF37W2uZI6Z/tbFHpJ6rOmbxqcTgdHYkPpXyggZPZ3g="},"lastRemoteEphemeralKey":"BVhz+NlIgilSCjf9JLdSafA3Nd9iv4rsJZ/PrijWft1K","previousCounter":0,"rootKey":"zEHiEeAJSVRIsqF1pZbUdCSmjpsRwVkN3lFBhl2rINQ="},"indexInfo":{"baseKey":"BV/vvvoqopvErfizAyRSa1ONf5L5Own8BSQ8FXrBepJz","baseKeyType":1,"closed":-1,"used":1749048596496,"created":1749048596496,"remoteIdentityKey":"BfA/UFdKZIlEUNVhoo5DT951XciHY4KRjjO2BdDYsbsd"},"_chains":{"BcK8jmxLEJ7xFLN1E38ZAnH3Z9SuhkPBG4M/zBcdhe5K":{"chainKey":{"counter":0,"key":"X4swSar7IzQm3q0c4T7eyyfsJJRBYOLl87qXVFEK3e4="},"chainType":1,"messageKeys":{}}},"pendingPreKey":{"signedKeyId":0,"baseKey":"BV/vvvoqopvErfizAyRSa1ONf5L5Own8BSQ8FXrBepJz","preKeyId":15587816}}},"version":"v1"}