{"_sessions":{"BUD2ppDAmPeQVpvDTp4dxZl7ZBOccECwzmejrJoxwZAJ":{"registrationId":1113723388,"currentRatchet":{"ephemeralKeyPair":{"pubKey":"BS3oMOSIDckp9H5fv+UWjNmTvCrJt+J5DPTU7zitoqRQ","privKey":"qDXmYgwq5qnPNBUlNQQ/4wZyBNS4cuYWMEXJ8he1EW4="},"lastRemoteEphemeralKey":"Bf9mEKeD1iSzyMfNzQuoGo/ADLJelkH/5VCLHzEQQXxH","previousCounter":0,"rootKey":"8rxs9bSWqNsbdDxGqq/gXW9SkTZFl2ml/d9DimQq0Us="},"indexInfo":{"baseKey":"BUD2ppDAmPeQVpvDTp4dxZl7ZBOccECwzmejrJoxwZAJ","baseKeyType":1,"closed":-1,"used":1749062789651,"created":1749062789651,"remoteIdentityKey":"BYHXs/vpwsuaxQ+TENI54n3EoGltI0m4JtIT6os7QRsL"},"_chains":{"BS3oMOSIDckp9H5fv+UWjNmTvCrJt+J5DPTU7zitoqRQ":{"chainKey":{"counter":0,"key":"0dFWofMBj/9A01Ps0SPcs8ZlpiyVXnofYBRrd4IDDvE="},"chainType":1,"messageKeys":{}}},"pendingPreKey":{"signedKeyId":104183,"baseKey":"BUD2ppDAmPeQVpvDTp4dxZl7ZBOccECwzmejrJoxwZAJ","preKeyId":1008816}}},"version":"v1"}