{"_sessions":{"Begy0GclsjTv/4+Ful4A89ArfWvDBTpvL9EyLvZhDrtN":{"registrationId":5702,"currentRatchet":{"ephemeralKeyPair":{"pubKey":"BfaOReS8QjZwd5KV8vJ5uNhH23oWEyuE7hwKUDMXFXNI","privKey":"YIEnTN6av4HNa9KrA5Td6ToR8zPxhacMEYF116Js0kg="},"lastRemoteEphemeralKey":"BZAaw/K5HnRY1ixy5vDHuFwVravW9wr7lL6jJul2eC55","previousCounter":0,"rootKey":"3PKdNM5r4KabvzhODn+K3o1M+2kokM/FxKrHAf2LAxU="},"indexInfo":{"baseKey":"Begy0GclsjTv/4+Ful4A89ArfWvDBTpvL9EyLvZhDrtN","baseKeyType":1,"closed":-1,"used":1749062789630,"created":1749062789630,"remoteIdentityKey":"BXqXCieYWsrlvBPHR7rhnFbfRRrYP9xQrdgabjBtM/Zn"},"_chains":{"BfaOReS8QjZwd5KV8vJ5uNhH23oWEyuE7hwKUDMXFXNI":{"chainKey":{"counter":0,"key":"XXeN0qEk3P659MR4nnTtM6odMPnfSaUfZh0eir4FOy0="},"chainType":1,"messageKeys":{}}},"pendingPreKey":{"signedKeyId":1,"baseKey":"Begy0GclsjTv/4+Ful4A89ArfWvDBTpvL9EyLvZhDrtN"}}},"version":"v1"}