{"_sessions":{"BUslt0rGDRDh21/l/yp4pccxhB1jg9rgae2zgIh9dIRq":{"registrationId":102991512,"currentRatchet":{"ephemeralKeyPair":{"pubKey":"BVCqHU70Uxiz5mBYhTPuti1RSgzDCOFNHm4D5stqkbYI","privKey":"aNIc3iInuVxNBIkaf9IMy1C6l6+h1DlaEM871RyTAUM="},"lastRemoteEphemeralKey":"BXT5Lri2Qyyasi3Us1Yn763LvkH11YYNT2Txq0gS2L8a","previousCounter":0,"rootKey":"vyq2MCQrP+nHYBWSVa0avY0RKT4iqAZXmD9Wi4+pOkk="},"indexInfo":{"baseKey":"BUslt0rGDRDh21/l/yp4pccxhB1jg9rgae2zgIh9dIRq","baseKeyType":1,"closed":-1,"used":1749048596512,"created":1749048596512,"remoteIdentityKey":"BX7BWgnDP1qZLaSZvp3jkgJ++/JI3+lvLLmha2YB0VoH"},"_chains":{"BVCqHU70Uxiz5mBYhTPuti1RSgzDCOFNHm4D5stqkbYI":{"chainKey":{"counter":0,"key":"UlDCmUT8TQGwMhJpAvYbJj4Knex1BDtYa7IeyOurZLs="},"chainType":1,"messageKeys":{}}},"pendingPreKey":{"signedKeyId":2,"baseKey":"BUslt0rGDRDh21/l/yp4pccxhB1jg9rgae2zgIh9dIRq","preKeyId":8971031}}},"version":"v1"}