{"_sessions":{"BQtToYtAksv8TSFGGPVComiCETfLBFzqrw6PTnX0nl43":{"registrationId":310397928,"currentRatchet":{"ephemeralKeyPair":{"pubKey":"BRT0TUJL8/o/iJCJDHdVuTC6R3aSt250udSkSqrR3O4z","privKey":"iB0WLl0Xr/YLapU2JVvzYFOpKhhDx1iWhuxcdDVd0GU="},"lastRemoteEphemeralKey":"BR4juHnHs3bY+TrPy4Y4LAFF7bXbqE+kP3bxX2pV8mw0","previousCounter":0,"rootKey":"jwc01ncwJpnavOnuFiKvDKHNGWcVkyxdVXa3hLY7fN8="},"indexInfo":{"baseKey":"BQtToYtAksv8TSFGGPVComiCETfLBFzqrw6PTnX0nl43","baseKeyType":1,"closed":-1,"used":1749118693629,"created":1749062789749,"remoteIdentityKey":"BcqKb0sh8/Tc7NrZXGJ+apIarZcWyKjwsvfYnKlZAjIW"},"_chains":{"BR4juHnHs3bY+TrPy4Y4LAFF7bXbqE+kP3bxX2pV8mw0":{"chainKey":{"counter":1,"key":"+xKEmc8Y55HUoJoB3H+KSzXXN+JrCb+2A64Cvdmla7s="},"chainType":2,"messageKeys":{"0":"1YUnNbxoem2EwYEaSAG+si0U2pJmlQmbCVHNcxzw5eU="}},"BRT0TUJL8/o/iJCJDHdVuTC6R3aSt250udSkSqrR3O4z":{"chainKey":{"counter":-1,"key":"eIMy+vPHP7ZzCj6UYqmYAX+keN6OIL3v7N4ANC/arsE="},"chainType":1,"messageKeys":{}}}}},"version":"v1"}