{"_sessions":{"BT67WDtSveXXmxwC6THGmbe8UVb/kQkGxzp8njhyIWAZ":{"registrationId":1125002232,"currentRatchet":{"ephemeralKeyPair":{"pubKey":"Bbe90fBmB5snFE7U8I9g5l7x9bCkwCBC5677mDM4PIcM","privKey":"iNLOqlWuun15S4XoMqRtcxhg2k3ESy3nP24HTGVdtH0="},"lastRemoteEphemeralKey":"BVaADtraYiyREwl6TEbcMktf8v+czUJVuXsFEXVf89FD","previousCounter":0,"rootKey":"dlExmALo8gU+BCWAI0Ma3pkpb4PvCCDsWMrGKVZSLYY="},"indexInfo":{"baseKey":"BT67WDtSveXXmxwC6THGmbe8UVb/kQkGxzp8njhyIWAZ","baseKeyType":1,"closed":-1,"used":1749062789771,"created":1749062789771,"remoteIdentityKey":"BUWDFDXBEPf2TzXe2RX0vbAvadEG7n+ioB+QWkkdn3tO"},"_chains":{"Bbe90fBmB5snFE7U8I9g5l7x9bCkwCBC5677mDM4PIcM":{"chainKey":{"counter":0,"key":"YCbGM2QKJXz9i0bUPsYMowx2ymowWfgCpXyKzQNDmoo="},"chainType":1,"messageKeys":{}}},"pendingPreKey":{"signedKeyId":4,"baseKey":"BT67WDtSveXXmxwC6THGmbe8UVb/kQkGxzp8njhyIWAZ","preKeyId":15480488}}},"version":"v1"}