{"_sessions":{"BWI6U/OzHmkxi8qrl/6wDqTrss2DsGL2semtvV44/vUA":{"registrationId":1873038026,"currentRatchet":{"ephemeralKeyPair":{"pubKey":"BSRLrtmW38az8dt2F6nioBgNxMf2M4DCL9jLf/++DU4L","privKey":"sH9M6Pomy522sezJls3v+mBTssEGGxzWmdZMwwxfK3Q="},"lastRemoteEphemeralKey":"BWjrUMkv4gm9NhiyAJNCQK9Y8Ve9OE2WCC9lEGuoLskd","previousCounter":0,"rootKey":"9l9OzCuytP1xa37t+RN/32UwuJY94s9/fMPRRmFmlyA="},"indexInfo":{"baseKey":"BWI6U/OzHmkxi8qrl/6wDqTrss2DsGL2semtvV44/vUA","baseKeyType":2,"closed":-1,"used":1749055824939,"created":1749055824939,"remoteIdentityKey":"BV5E3LQP+WfSFKxidZCh+PlWaXROShUJC5HnpWRaPlQM"},"_chains":{"BWjrUMkv4gm9NhiyAJNCQK9Y8Ve9OE2WCC9lEGuoLskd":{"chainKey":{"counter":0,"key":"P8FrLW+99Dx0RdIXzCW6RTkbJ/SOmmv16bVhkV0hu+8="},"chainType":2,"messageKeys":{}},"BSRLrtmW38az8dt2F6nioBgNxMf2M4DCL9jLf/++DU4L":{"chainKey":{"counter":0,"key":"SUIQkHv5l4l6Z2QwMx/R+O4s9sarGi4wCPf/VFN3yKI="},"chainType":1,"messageKeys":{}}}}},"version":"v1"}