{"_sessions":{"BVGDcbN5A4P0pOrK9Z0f+tDIO56rXYsZDbnyQ5w5gcB7":{"registrationId":239,"currentRatchet":{"ephemeralKeyPair":{"pubKey":"BbN9Qq9NqyttyWii8KGuZjwc0/GZMZsBOaEdFcrbrak3","privKey":"OGKVRikGyREayAZJBe1U32MtLVhuxM8C3qWAB1ABanE="},"lastRemoteEphemeralKey":"BdJl8g5UJrHxP/Xa4RBlcjsjdvTgToK0ojkrs+17hX9e","previousCounter":0,"rootKey":"pSma3dUYvbQBK+WZyFF2yZr4P89J32phr87NpUzYs8Y="},"indexInfo":{"baseKey":"BVGDcbN5A4P0pOrK9Z0f+tDIO56rXYsZDbnyQ5w5gcB7","baseKeyType":2,"closed":-1,"used":1749118684430,"created":1749118684430,"remoteIdentityKey":"Bb22s/0L3lgBxeonk4AmGF9sW+vCsB8d2lUxR6GviC06"},"_chains":{"BdJl8g5UJrHxP/Xa4RBlcjsjdvTgToK0ojkrs+17hX9e":{"chainKey":{"counter":3,"key":"GRf9u7Rtqu45XJHfeY4oiJPwNpxbOcvs6eXPvM/k3gg="},"chainType":2,"messageKeys":{}},"BbN9Qq9NqyttyWii8KGuZjwc0/GZMZsBOaEdFcrbrak3":{"chainKey":{"counter":-1,"key":"HG91ZqY6bbMhW5rBZ/7RJ78tmC/kmowVRelPqIBUNc8="},"chainType":1,"messageKeys":{}}}}},"version":"v1"}