{"_sessions":{"BWq9QaaTw4n2OUsLZXuJH0tEc7ibq0DDnUnjgmpzM2V6":{"registrationId":431553229,"currentRatchet":{"ephemeralKeyPair":{"pubKey":"BUJX/pFn26l7SOyNDYzUFzSwpaW5H/jN9hvy6joYntJa","privKey":"0LFtMoBpMuSNm95t43NBuMzlvin1whJZhXTreWUdGkA="},"lastRemoteEphemeralKey":"BcEEReWDUWfdTYGNTzV2F3Dk3vsjhoWe2ITmBVb1kpV1","previousCounter":0,"rootKey":"LkP0DMrLPD7GVf0ML1srwooj2CSeqpSKhKQrl9PywcA="},"indexInfo":{"baseKey":"BWq9QaaTw4n2OUsLZXuJH0tEc7ibq0DDnUnjgmpzM2V6","baseKeyType":2,"closed":-1,"used":1749118697612,"created":1749118697612,"remoteIdentityKey":"BedsmW+6t9dUK3oM4siZk+YmsQn9kpSdsCfmVh9oog1+"},"_chains":{"BcEEReWDUWfdTYGNTzV2F3Dk3vsjhoWe2ITmBVb1kpV1":{"chainKey":{"counter":0,"key":"tciJqmU6ZKzrlxWZJhL9wRvjb65Dly4aO+5V0qeflxA="},"chainType":2,"messageKeys":{}},"BUJX/pFn26l7SOyNDYzUFzSwpaW5H/jN9hvy6joYntJa":{"chainKey":{"counter":-1,"key":"+/ujlRAbHLEusqYW/UuHu1AOgllgaVHbOADKvxoCFXE="},"chainType":1,"messageKeys":{}}}}},"version":"v1"}