{"_sessions":{"BaE2k+GC/qlyvRNgo0I8GY6hBtlgSh1QY+3wf9pdwIkP":{"registrationId":440553040,"currentRatchet":{"ephemeralKeyPair":{"pubKey":"BVSgFejGwhDTAHf+ArLMvBK4KJU3YumaKCtb2jSM5nB2","privKey":"wBGNtZ6c2l1Ct5FH3J1UygZB/xwAl8UR6CoN054NIUI="},"lastRemoteEphemeralKey":"BX4qqcszDCSU49GBHhLLhVQbINjSKQar8SW85lS9uuR8","previousCounter":0,"rootKey":"duTnni6wz3tLEtqpnmqTKaRC2k3OY7n1woIuRdn+qSo="},"indexInfo":{"baseKey":"BaE2k+GC/qlyvRNgo0I8GY6hBtlgSh1QY+3wf9pdwIkP","baseKeyType":2,"closed":-1,"used":1749118695715,"created":1749118695715,"remoteIdentityKey":"BTyA1XKrA9sz32f8to50BHMza3srIqOUoa5DSGr8n94w"},"_chains":{"BX4qqcszDCSU49GBHhLLhVQbINjSKQar8SW85lS9uuR8":{"chainKey":{"counter":0,"key":"wQrsyLOh/nKcEWSZX3OCzpjp73qQWlfI00t8/DTNqco="},"chainType":2,"messageKeys":{}},"BVSgFejGwhDTAHf+ArLMvBK4KJU3YumaKCtb2jSM5nB2":{"chainKey":{"counter":-1,"key":"LOfuuLxuPvRk8oCAv3kn24eRqorhAQv4aFaYt0MDuwY="},"chainType":1,"messageKeys":{}}}}},"version":"v1"}