{"_sessions":{"BRKSYlgchvvvQzlEVVV15idRUHLWXvLaCcg6gqDasWo1":{"registrationId":3988,"currentRatchet":{"ephemeralKeyPair":{"pubKey":"BTWx5yfNV1cDZOzbDc7DjjXoed4LezVIAHZ8EbfnfJd4","privKey":"2CB0VT9orFJzuDaers97I24Qu0zmPQMIUOiI2dUD13Y="},"lastRemoteEphemeralKey":"BaCV5QjEZ2+FDVRzbeZ2ZcGzEnzaWWkQkkdMleP6shAC","previousCounter":0,"rootKey":"QMsYHrlaJQZfe1T45kiofHNB1WVHf8BjxjydsU962ZY="},"indexInfo":{"baseKey":"BRKSYlgchvvvQzlEVVV15idRUHLWXvLaCcg6gqDasWo1","baseKeyType":1,"closed":-1,"used":1749048596487,"created":1749048596487,"remoteIdentityKey":"BfS1YV1FqXPbnWms/a4fg+kEEgJf+0kCYTBrrYv1Ymtu"},"_chains":{"BTWx5yfNV1cDZOzbDc7DjjXoed4LezVIAHZ8EbfnfJd4":{"chainKey":{"counter":0,"key":"w77R8PI7gXKomz6EwE3Y4Kidp24eF4TkEEJt+VIqqkU="},"chainType":1,"messageKeys":{}}},"pendingPreKey":{"signedKeyId":2,"baseKey":"BRKSYlgchvvvQzlEVVV15idRUHLWXvLaCcg6gqDasWo1","preKeyId":1430}}},"version":"v1"}