{"_sessions":{"Bdr1Nj3zm5WdYtxh8+85AoiJfi7bC8v6E9S70JQbQ4FL":{"registrationId":1789216071,"currentRatchet":{"ephemeralKeyPair":{"pubKey":"Bdfxo7alquIUlNjVF8Nxh829bX+/FbBo6QfVkALa5X9F","privKey":"SGnH7f+Rn6R7wiFwZkuOrncWeCQcNaxiES9ug9mcakw="},"lastRemoteEphemeralKey":"BTO7JmyjHql4t0mYBvuDxPbBw88L0rfzsooey3M/bNFF","previousCounter":0,"rootKey":"d7+o+Y/YBbFk0DGUZp6u1Ll7yUMiu/uZJezOO4O5VR0="},"indexInfo":{"baseKey":"Bdr1Nj3zm5WdYtxh8+85AoiJfi7bC8v6E9S70JQbQ4FL","baseKeyType":1,"closed":-1,"used":1749062789763,"created":1749062789763,"remoteIdentityKey":"BfauaJ7lS+NgUKHCFIuD28/bT2h4pGaKvywmGLwcgyJ/"},"_chains":{"Bdfxo7alquIUlNjVF8Nxh829bX+/FbBo6QfVkALa5X9F":{"chainKey":{"counter":0,"key":"aHBGjeFsLnsrc0cKNDNr8XAIORNpz44RIyhbQczd5qg="},"chainType":1,"messageKeys":{}}},"pendingPreKey":{"signedKeyId":5,"baseKey":"Bdr1Nj3zm5WdYtxh8+85AoiJfi7bC8v6E9S70JQbQ4FL","preKeyId":11996694}}},"version":"v1"}