{"_sessions":{"BfxqpIUJqJaRkDGZ4ekor4O94qWlYCUlE9zRTqrkLMs0":{"registrationId":1253611454,"currentRatchet":{"ephemeralKeyPair":{"pubKey":"Bct6Ly/xpltlgYqahlhA04h29Dhlh9fXkbQqDD7lwnFN","privKey":"6NMCyuHvysRb8hrkKdhuD5I+xYI3PdCH5kIgQwvHDkQ="},"lastRemoteEphemeralKey":"BU7dt5sBmLjZnGooVtodBuz/AIfjDyknsNtyMb2N/dYs","previousCounter":0,"rootKey":"G3NYl0HiS0pTgDxZY4wpQS+ux3dW5IKSr87TnlKULi8="},"indexInfo":{"baseKey":"BfxqpIUJqJaRkDGZ4ekor4O94qWlYCUlE9zRTqrkLMs0","baseKeyType":1,"closed":-1,"used":1749062789745,"created":1749062789745,"remoteIdentityKey":"Bax3TfNd3rbJOVioeHSiolh2FAmeu5Lwvu4X69PPvT9G"},"_chains":{"Bct6Ly/xpltlgYqahlhA04h29Dhlh9fXkbQqDD7lwnFN":{"chainKey":{"counter":0,"key":"1A6Ry0bPCe5w45wkrTjsAbqNUQs5/DOTcz8x1j/62iU="},"chainType":1,"messageKeys":{}}},"pendingPreKey":{"signedKeyId":1,"baseKey":"BfxqpIUJqJaRkDGZ4ekor4O94qWlYCUlE9zRTqrkLMs0","preKeyId":16004086}}},"version":"v1"}