{"_sessions":{"BYbJRAh6GLk/CJhep6z70Hk6ANFd0Lpwtm98mJUpLY0b":{"registrationId":200,"currentRatchet":{"ephemeralKeyPair":{"pubKey":"BYrooyxSU9vJggCHxE137USmqkc3IZlL1mbWNf5Bxn8X","privKey":"6Dhc+D0vNvdv6JBcj4JtQBNIS/I7MfUfBFov5hIfQlo="},"lastRemoteEphemeralKey":"BTdIUfgEMVBF2xS4JujGCRBpvcY1qRckXFORADTZgAU+","previousCounter":0,"rootKey":"gs8+D/+c5VJW+RBRq37LTGk4ZyeqzKvVED/QXfEcQ6s="},"indexInfo":{"baseKey":"BYbJRAh6GLk/CJhep6z70Hk6ANFd0Lpwtm98mJUpLY0b","baseKeyType":1,"closed":-1,"used":1749062789482,"created":1749062789482,"remoteIdentityKey":"BScSUdjvJhLXzBjgfAIZf0e3m7IUPsadPj5Ao2x5jZNn"},"_chains":{"BYrooyxSU9vJggCHxE137USmqkc3IZlL1mbWNf5Bxn8X":{"chainKey":{"counter":0,"key":"kLO2AJExZYCQATfyFmgHuw13yn9E7C/R/EUZeVirD7s="},"chainType":1,"messageKeys":{}}},"pendingPreKey":{"signedKeyId":1,"baseKey":"BYbJRAh6GLk/CJhep6z70Hk6ANFd0Lpwtm98mJUpLY0b"}}},"version":"v1"}