{"_sessions":{"BepzUagwkOV94Vef0zXV6UxQPuqERukIs+q3wH7K5dsZ":{"registrationId":5386,"currentRatchet":{"ephemeralKeyPair":{"pubKey":"BX+kFXjok+lK67aMBP6pszPlY/IZny3yT2L3lhkYh30e","privKey":"gIYOPzTc/ptlJdIUyIGELb9wBasAARyUGQFNOr3VTVY="},"lastRemoteEphemeralKey":"BeWWBD5xztr35miM+Pw5jQH4p+xQSUtgCNVdnxtJOTgl","previousCounter":0,"rootKey":"3NYG8HQIFxjcqJFNuOXyV4jIcKWhp/X2DyYqIB36MGo="},"indexInfo":{"baseKey":"BepzUagwkOV94Vef0zXV6UxQPuqERukIs+q3wH7K5dsZ","baseKeyType":1,"closed":-1,"used":1749062789564,"created":1749062789564,"remoteIdentityKey":"BRt8syW6X1vrZPOAANSA6fYSUr5JTtC2Ja24DwGNkF06"},"_chains":{"BX+kFXjok+lK67aMBP6pszPlY/IZny3yT2L3lhkYh30e":{"chainKey":{"counter":0,"key":"03TktimbFKika6Z64t2IBTD/lv/acBKNczLM7z40V6Q="},"chainType":1,"messageKeys":{}}},"pendingPreKey":{"signedKeyId":1,"baseKey":"BepzUagwkOV94Vef0zXV6UxQPuqERukIs+q3wH7K5dsZ","preKeyId":1427}}},"version":"v1"}