{"_sessions":{"BZ+1FE/hcgu0FEyWm21UcqzF2qIs6VK3GJW5LqGScoAX":{"registrationId":1444831677,"currentRatchet":{"ephemeralKeyPair":{"pubKey":"BbKWmavdc2R7M4S2MGQZXK4GjDPM0k48qdawLd0LEIoP","privKey":"yA/1wYdccX5ah1TPcbGpiTIfs51KEyfTblCC67m53Gw="},"lastRemoteEphemeralKey":"BUQU1tK1U8uTrHejMurtlBXC97Hej009cCxgvAh1MtFf","previousCounter":0,"rootKey":"B/oQRmILbELd71qqyeSG4Vv8gl3ZbMVDRWfiNkK08es="},"indexInfo":{"baseKey":"BZ+1FE/hcgu0FEyWm21UcqzF2qIs6VK3GJW5LqGScoAX","baseKeyType":2,"closed":-1,"used":1749118695177,"created":1749118695177,"remoteIdentityKey":"BRNyXLZ5U0ZOZEMBEGUbWmou7xjrRac1UTLuDA4l9xZC"},"_chains":{"BUQU1tK1U8uTrHejMurtlBXC97Hej009cCxgvAh1MtFf":{"chainKey":{"counter":0,"key":"OlVl+/8bs9jVeHbPSNygjAjPG0ReMmtwLweBcz6PowE="},"chainType":2,"messageKeys":{}},"BbKWmavdc2R7M4S2MGQZXK4GjDPM0k48qdawLd0LEIoP":{"chainKey":{"counter":-1,"key":"maVFVBk1P+MiB5XMZ9gbOyTdnf8v3MFrDQzFxzKLQ3g="},"chainType":1,"messageKeys":{}}}}},"version":"v1"}