{"_sessions":{"Bclnb+4cgKt2bIWdJnmPr2NSlT3qVp0rcpYBtw7+0NZj":{"registrationId":1815277945,"currentRatchet":{"ephemeralKeyPair":{"pubKey":"BbGzlqB6P+6Z9sYwu/F45vzxxrCzsd5Ba2nqrBF2mHJV","privKey":"kDXoyRMrAXy3d7D55JcDHYWSuDa1qVvUY/ydukSN82I="},"lastRemoteEphemeralKey":"BXBzHDHSA/ShkiOZshPIx8i62Ann0j8kOjzXukIjI6gJ","previousCounter":0,"rootKey":"D61BRMWSyxa+Rbk1rvGhRo9F0AIL7Bk14hYsgrMSx+g="},"indexInfo":{"baseKey":"Bclnb+4cgKt2bIWdJnmPr2NSlT3qVp0rcpYBtw7+0NZj","baseKeyType":1,"closed":-1,"used":1749062789531,"created":1749062789531,"remoteIdentityKey":"Bb6EQsrpk5P2PSdqUtRkQDDd5kkByR3wTD5zYbVB44he"},"_chains":{"BbGzlqB6P+6Z9sYwu/F45vzxxrCzsd5Ba2nqrBF2mHJV":{"chainKey":{"counter":0,"key":"7PBEB6HP2Dg3vi5vAez7uVDg4N1jjgSEcUYD5u3MSz8="},"chainType":1,"messageKeys":{}}},"pendingPreKey":{"signedKeyId":1,"baseKey":"Bclnb+4cgKt2bIWdJnmPr2NSlT3qVp0rcpYBtw7+0NZj","preKeyId":2862}}},"version":"v1"}