{"_sessions":{"BXsoKp7NaLe9AEYcylqOjK3W4GgkaKt9/xIREKP1fiVA":{"registrationId":1072,"currentRatchet":{"ephemeralKeyPair":{"pubKey":"BbHJ6DbNegu5xCL7UqQE1Nv1wFji2RoOctMzge3eKrJq","privKey":"6IuzAYlcrcLUFyl+AX77MRZN6cO4+P9p5aiahGs2C0s="},"lastRemoteEphemeralKey":"BTjLChkchuI0hZDXVtR4rEUK9mUXWCXcCnoZn0byqs4R","previousCounter":0,"rootKey":"XosUZrm3MhX9C6oKVqi+UGx6ccytT8X0SLsgflLUgDo="},"indexInfo":{"baseKey":"BXsoKp7NaLe9AEYcylqOjK3W4GgkaKt9/xIREKP1fiVA","baseKeyType":1,"closed":-1,"used":1749065747162,"created":1749065747162,"remoteIdentityKey":"Bbv78N546lmJ5u3u8LNIkg2Z32JiXhbEyHeBvwMsEyRv"},"_chains":{"BbHJ6DbNegu5xCL7UqQE1Nv1wFji2RoOctMzge3eKrJq":{"chainKey":{"counter":0,"key":"A5l5jrBIB7VTTfWPxmWjxxwjjV+X/Rd83BmjLV4vrrs="},"chainType":1,"messageKeys":{}}},"pendingPreKey":{"signedKeyId":1,"baseKey":"BXsoKp7NaLe9AEYcylqOjK3W4GgkaKt9/xIREKP1fiVA","preKeyId":801}}},"version":"v1"}