{"_sessions":{"BdEnEWH+ErWmjoYE3d57O8tWbgFLom3T5QH3+lkJPvEo":{"registrationId":2134696695,"currentRatchet":{"ephemeralKeyPair":{"pubKey":"Bf0HmqbIteyJoAl7tEdBpy/eIU84i/KQrmOf2kIICtlq","privKey":"sItaJ8aifanK5UidAWULBboKyyn8Iyt1l7nrrsGQXEk="},"lastRemoteEphemeralKey":"BYOtVdseLIFfCwILEwzFuD89nFUqvrBF5ZlBlVjIdvFb","previousCounter":0,"rootKey":"nU8qZ6uE6eQxptmX+DCfOyM3UooX9hGziQh3UnvXoOo="},"indexInfo":{"baseKey":"BdEnEWH+ErWmjoYE3d57O8tWbgFLom3T5QH3+lkJPvEo","baseKeyType":1,"closed":-1,"used":1749062789649,"created":1749062789649,"remoteIdentityKey":"BSyJy/1VWgjJ6ZxwQEsKwCNlqON2ChoyRjv3mV0TGOMn"},"_chains":{"Bf0HmqbIteyJoAl7tEdBpy/eIU84i/KQrmOf2kIICtlq":{"chainKey":{"counter":0,"key":"jBW9XZ/397qtvUQGGqKT7wHXvRoiQcphDFRzLw6I8/E="},"chainType":1,"messageKeys":{}}},"pendingPreKey":{"signedKeyId":2,"baseKey":"BdEnEWH+ErWmjoYE3d57O8tWbgFLom3T5QH3+lkJPvEo","preKeyId":7119372}}},"version":"v1"}