{"_sessions":{"BU9BX+t4XO3LKt1kP+K0IUhvvf3hDWwX500icEZTuuoy":{"registrationId":582584249,"currentRatchet":{"ephemeralKeyPair":{"pubKey":"Bbf5MtIloCajRgVhREMRN+jtgCJ000oJuWD+nNr7biBn","privKey":"OHSyhWCoUlkUOq3ecWL/T2tHGqp+UpN5hZscjcG64Vs="},"lastRemoteEphemeralKey":"Ba+vgIsOP7eeJnJLUsOty0SNkap4AaqHVL3H1F1cWAQR","previousCounter":0,"rootKey":"A2NfaN3DX2nTTSazReyVBtOymytdg1QjMoykVFFogHo="},"indexInfo":{"baseKey":"BU9BX+t4XO3LKt1kP+K0IUhvvf3hDWwX500icEZTuuoy","baseKeyType":2,"closed":-1,"used":1749119751567,"created":1749119751567,"remoteIdentityKey":"BU4oRKvnNKiR1JFn5X/N3/Z1/jHmXiY3ryZEsJZTHBwz"},"_chains":{"Ba+vgIsOP7eeJnJLUsOty0SNkap4AaqHVL3H1F1cWAQR":{"chainKey":{"counter":0,"key":"iR1alIkgExvoAEKFfOILDWHOBxw3zt2YOvnFwtlSISo="},"chainType":2,"messageKeys":{}},"Bbf5MtIloCajRgVhREMRN+jtgCJ000oJuWD+nNr7biBn":{"chainKey":{"counter":-1,"key":"d/U0LIWX1n7se+gqMsdR1B/XcQaFxLjaHk7Hi5IUCmA="},"chainType":1,"messageKeys":{}}}}},"version":"v1"}