{"_sessions":{"BcFSWQ9s+RU23zTtbkOq1FKYoH3k6C1an2Ci7lQge+la":{"registrationId":9125,"currentRatchet":{"ephemeralKeyPair":{"pubKey":"BWPgR3TIKpqTuFDODZ1UQToEL3nqUYYC8hjcQwFCHfxU","privKey":"aHYQjL27d0dSAOnKKPXHNimHZ7xKU35M8giGmalTOVw="},"lastRemoteEphemeralKey":"BW3jRq+AXrqAPrbFbcPybDQf8y4MPAzjsHAWrEem3ixu","previousCounter":0,"rootKey":"wcXrj8lUmoIanTlkjlugTjeZhVuzp5yKnpcTzxH5+oM="},"indexInfo":{"baseKey":"BcFSWQ9s+RU23zTtbkOq1FKYoH3k6C1an2Ci7lQge+la","baseKeyType":1,"closed":-1,"used":1749062789581,"created":1749062789581,"remoteIdentityKey":"Bf+awgpQUYqZHkmX8keMp3pKZppi3zRO8dg4RA47bmYQ"},"_chains":{"BWPgR3TIKpqTuFDODZ1UQToEL3nqUYYC8hjcQwFCHfxU":{"chainKey":{"counter":0,"key":"zbcH3uKk9SRGMJruhsgHvt+CY9tlhVlyG7YMp8aD+xo="},"chainType":1,"messageKeys":{}}},"pendingPreKey":{"signedKeyId":1,"baseKey":"BcFSWQ9s+RU23zTtbkOq1FKYoH3k6C1an2Ci7lQge+la","preKeyId":5802}}},"version":"v1"}