{"_sessions":{"BXYp8L3kk1WK9s9M/jdI8PO8fMxw2pN++BHAdX1EexAE":{"registrationId":1811920004,"currentRatchet":{"ephemeralKeyPair":{"pubKey":"BYU+SDu8NRl5kRngXZjj2xZyu83yswy/wUCgD68lZysL","privKey":"kEvgDYT+SGfeAJG1RVLKOoVsisc7T2xsSldh+yMVmV8="},"lastRemoteEphemeralKey":"Bac/Nndb7OHajio4/4UcOWydg+tI6m3s90tdzUgobtkO","previousCounter":0,"rootKey":"epnkRhDVgu/Dx8oGAPRBlI+Mtz8ecl4X1PtJViKM3mY="},"indexInfo":{"baseKey":"BXYp8L3kk1WK9s9M/jdI8PO8fMxw2pN++BHAdX1EexAE","baseKeyType":1,"closed":-1,"used":1749062789723,"created":1749062789723,"remoteIdentityKey":"BeHPk8QzVHK1s8OBRmgaLIVErVX1u9YNBzpVVgfQfCUv"},"_chains":{"BYU+SDu8NRl5kRngXZjj2xZyu83yswy/wUCgD68lZysL":{"chainKey":{"counter":0,"key":"wm8HAP0pncDvQ/h+DGOAlpfRYqfrgln4pcoPzYrLqQc="},"chainType":1,"messageKeys":{}}},"pendingPreKey":{"signedKeyId":5,"baseKey":"BXYp8L3kk1WK9s9M/jdI8PO8fMxw2pN++BHAdX1EexAE","preKeyId":14351467}}},"version":"v1"}