{"_sessions":{"BQcgs9LwOfXPwmFXTB64zG0vP5ElRxnoRP5ZUuEGmAp7":{"registrationId":1197035273,"currentRatchet":{"ephemeralKeyPair":{"pubKey":"BQUDwiR5McR5AxRpgFZFsBv/RGCZ+axisyvbi7A6hMQs","privKey":"ABxZrslXZfVSW0Db9fQ/jmue2S5h0IwtkQU6BPPwnlE="},"lastRemoteEphemeralKey":"BRkQ/WqUUTfQc7jVgerdhirazX18n605Va1+Z3F3v2BA","previousCounter":0,"rootKey":"PYs1nh2FFQ9LjXuKUWkiOl86s7Gyb4p1LqEOTMxmIeQ="},"indexInfo":{"baseKey":"BQcgs9LwOfXPwmFXTB64zG0vP5ElRxnoRP5ZUuEGmAp7","baseKeyType":1,"closed":-1,"used":1749048596531,"created":1749048596531,"remoteIdentityKey":"BYrVKdsli2F3+mqm0vFz2IWZSK8oWOLGPlKIpnbxJfFm"},"_chains":{"BQUDwiR5McR5AxRpgFZFsBv/RGCZ+axisyvbi7A6hMQs":{"chainKey":{"counter":0,"key":"k79d1f4lP2VhvGOnqle7GFAKwNbvAR1YIjtQW/FWhAY="},"chainType":1,"messageKeys":{}}},"pendingPreKey":{"signedKeyId":2,"baseKey":"BQcgs9LwOfXPwmFXTB64zG0vP5ElRxnoRP5ZUuEGmAp7","preKeyId":8940902}}},"version":"v1"}