{"_sessions":{"BeF0avilTTSevDHHesd/hMlgTNDc0MKB9TyHNUQSfo9y":{"registrationId":1231738180,"currentRatchet":{"ephemeralKeyPair":{"pubKey":"Be8Y3fQ74sVfGQO3YU2xjnytoxS3pzGU4jL1F4cXiUUU","privKey":"wD1Ky1qa37htv56QgAIRYhBKxvFSKTqHu3jbHpvyHXE="},"lastRemoteEphemeralKey":"BeaQb041REChTCAH4QklaT5rCYbTYq3fAMnSn3dKDBcq","previousCounter":0,"rootKey":"x5F1T09SAhCNj1/4zf2r3txhNWN3p1KX27uFODbkUVg="},"indexInfo":{"baseKey":"BeF0avilTTSevDHHesd/hMlgTNDc0MKB9TyHNUQSfo9y","baseKeyType":1,"closed":-1,"used":1749062789686,"created":1749062789686,"remoteIdentityKey":"Bem7nxW8OzXpW+l9oCRtFfC+2gKcaG0zgzeLBBNPbgMw"},"_chains":{"Be8Y3fQ74sVfGQO3YU2xjnytoxS3pzGU4jL1F4cXiUUU":{"chainKey":{"counter":0,"key":"JyDA5HyXunUG+J85KajTvRM1TmqmxmjuLThaoBEWJLI="},"chainType":1,"messageKeys":{}}},"pendingPreKey":{"signedKeyId":0,"baseKey":"BeF0avilTTSevDHHesd/hMlgTNDc0MKB9TyHNUQSfo9y","preKeyId":7379280}}},"version":"v1"}