{"_sessions":{"Bf9a2Mxth6r11kX9zdvT/KhHEMSKDkikT87xdjGd6etv":{"registrationId":1816108084,"currentRatchet":{"ephemeralKeyPair":{"pubKey":"BfSz5PgUTaZSmxA1MnZ37eqPQMs6c4Ishx5ybqcmiHxo","privKey":"qMbsLiaFAVY6bSy9TpUpbxdDfFyXt6zSSEdHTNATvWI="},"lastRemoteEphemeralKey":"BV9JawEC53MPIPdoH6YTaK6mtU3i3qvLuBPYJq2wC1NO","previousCounter":0,"rootKey":"NP6uyjwDz0NJU6X8hGIm1+A2NMMAPzCHBn8h+a70pSE="},"indexInfo":{"baseKey":"Bf9a2Mxth6r11kX9zdvT/KhHEMSKDkikT87xdjGd6etv","baseKeyType":1,"closed":-1,"used":1749062789659,"created":1749062789659,"remoteIdentityKey":"BfddYEDXwuU3C0GHSilz0nXCsHmEFOvqjEwELTdBgzQR"},"_chains":{"BfSz5PgUTaZSmxA1MnZ37eqPQMs6c4Ishx5ybqcmiHxo":{"chainKey":{"counter":0,"key":"dt66+ezOvAFAnpzDYzguqplEhlfkrh8qksuBR7Lq2ko="},"chainType":1,"messageKeys":{}}},"pendingPreKey":{"signedKeyId":1,"baseKey":"Bf9a2Mxth6r11kX9zdvT/KhHEMSKDkikT87xdjGd6etv","preKeyId":9943995}}},"version":"v1"}