{"_sessions":{"BU8DWRdbfixxhve93KNzoIlEecPHH7DXCY6Sv8kgK908":{"registrationId":439372384,"currentRatchet":{"ephemeralKeyPair":{"pubKey":"BVTUxQJ52sQgtWj7fFe+mhhTWRfED3cM3fr8Re1caj5h","privKey":"ACDPL3SWeyoj6WlfANpYVPtx4L0u4y2URJ4A3dh/UUA="},"lastRemoteEphemeralKey":"BdQB7QN/OKPeKvUQerIbqonlAIk3HrfqhQEMxDqIyU4Y","previousCounter":0,"rootKey":"YJoWNcZfxgeFsoZoCfdR0spyGAQQ5dsycPw+C3dbjRI="},"indexInfo":{"baseKey":"BU8DWRdbfixxhve93KNzoIlEecPHH7DXCY6Sv8kgK908","baseKeyType":1,"closed":-1,"used":1749062789767,"created":1749062789767,"remoteIdentityKey":"BXXmrrj20U5eUOfm+A0EqcEFemRHyxhXt084YeCH1f4s"},"_chains":{"BVTUxQJ52sQgtWj7fFe+mhhTWRfED3cM3fr8Re1caj5h":{"chainKey":{"counter":0,"key":"xA7Ubd4pNJ3r9eMa3TBOCGP9MJ+6AmEldGqaJedDk1M="},"chainType":1,"messageKeys":{}}},"pendingPreKey":{"signedKeyId":1,"baseKey":"BU8DWRdbfixxhve93KNzoIlEecPHH7DXCY6Sv8kgK908"}}},"version":"v1"}