{"_sessions":{"BdqnAqA2AP0cgPb3aAuFyBUej0DESHCBf5Ojg79EZqhg":{"registrationId":1066,"currentRatchet":{"ephemeralKeyPair":{"pubKey":"BTt67q+S/TIYBfpy3W8krQimZLlbMKmWkmIRZpj2A1Ur","privKey":"mN9zB4aBSK+kIp4kQcOGWRhKMjgeNW+GintPwQ8mxU8="},"lastRemoteEphemeralKey":"BVlvrvwyNHNMVC9kSRmtu304xJ15lIhK8ZqHTa/WEvB9","previousCounter":0,"rootKey":"8B0iIe8XzfDnQQXBXisa9Mmth1h+3WYxJVufoKQ2GL8="},"indexInfo":{"baseKey":"BdqnAqA2AP0cgPb3aAuFyBUej0DESHCBf5Ojg79EZqhg","baseKeyType":1,"closed":-1,"used":1749062789586,"created":1749062789586,"remoteIdentityKey":"BXXuPjE5RDTt5sBLG3IW6eCcZMIKsUJPQhQnm0+mafcF"},"_chains":{"BTt67q+S/TIYBfpy3W8krQimZLlbMKmWkmIRZpj2A1Ur":{"chainKey":{"counter":0,"key":"2gyZcFf2uydv97foQ2W4rHxVZDxw/Zd7bQBq6uTks0k="},"chainType":1,"messageKeys":{}}},"pendingPreKey":{"signedKeyId":1,"baseKey":"BdqnAqA2AP0cgPb3aAuFyBUej0DESHCBf5Ojg79EZqhg","preKeyId":522}}},"version":"v1"}