{"_sessions":{"BS89vWgSwPwYNMtHyQjGVsv6Xhbl7RuCtorHaQnOGAF8":{"registrationId":14050258,"currentRatchet":{"ephemeralKeyPair":{"pubKey":"BXAoJhbs2O8TxBQzrLTfEF4yJtxdEj5YqzTOomnP/qlE","privKey":"mJlqx8LU0OMoTU8OQIRF2SSvUAmLecBTbrX2i8hGTGM="},"lastRemoteEphemeralKey":"BZZ5eRnOGm8NWqMtrG4VAwmCjQh/QDyhKRfdJDEw3XA8","previousCounter":0,"rootKey":"1koyxc4pMprqdwQZxQDxMPja7JrlnyxMPCQJdkpXHkU="},"indexInfo":{"baseKey":"BS89vWgSwPwYNMtHyQjGVsv6Xhbl7RuCtorHaQnOGAF8","baseKeyType":1,"closed":-1,"used":1749062789697,"created":1749062789697,"remoteIdentityKey":"BW78Dv6rg4k7n7uqMtSJIH6RflLWwcSZqfmofb7S0DAh"},"_chains":{"BXAoJhbs2O8TxBQzrLTfEF4yJtxdEj5YqzTOomnP/qlE":{"chainKey":{"counter":0,"key":"yJ1Y2HTUKArEuLHm1WWf8yNRcrY0hQa6FWrvjcxbkLA="},"chainType":1,"messageKeys":{}}},"pendingPreKey":{"signedKeyId":9,"baseKey":"BS89vWgSwPwYNMtHyQjGVsv6Xhbl7RuCtorHaQnOGAF8","preKeyId":13737761}}},"version":"v1"}