{"_sessions":{"BbCAbg4oLpZWzm4JQNolpjng1vE9YnH685fPoJLees08":{"registrationId":1457654541,"currentRatchet":{"ephemeralKeyPair":{"pubKey":"BbI0lQ2089yYPhhSsA9554KjX+cY1Tt7jd+1vLaX2s8s","privKey":"EJYRy4DDpomodAhvzcIKTEUvWt2d/NalCcwyWaEuhXI="},"lastRemoteEphemeralKey":"BQtn+hVY7bNr/hY4Z4DQ8kabgq0Cy7VFNPdSFGgWJdk4","previousCounter":0,"rootKey":"px3agGPLstsJmCE/bQo0tlJSWSt8/XGB6E14R+cbihE="},"indexInfo":{"baseKey":"BbCAbg4oLpZWzm4JQNolpjng1vE9YnH685fPoJLees08","baseKeyType":2,"closed":-1,"used":1749122790302,"created":1749122790302,"remoteIdentityKey":"BWyCd5Ub+BBylzoJsdS7WO/iLlgwlxEJQDSDrjsLUt1m"},"_chains":{"BQtn+hVY7bNr/hY4Z4DQ8kabgq0Cy7VFNPdSFGgWJdk4":{"chainKey":{"counter":0,"key":"J0SpMpHMIR6TBlcMHUb1sOXMsJg8FMDvq//Mj7RVbLM="},"chainType":2,"messageKeys":{}},"BbI0lQ2089yYPhhSsA9554KjX+cY1Tt7jd+1vLaX2s8s":{"chainKey":{"counter":-1,"key":"8JXaGjE88H1Mab1pIQ2urvXF9qIjpxajSZT+ee/nw/A="},"chainType":1,"messageKeys":{}}}}},"version":"v1"}