{"_sessions":{"BegYyCU+8sxU9QZS+gg/H3I8lJUaNjqx097qHStaUGp7":{"registrationId":1036646022,"currentRatchet":{"ephemeralKeyPair":{"pubKey":"BQgIANYbuYkg7j9Yd0dtiv3+qtbEucZtR8usqahh1+0z","privKey":"OG3XBRSgrwkn6vNU+sL1BZl6BhIIa7LNbmqqHKSo718="},"lastRemoteEphemeralKey":"Bf59gbdDxWWxlVqEuYgeQCN+4oz1SQ5rTi0hUYecftpy","previousCounter":0,"rootKey":"QaDrr2eMTeS3VPeUip7AgFww08mky0DcREGFoj4oV+k="},"indexInfo":{"baseKey":"BegYyCU+8sxU9QZS+gg/H3I8lJUaNjqx097qHStaUGp7","baseKeyType":1,"closed":-1,"used":1749062789520,"created":1749062789520,"remoteIdentityKey":"Bar/VYjWYGZR0GYLkNpGHAOCVasY01H0/XP5PMA+zl58"},"_chains":{"BQgIANYbuYkg7j9Yd0dtiv3+qtbEucZtR8usqahh1+0z":{"chainKey":{"counter":0,"key":"7c18snvyjkwcog9Avxwj5Ba2wU6807TPiZhNXp6ffFM="},"chainType":1,"messageKeys":{}}},"pendingPreKey":{"signedKeyId":1,"baseKey":"BegYyCU+8sxU9QZS+gg/H3I8lJUaNjqx097qHStaUGp7","preKeyId":2669}}},"version":"v1"}