{"_sessions":{"BUwe+j8Gs3y9do5fXrQBn0/bj5xFajZWLRPVxfyjE89B":{"registrationId":3961,"currentRatchet":{"ephemeralKeyPair":{"pubKey":"BUNrLfECIUtwe+Duhw8Bdtm8xYEws9sLPyJpeolj12lO","privKey":"CCgS7dEsVjlkb5DO6DUR9HhzRO4IRHh1F189Z2mQVl8="},"lastRemoteEphemeralKey":"BYv9N4whn8GWwLgssvg7iZPFYs2768ZWgn+w8qR4IPNe","previousCounter":0,"rootKey":"u+5Ch2ioFSCE08zp0U9cnfmbDMkStSKotC/cq8/4PIM="},"indexInfo":{"baseKey":"BUwe+j8Gs3y9do5fXrQBn0/bj5xFajZWLRPVxfyjE89B","baseKeyType":1,"closed":-1,"used":1749062789578,"created":1749062789578,"remoteIdentityKey":"BRO8llgIRbsuN0fR8eTUlqe92XTVcLycC6MDjzWJ22Yz"},"_chains":{"BUNrLfECIUtwe+Duhw8Bdtm8xYEws9sLPyJpeolj12lO":{"chainKey":{"counter":0,"key":"x0ZduRjDLUblcE6D3WgPPKl4XdJh5jLPEG7qS75Hp0g="},"chainType":1,"messageKeys":{}}},"pendingPreKey":{"signedKeyId":1,"baseKey":"BUwe+j8Gs3y9do5fXrQBn0/bj5xFajZWLRPVxfyjE89B","preKeyId":2049}}},"version":"v1"}