{"_sessions":{"BXOuiBtJ3f5ALOD8eVYn/WPrvrqPhnMhp+wDUXVy6jd9":{"registrationId":5413,"currentRatchet":{"ephemeralKeyPair":{"pubKey":"BY9WzyatadFxK0qTxLglA4xFhbOXQv9Mn4y804QWPHNL","privKey":"SLTL+wRs4+EPaXijqe5P9S0KjWb4j2ZVx93p9uS4mnY="},"lastRemoteEphemeralKey":"BQcrfYqLoylQucv90o2PiXWmmyOXCINUfRpciLH8lh9y","previousCounter":0,"rootKey":"WyuNU6MCO2JyuqcMAAlZQw+bZWo7P5kgD6EPTIkB7wE="},"indexInfo":{"baseKey":"BXOuiBtJ3f5ALOD8eVYn/WPrvrqPhnMhp+wDUXVy6jd9","baseKeyType":1,"closed":-1,"used":1749062789522,"created":1749062789522,"remoteIdentityKey":"BW2htgAzoW45HNXofaHUa4ApS3GDfnO8zUDCrAeYf91r"},"_chains":{"BY9WzyatadFxK0qTxLglA4xFhbOXQv9Mn4y804QWPHNL":{"chainKey":{"counter":0,"key":"aN6qBNjd07mr3PxFXkFpsvl1UTuSwN9H7NozS4JwGhg="},"chainType":1,"messageKeys":{}}},"pendingPreKey":{"signedKeyId":1,"baseKey":"BXOuiBtJ3f5ALOD8eVYn/WPrvrqPhnMhp+wDUXVy6jd9","preKeyId":481}}},"version":"v1"}