{"_sessions":{"Ba94srplrAuDqczAnihZvSqNkyXhSST1S/gurfmQZddy":{"registrationId":1875526890,"currentRatchet":{"ephemeralKeyPair":{"pubKey":"BVfo9lwa13toHk1ahNWmcYYEpVUCcOltvnVDq+Stor5J","privKey":"AEcAt4tN3+NnJpkTg4g/ZCueuWqSjxsKzXqR1tXeIHc="},"lastRemoteEphemeralKey":"BdgPmkMIFTaWD4Tx1PEszAKqUQ/LFg+kpnQexgEF1ANt","previousCounter":0,"rootKey":"jAHDaBGk1m+ZEjEY4NHBvLVkIIze3r4M1nsu7n8t1Xk="},"indexInfo":{"baseKey":"Ba94srplrAuDqczAnihZvSqNkyXhSST1S/gurfmQZddy","baseKeyType":1,"closed":-1,"used":1749062789721,"created":1749062789721,"remoteIdentityKey":"BS4PrVvuFMXF+uP618P2v7mEz8Ntv5sCFiOR7PbWv0B7"},"_chains":{"BVfo9lwa13toHk1ahNWmcYYEpVUCcOltvnVDq+Stor5J":{"chainKey":{"counter":0,"key":"aiACADNy+O6TS4afV+XUDT7bgDVuBHLPHqe158VzAdg="},"chainType":1,"messageKeys":{}}},"pendingPreKey":{"signedKeyId":23,"baseKey":"Ba94srplrAuDqczAnihZvSqNkyXhSST1S/gurfmQZddy","preKeyId":12011163}}},"version":"v1"}