{"_sessions":{"BQnh+MvxprPhnacBOZh6V7fHffvoBqo/10h4HNiD0QgT":{"registrationId":63885688,"currentRatchet":{"ephemeralKeyPair":{"pubKey":"BSt5tOE2C0QNZONWus0+YJvsQhL9AUCF/uVsUcqxp1l6","privKey":"UGzoBn6NA8DYgSZE0v2a/fL9DjiRl6UdrzhJGBw6wEI="},"lastRemoteEphemeralKey":"BZuszBPGICbsX5ImdO3UyXgCamikUZwIwdOF5s7usL8v","previousCounter":0,"rootKey":"ySpMo0W6YxhAl4/+b9yB5vucX29qbcyGe/8pzt/YhG0="},"indexInfo":{"baseKey":"BQnh+MvxprPhnacBOZh6V7fHffvoBqo/10h4HNiD0QgT","baseKeyType":2,"closed":-1,"used":1749118696254,"created":1749118696254,"remoteIdentityKey":"BZcveg35c7hbeYHf0Qcgge8F8VUfMCCfX68BsOP8mus2"},"_chains":{"BZuszBPGICbsX5ImdO3UyXgCamikUZwIwdOF5s7usL8v":{"chainKey":{"counter":0,"key":"tWY/Eg/RFolEl2lDJtPBRmvaU1qRyu8I5ncNMaUWUGw="},"chainType":2,"messageKeys":{}},"BSt5tOE2C0QNZONWus0+YJvsQhL9AUCF/uVsUcqxp1l6":{"chainKey":{"counter":-1,"key":"u2KFHoa8RHopxxVne6xt2fdApPGmbWnydEsREwbcfeA="},"chainType":1,"messageKeys":{}}}}},"version":"v1"}