{"_sessions":{"BRMuOnhETeE5MNfdcMdtK9DRMZTrc9/9VlepO/lcUslT":{"registrationId":241,"currentRatchet":{"ephemeralKeyPair":{"pubKey":"BWkyOu/o8vji7cOdOfNrCA7zRmzFada4CMjV73FXbitg","privKey":"cKg6JO6CAEFaYhM8N8/yVS1vFe48juEel2dbD3wBS0g="},"lastRemoteEphemeralKey":"BVhGgwaMPEJ68wUmMXv+51aqQu4cXL9oU9sHjCIifSV8","previousCounter":0,"rootKey":"zDxHd4gsm+k1UfgkuWcuvYm2mKHmNphqGQxics7JJXU="},"indexInfo":{"baseKey":"BRMuOnhETeE5MNfdcMdtK9DRMZTrc9/9VlepO/lcUslT","baseKeyType":1,"closed":-1,"used":1749048596493,"created":1749048596493,"remoteIdentityKey":"BXC39bFPB0KeKd1qDNTm5sHlHIMNmYig4rXAMM9XipUk"},"_chains":{"BWkyOu/o8vji7cOdOfNrCA7zRmzFada4CMjV73FXbitg":{"chainKey":{"counter":0,"key":"uIxZ4wazVeSIjczr26jr4sNJ2Et3NHjwrpOm2upg/iw="},"chainType":1,"messageKeys":{}}},"pendingPreKey":{"signedKeyId":1,"baseKey":"BRMuOnhETeE5MNfdcMdtK9DRMZTrc9/9VlepO/lcUslT"}}},"version":"v1"}