{"_sessions":{"BYITkRt9JfRCWmciluzRQWupC9xpAtGUo3Wzr0TUdKgR":{"registrationId":985821651,"currentRatchet":{"ephemeralKeyPair":{"pubKey":"Be2iE7fBykJ0bQ5aKmnUhSMKKzJuiMboGLZjU919MP4K","privKey":"EHeqEeygHi96lmOb2M6XcGCyCMIaCDQ7IBf5vpAiQ0s="},"lastRemoteEphemeralKey":"BZzMKLL2M4WN1kb7Dyy+UVaTDULT+0u92uJBXk/ttmJx","previousCounter":0,"rootKey":"5eLaYeT+VGsQKGL/aBl/4O6XNYBmyEd1rwsp96Trcfk="},"indexInfo":{"baseKey":"BYITkRt9JfRCWmciluzRQWupC9xpAtGUo3Wzr0TUdKgR","baseKeyType":1,"closed":-1,"used":1749062789677,"created":1749062789677,"remoteIdentityKey":"BXG9bYS7vXMe3XF9G4YTtr0y5wCE2q9tB9Pb31YxIrIU"},"_chains":{"Be2iE7fBykJ0bQ5aKmnUhSMKKzJuiMboGLZjU919MP4K":{"chainKey":{"counter":0,"key":"wIPRALp1SsMzh8sH855wxBODx220BALJ/gRXGfJk08Y="},"chainType":1,"messageKeys":{}}},"pendingPreKey":{"signedKeyId":2,"baseKey":"BYITkRt9JfRCWmciluzRQWupC9xpAtGUo3Wzr0TUdKgR"}}},"version":"v1"}