{"_sessions":{"BZBbfCVsB1N6+utPZhcoXnLFjfCUGEnycJRKRN//TMJc":{"registrationId":163,"currentRatchet":{"ephemeralKeyPair":{"pubKey":"BU3g8uRojmMj9+5tMJelIoGVyOA9g/hbqnRe4hM2MuhR","privKey":"MHE2NZv9p8Ny+541uKT8+anUBwx6Ok0kddDzWs+Wq0c="},"lastRemoteEphemeralKey":"BSaPbgO/7FN+WM+bupeqymfi++VLAyxaq0DxUQq9DZoG","previousCounter":0,"rootKey":"OCC1S+M8ozq7A2tRVHvFYQlngCFYfcPjhjanQQLe5SY="},"indexInfo":{"baseKey":"BZBbfCVsB1N6+utPZhcoXnLFjfCUGEnycJRKRN//TMJc","baseKeyType":1,"closed":-1,"used":1749062789477,"created":1749062789477,"remoteIdentityKey":"Bc+VnXdf/QWjW7ScyiGNBFqLz/VRz9rmewop3trVHbl3"},"_chains":{"BU3g8uRojmMj9+5tMJelIoGVyOA9g/hbqnRe4hM2MuhR":{"chainKey":{"counter":0,"key":"0rKkbGHhXXCqBg1rFtm6+YJjpuFZVq8mr0L70HkFMa0="},"chainType":1,"messageKeys":{}}},"pendingPreKey":{"signedKeyId":1,"baseKey":"BZBbfCVsB1N6+utPZhcoXnLFjfCUGEnycJRKRN//TMJc"}}},"version":"v1"}