{"_sessions":{"BWJFkykd7WG0PIQnEWX9LaPutuqtmiz4ofPSCjGRlvF+":{"registrationId":1872933582,"currentRatchet":{"ephemeralKeyPair":{"pubKey":"BdsfN5CIUaYPotJ1mkoTd9NE6FwhgRWTC0s4jixnQ0Ar","privKey":"eNvNL3CMqCDOXIip20+CSRtWhukJ4cC+QV4VGXO4oGA="},"lastRemoteEphemeralKey":"BUivGOrwymSGomLxQqjaubPjYleByg1aFwXUj8cAdrUh","previousCounter":0,"rootKey":"IMhGaF86pXEoI39L/1qk6SOmyslt6amUjWEzSQPCWAs="},"indexInfo":{"baseKey":"BWJFkykd7WG0PIQnEWX9LaPutuqtmiz4ofPSCjGRlvF+","baseKeyType":1,"closed":-1,"used":1749062789769,"created":1749062789769,"remoteIdentityKey":"BWxfd2PgpjLpkSZeeqGJNf8O6/WEtAGRQsELFLK9U+t/"},"_chains":{"BdsfN5CIUaYPotJ1mkoTd9NE6FwhgRWTC0s4jixnQ0Ar":{"chainKey":{"counter":0,"key":"jslym7Wop4+OiVCZPx5cMHfdAiE0saU1ck5KMmvbBCU="},"chainType":1,"messageKeys":{}}},"pendingPreKey":{"signedKeyId":2,"baseKey":"BWJFkykd7WG0PIQnEWX9LaPutuqtmiz4ofPSCjGRlvF+","preKeyId":2547921}}},"version":"v1"}