{"_sessions":{"BW6MCdpOPYvuBqaB2hMpomGUV9+SqcfUgLzDyX4h2wFo":{"registrationId":4956,"currentRatchet":{"ephemeralKeyPair":{"pubKey":"BQAD8CajT1kf5ys0FJi1ustpgsanFh564991lDrczPJF","privKey":"UHA7aaloVGg70KEoCkBNTKPMNZPLrc9mmpPUbF8KykA="},"lastRemoteEphemeralKey":"BWFktQPb9ecTzay400sbdds6xj81ZgtO0gUh9HapmINo","previousCounter":0,"rootKey":"ASyVfODuVRqmqP0IQ89AKB2fNGMnJzjHwND2Xh2Amd8="},"indexInfo":{"baseKey":"BW6MCdpOPYvuBqaB2hMpomGUV9+SqcfUgLzDyX4h2wFo","baseKeyType":1,"closed":-1,"used":1749062789635,"created":1749062789635,"remoteIdentityKey":"BfxmVDBJz26CIil/gFu+QslaJnDo9/Ahbbf0TgmNsPJM"},"_chains":{"BQAD8CajT1kf5ys0FJi1ustpgsanFh564991lDrczPJF":{"chainKey":{"counter":0,"key":"HNUkrDATSWishFCJVVaETqRQr9nYEPdUrWuGAC6lkfQ="},"chainType":1,"messageKeys":{}}},"pendingPreKey":{"signedKeyId":1,"baseKey":"BW6MCdpOPYvuBqaB2hMpomGUV9+SqcfUgLzDyX4h2wFo","preKeyId":1858}}},"version":"v1"}