{"_sessions":{"BXbK3JOFjFpyGAOgLypyBl+LVbTFlm15gAwDwOxrfCEy":{"registrationId":4782,"currentRatchet":{"ephemeralKeyPair":{"pubKey":"BThrRvkFqlcJX7K3ac0fIRm2xBDmuPigYw1JkrhvsRME","privKey":"IDRmh3yueLci00NTqVRLRDLyZLDSqY0Xjs9dLJ6ccU4="},"lastRemoteEphemeralKey":"Bc6Gsn59XmZWDgxVVSF3cscKCwTIeUGTPJ0xqgilSLwa","previousCounter":0,"rootKey":"5uV8DFxy0BfQaDFTFe85Zf2O0eRPEy7xMQrAr+sTd/o="},"indexInfo":{"baseKey":"BXbK3JOFjFpyGAOgLypyBl+LVbTFlm15gAwDwOxrfCEy","baseKeyType":1,"closed":-1,"used":1749062789613,"created":1749062789613,"remoteIdentityKey":"BW6+6PQn+HGPJIxaSVWuDu3jOv5miJusPmS6imW0MnhR"},"_chains":{"BThrRvkFqlcJX7K3ac0fIRm2xBDmuPigYw1JkrhvsRME":{"chainKey":{"counter":0,"key":"jIvSTkDCK0GdT1RciFKgB/4zTH6Tq8XZM9Hu8OcCP0U="},"chainType":1,"messageKeys":{}}},"pendingPreKey":{"signedKeyId":1,"baseKey":"BXbK3JOFjFpyGAOgLypyBl+LVbTFlm15gAwDwOxrfCEy"}}},"version":"v1"}