{"_sessions":{"BSR4pRpHjtWMnWLXW5yytBWDF64kYH35/SGIwboz7DJR":{"registrationId":221551782,"currentRatchet":{"ephemeralKeyPair":{"pubKey":"BfjGPBL35prx4+ZGqb5gIuL5m+5biryXoLrldqFhto8J","privKey":"+LmLZrPRoE339qrC7B9YKXDg+9UKhxVs0bdKMFjWaHE="},"lastRemoteEphemeralKey":"BesPuiqY+AK4ZVRNO0a2jEQQ979PbbDabXz8TCHcSP1p","previousCounter":0,"rootKey":"fTrPjK6c7vbYXuVRPsJjrF6S1W70z7yk1hDkRBrO8RY="},"indexInfo":{"baseKey":"BSR4pRpHjtWMnWLXW5yytBWDF64kYH35/SGIwboz7DJR","baseKeyType":1,"closed":-1,"used":1749062789506,"created":1749062789506,"remoteIdentityKey":"BQGpAWvOsWlQiFL9kXxE43eeqlkSLP0Fp1EADwexrfpR"},"_chains":{"BfjGPBL35prx4+ZGqb5gIuL5m+5biryXoLrldqFhto8J":{"chainKey":{"counter":0,"key":"8Z4R0jbP8OcUAVZwneuuCGICgHEO5+pZIYYaXf6Cegs="},"chainType":1,"messageKeys":{}}},"pendingPreKey":{"signedKeyId":92,"baseKey":"BSR4pRpHjtWMnWLXW5yytBWDF64kYH35/SGIwboz7DJR","preKeyId":2480}}},"version":"v1"}