{"_sessions":{"BUC63z5EPb/bIjapmgdgkYDevOqfkLWqeN0t6ueKtFho":{"registrationId":846380743,"currentRatchet":{"ephemeralKeyPair":{"pubKey":"BcofdGp5/bVgR5Yi123BsrSejtnGFcLfJej3RmJ0I3F/","privKey":"+Ce44CqHQ7l79OuU80jvW8eK8raDMRNIvuHmTK93AGs="},"lastRemoteEphemeralKey":"Ba83SZ09DgvGV87VG71sNIjQIyo6Ha+t+R82xiNCU+FU","previousCounter":0,"rootKey":"jwMRiNItf+E3dIqgbYBsi43nGQ0sO03ltaRoVMwCGGY="},"indexInfo":{"baseKey":"BUC63z5EPb/bIjapmgdgkYDevOqfkLWqeN0t6ueKtFho","baseKeyType":2,"closed":-1,"used":1749118697974,"created":1749118697974,"remoteIdentityKey":"BQU/5Yb8wc02URhkp5SAWjKar5mW3WL38XI9+04R7t5i"},"_chains":{"Ba83SZ09DgvGV87VG71sNIjQIyo6Ha+t+R82xiNCU+FU":{"chainKey":{"counter":0,"key":"kq/gbTRSRJVxy2VRlVI5UPGE0PkfOCmxzFmW3llgGsM="},"chainType":2,"messageKeys":{}},"BcofdGp5/bVgR5Yi123BsrSejtnGFcLfJej3RmJ0I3F/":{"chainKey":{"counter":-1,"key":"JjJ+UuEeWCCp/eyFZ1Q9byI6rQwpPYuEZrXPWSerjVc="},"chainType":1,"messageKeys":{}}}}},"version":"v1"}