{"_sessions":{"BeJhz2xrf8v9XnXMq6NEd500ItFZHdWbg8+ed6sLyU1C":{"registrationId":186,"currentRatchet":{"ephemeralKeyPair":{"pubKey":"BWKPw/Xp8VpTdIXJsRY/yyAxDdSMwdp8vDbAy9cuYSRf","privKey":"OJ8i6iBN6ZE3V1GHA2pbFe3Skwpc4KJL6/hIDv7r2Es="},"lastRemoteEphemeralKey":"BSG5w8H5nr36670jR0xK6VBmSwBdAajzqWdPOOa7UtI7","previousCounter":0,"rootKey":"gThqx6ipo52J3zq7U/Uu9S8+bgvX4ADY6XU57cYitWo="},"indexInfo":{"baseKey":"BeJhz2xrf8v9XnXMq6NEd500ItFZHdWbg8+ed6sLyU1C","baseKeyType":1,"closed":-1,"used":1749062789573,"created":1749062789573,"remoteIdentityKey":"BY4o6O5IMc8jCDWhhEFCeTUD45rziA2Ss7XUk3I4fZ0Y"},"_chains":{"BWKPw/Xp8VpTdIXJsRY/yyAxDdSMwdp8vDbAy9cuYSRf":{"chainKey":{"counter":0,"key":"TWySETjK6ueL1Ug9GsHu5MioyB/xJXpC75EFjw1bHiU="},"chainType":1,"messageKeys":{}}},"pendingPreKey":{"signedKeyId":1,"baseKey":"BeJhz2xrf8v9XnXMq6NEd500ItFZHdWbg8+ed6sLyU1C"}}},"version":"v1"}