{"_sessions":{"BViZQ8Sn+7hTmyMQeK4uYLZxhJxr3p/nomrbmCsP8dY+":{"registrationId":1588445435,"currentRatchet":{"ephemeralKeyPair":{"pubKey":"BYDwHOCK+shDnqoX4eytKrAqw99dOMwzl7XqARzjALoW","privKey":"sHSixgURMlviJiq8XvsVDjddLceNpBXyRjieIpvToVk="},"lastRemoteEphemeralKey":"BcRdLhCLrOpoF2699w9Gz2sPAGAK6UzriEGc5Zln+ikC","previousCounter":0,"rootKey":"unC5TqGrlHtvjaWdI1lAbUfwuHYphecbB9iW8tTvxWI="},"indexInfo":{"baseKey":"BViZQ8Sn+7hTmyMQeK4uYLZxhJxr3p/nomrbmCsP8dY+","baseKeyType":1,"closed":-1,"used":1749048596516,"created":1749048596516,"remoteIdentityKey":"BclcuTQ5ukJSsg5b6R2jL0wxTIpY1vv+zQ40iBT8Gks4"},"_chains":{"BYDwHOCK+shDnqoX4eytKrAqw99dOMwzl7XqARzjALoW":{"chainKey":{"counter":0,"key":"N+L2dl7yswY8Op1UhXH6On1T+7kOi1EdbZP81r8eePw="},"chainType":1,"messageKeys":{}}},"pendingPreKey":{"signedKeyId":3,"baseKey":"BViZQ8Sn+7hTmyMQeK4uYLZxhJxr3p/nomrbmCsP8dY+","preKeyId":11196340}}},"version":"v1"}