{"_sessions":{"BZA+pDPt1SUgyaKxro/X4LvTfMFvsGH0TI23ylsLVR9f":{"registrationId":133,"currentRatchet":{"ephemeralKeyPair":{"pubKey":"BYP4yNed7K7FlIvxQVt+luFM3BIyH4s5GTq4LEv9nZlu","privKey":"OKIGwkzWsVMdaIFpGK1f56bXhPMATxe14yuFBbP4gm4="},"lastRemoteEphemeralKey":"BSZd2JgFLLgzRwyqX7E0IDSYOFmV+tClNNrAAeabKS0Y","previousCounter":0,"rootKey":"axuDzcrQ5e5/8/oAACG6r44us9Ed1EgZLT6epSMHKgE="},"indexInfo":{"baseKey":"BZA+pDPt1SUgyaKxro/X4LvTfMFvsGH0TI23ylsLVR9f","baseKeyType":1,"closed":-1,"used":1749062789557,"created":1749062789557,"remoteIdentityKey":"BbDckiXMIazLVnONeAmjDBF6Sx8fYIeypbvVOzYwGI8g"},"_chains":{"BYP4yNed7K7FlIvxQVt+luFM3BIyH4s5GTq4LEv9nZlu":{"chainKey":{"counter":0,"key":"aN7VlVrwRBWKowcdm0OtcnYbFelcfXw6BlGznSGNrbo="},"chainType":1,"messageKeys":{}}},"pendingPreKey":{"signedKeyId":1,"baseKey":"BZA+pDPt1SUgyaKxro/X4LvTfMFvsGH0TI23ylsLVR9f"}}},"version":"v1"}