{"_sessions":{"Bf2iRw6EJ/r5NuVwxQrMkuOYAAVtqJSEKInevvKNm70Z":{"registrationId":1598250948,"currentRatchet":{"ephemeralKeyPair":{"pubKey":"Bdj+1QTs6Z1skc3W7+KTv66nabewwfQaKHZnlOUEWfMa","privKey":"qKeBUTyPamGaCmv3g9Kz3NIPdN8/Go7Hk/lTP0QabFc="},"lastRemoteEphemeralKey":"BW11EthqvUH0GtXl4MCzif8tLQ+eMjKjTAqKSz6HR8dR","previousCounter":0,"rootKey":"78jf+61JMHyGk8sVEi1qV/JWW6Az5M+Yc4IToUSh2co="},"indexInfo":{"baseKey":"Bf2iRw6EJ/r5NuVwxQrMkuOYAAVtqJSEKInevvKNm70Z","baseKeyType":2,"closed":-1,"used":1749118696983,"created":1749118696983,"remoteIdentityKey":"BXcf5F2rqGohicX6zwH76V97OHC9msWpRZNOaVk0LZNx"},"_chains":{"BW11EthqvUH0GtXl4MCzif8tLQ+eMjKjTAqKSz6HR8dR":{"chainKey":{"counter":0,"key":"7v6Z/KE4+kZewqZfSJnl0sTYtXsA6QlRsQ4JJ8WSTYY="},"chainType":2,"messageKeys":{}},"Bdj+1QTs6Z1skc3W7+KTv66nabewwfQaKHZnlOUEWfMa":{"chainKey":{"counter":-1,"key":"mFyA6w5dCC3n0Ev2attKCU3Yozsc+fgFW4n6oIRmiV4="},"chainType":1,"messageKeys":{}}}}},"version":"v1"}