{"_sessions":{"BbHtazpyRIZhgth2cn/0RYAdRPeAU3JSPoJ9JKGTZPsc":{"registrationId":242,"currentRatchet":{"ephemeralKeyPair":{"pubKey":"BTGQAU+f3yh2aGVJDWrYfqOhCzhzq/p5plEBfTTcrZNt","privKey":"cP707jMEHa/8B2bywYGIO28b1yr8SEDiNDVOAtKTil4="},"lastRemoteEphemeralKey":"BUR8CMKSWwAGotpB33fSFS8b25npgqZccL17oq0fhYhh","previousCounter":0,"rootKey":"LdEiOvWohV17/QEwPpVx/pst5Jbj7x+2pOmjPgphuTM="},"indexInfo":{"baseKey":"BbHtazpyRIZhgth2cn/0RYAdRPeAU3JSPoJ9JKGTZPsc","baseKeyType":1,"closed":-1,"used":1749062789479,"created":1749062789479,"remoteIdentityKey":"BWkPLP8k8/UaBKO0CMg+/czAv2Fp4orhj9hGswhywx4K"},"_chains":{"BTGQAU+f3yh2aGVJDWrYfqOhCzhzq/p5plEBfTTcrZNt":{"chainKey":{"counter":0,"key":"88be2VwTPZOabyZColQmdIg7GkYMVQEzpUzeDQHV8iA="},"chainType":1,"messageKeys":{}}},"pendingPreKey":{"signedKeyId":1,"baseKey":"BbHtazpyRIZhgth2cn/0RYAdRPeAU3JSPoJ9JKGTZPsc"}}},"version":"v1"}