{"_sessions":{"BcEKMR+9jbJN4g72InP//Pz4S57d6vgSAQ5EfwMe/xwd":{"registrationId":834418675,"currentRatchet":{"ephemeralKeyPair":{"pubKey":"BRqO/FMp8Pn+Ns0qSlgKqbXSuqpoZvDr3DHEYwGMYi9G","privKey":"mPD8kpOGeii7KEg+5ZfH/tR05h1ZpHXVAnflmvSvEVw="},"lastRemoteEphemeralKey":"BTB0+sK01dJaWy2k2jJAQUYSZ1ewMx8fuh5Pe2wnKF5m","previousCounter":0,"rootKey":"a+DMa22RpZ9flVVe8FNiYmeH9IdltfPP8ThFYoXmLvM="},"indexInfo":{"baseKey":"BcEKMR+9jbJN4g72InP//Pz4S57d6vgSAQ5EfwMe/xwd","baseKeyType":2,"closed":-1,"used":1749118695318,"created":1749118695318,"remoteIdentityKey":"BbCfbjK1TaPXmF66sKC+rqE2YAbbEtTX2zvV2Um4Wvhg"},"_chains":{"BTB0+sK01dJaWy2k2jJAQUYSZ1ewMx8fuh5Pe2wnKF5m":{"chainKey":{"counter":0,"key":"KYvnRK1+cWacG/Up4CqPoFTzsAzzmVZ/NMlzdT75plk="},"chainType":2,"messageKeys":{}},"BRqO/FMp8Pn+Ns0qSlgKqbXSuqpoZvDr3DHEYwGMYi9G":{"chainKey":{"counter":-1,"key":"mUy+qQwyJoxOWK+W02OYv9saTtJdC4NfT7o5+Oh9AOY="},"chainType":1,"messageKeys":{}}}}},"version":"v1"}