{"_sessions":{"BURImbWLvEzLRB5/ZPyQMEmnfBzg5zaWyt4f9/2y9Ho2":{"registrationId":1287514109,"currentRatchet":{"ephemeralKeyPair":{"pubKey":"BVZGWqmd95yEkrA9mCzDHndf5pQdEPAUcUle2INBqLpk","privKey":"oC2hHmj9cOOoZEforx5T8R5ivGRFqqDuSXQQFOZUsVI="},"lastRemoteEphemeralKey":"BUqlvz6F5VTBfzdVcBv0ZbcdzEm4uVnngbcUrArOLIVa","previousCounter":0,"rootKey":"8eSB4jYIVEfwfAV+rf9rUl6rxPoJRhFVNxPoKnT2jwI="},"indexInfo":{"baseKey":"BURImbWLvEzLRB5/ZPyQMEmnfBzg5zaWyt4f9/2y9Ho2","baseKeyType":1,"closed":-1,"used":1749062789611,"created":1749062789611,"remoteIdentityKey":"BfAi8z652DYBCa6jfSyHINF3F/V7D01VtrOcGXIvsGka"},"_chains":{"BVZGWqmd95yEkrA9mCzDHndf5pQdEPAUcUle2INBqLpk":{"chainKey":{"counter":0,"key":"+fiaA8j0AJoWQOm2vfrcLLGS4RA/g97ZqYeaRiGXd3c="},"chainType":1,"messageKeys":{}}},"pendingPreKey":{"signedKeyId":138,"baseKey":"BURImbWLvEzLRB5/ZPyQMEmnfBzg5zaWyt4f9/2y9Ho2","preKeyId":2193}}},"version":"v1"}