{"_sessions":{"Bf8Go4EyYfVnUJgLLRjB1d5/tb8EXqsmpFj0R/0EzsQy":{"registrationId":793628849,"currentRatchet":{"ephemeralKeyPair":{"pubKey":"BcQPYj3WAMurUci9WgiaIuwbRCYprHPk8PCMLzU6QGtx","privKey":"iGropTtJ23TmDneMrB3RkLEtUEkeHKGM/RtL6HnQ8GY="},"lastRemoteEphemeralKey":"BfaK03KQWk1fUEd1odPMn2YyrLcZBnC9PEbErUO0D24Z","previousCounter":0,"rootKey":"HYueGeEx3sbjGbPdWsPMj+9LA6JE1NrPzKxIfihGhiI="},"indexInfo":{"baseKey":"Bf8Go4EyYfVnUJgLLRjB1d5/tb8EXqsmpFj0R/0EzsQy","baseKeyType":1,"closed":-1,"used":1749062789450,"created":1749062789450,"remoteIdentityKey":"BXUrIJu/wqk2VyX3TYBWUZf158RtGi3DvxugYk/rSiou"},"_chains":{"BcQPYj3WAMurUci9WgiaIuwbRCYprHPk8PCMLzU6QGtx":{"chainKey":{"counter":0,"key":"s43NW7zbI0HZUaaP+dfFkyTz+yPIWl49Vc+lsbLqS1c="},"chainType":1,"messageKeys":{}}},"pendingPreKey":{"signedKeyId":1,"baseKey":"Bf8Go4EyYfVnUJgLLRjB1d5/tb8EXqsmpFj0R/0EzsQy","preKeyId":2084}}},"version":"v1"}