{"_sessions":{"BVr5+CHOmANbLJlGSZNHjChZs9tq1Ky2PLssFqqkCThH":{"registrationId":40786771,"currentRatchet":{"ephemeralKeyPair":{"pubKey":"BX3ETm8ES16WEqqkMI0o/zwtDpOOSoCdHFJlnkSEKVUI","privKey":"+GdlD1M5eBcOALjdIyXwqYwG7jL2D5IORRkQsx9EREE="},"lastRemoteEphemeralKey":"BSSTcfISqqiKQLtPBVppt26WPeQ6BPI6ZewE/cKLV7UM","previousCounter":0,"rootKey":"xFqD1yFnpv5FuSzJNUIGHLl3oetNw8p9z5g76AvDoBY="},"indexInfo":{"baseKey":"BVr5+CHOmANbLJlGSZNHjChZs9tq1Ky2PLssFqqkCThH","baseKeyType":2,"closed":-1,"used":1749062717185,"created":1749062717185,"remoteIdentityKey":"BSTS/AdMgfEcBEGRFFZLzgxmJ0sGtcYzcRS/z5jWL69k"},"_chains":{"BSSTcfISqqiKQLtPBVppt26WPeQ6BPI6ZewE/cKLV7UM":{"chainKey":{"counter":0,"key":"l41J1TOGosVNxb4ecbjfqjGpht6yH6Q9lmkZX1Ocf80="},"chainType":2,"messageKeys":{}},"BX3ETm8ES16WEqqkMI0o/zwtDpOOSoCdHFJlnkSEKVUI":{"chainKey":{"counter":0,"key":"n1HFKUHIhkND5w/SwUClVO3btRetOi8puj5FvrYeAFo="},"chainType":1,"messageKeys":{}}}}},"version":"v1"}