{"_sessions":{"BeGVOVTu4Pa+khdRnF7DpqmaUZ6IdiUS1IPZmOipj34X":{"registrationId":366527252,"currentRatchet":{"ephemeralKeyPair":{"pubKey":"BZ0En2nFklmwgcKfnxK6buSaAW+g2EdSpzn4cqrQTpwL","privKey":"2KuzIRq/Ak5G+3QWkxATZLcexOPkK0H7dP8SwFcKYWg="},"lastRemoteEphemeralKey":"BfBZxrRGrXez1mxlRPfngyMdwFFlS8LG8VHwQ4OGFxUB","previousCounter":0,"rootKey":"kEC74+hL2/GYEIopN083R/B0kPsdBw6y5ilMryAimxY="},"indexInfo":{"baseKey":"BeGVOVTu4Pa+khdRnF7DpqmaUZ6IdiUS1IPZmOipj34X","baseKeyType":1,"closed":-1,"used":1749062789640,"created":1749062789640,"remoteIdentityKey":"BaZSAMWD5OBReKsVlzLXasUp8GRZF7cc3WiRyNmKDwAx"},"_chains":{"BZ0En2nFklmwgcKfnxK6buSaAW+g2EdSpzn4cqrQTpwL":{"chainKey":{"counter":0,"key":"wFG5QJbNKi0D6lTPgraoI0ygPsAEVsSKYYpb5CDEMF4="},"chainType":1,"messageKeys":{}}},"pendingPreKey":{"signedKeyId":0,"baseKey":"BeGVOVTu4Pa+khdRnF7DpqmaUZ6IdiUS1IPZmOipj34X","preKeyId":12069420}}},"version":"v1"}