{"_sessions":{"BcA4BenCEIP6JnONxzPyhuFc+QB4wEQ3fLSfZ4sa6U4x":{"registrationId":142410358,"currentRatchet":{"ephemeralKeyPair":{"pubKey":"BakkU5EejChPKJW8IkFRLVw7YRNhRaSsctB6ZbFcZ/tA","privKey":"cAd2Tjwe60/wrPfzvGZWYCz2rmTF0jCj4Et1ngIIcHY="},"lastRemoteEphemeralKey":"BYQoPTlwc9GPkzicYTTdtusQSZtlMT7v36+mTeb34BgV","previousCounter":0,"rootKey":"NfA94kH2PqyG8ONwG6F6oeGG3L6GXMOMf0gW8U8+R/0="},"indexInfo":{"baseKey":"BcA4BenCEIP6JnONxzPyhuFc+QB4wEQ3fLSfZ4sa6U4x","baseKeyType":1,"closed":-1,"used":1749062789795,"created":1749062789795,"remoteIdentityKey":"BXJc/fffWMCZ+jmx59SSMb05lbstiOlbajVQNVQRyKBw"},"_chains":{"BakkU5EejChPKJW8IkFRLVw7YRNhRaSsctB6ZbFcZ/tA":{"chainKey":{"counter":0,"key":"quEaSqHhQ4jf2p35kn3wktQTBLfBBVRU6UtQqMI/Big="},"chainType":1,"messageKeys":{}}},"pendingPreKey":{"signedKeyId":5,"baseKey":"BcA4BenCEIP6JnONxzPyhuFc+QB4wEQ3fLSfZ4sa6U4x","preKeyId":13601717}}},"version":"v1"}