{"_sessions":{"BXl9BCqZ0UuaqG/mJ62lhwWXKaDIe/Cfll70szIQvVAT":{"registrationId":114,"currentRatchet":{"ephemeralKeyPair":{"pubKey":"BTHCpzeJWhm181IUjAFn94Isji12AYRLhE9L+6SSBSIK","privKey":"UKo2flAkAR3klUdMJjs9VOuq5D8g1vljGdM92exnHk0="},"lastRemoteEphemeralKey":"BfLd/tayOF9c+rJoVOVW75cWzxaycqmvRRPiuY6TvaFb","previousCounter":0,"rootKey":"2ILV3vKpTkiVlq4i095QCDHSR13mjsiWErxFh+U+rEw="},"indexInfo":{"baseKey":"BXl9BCqZ0UuaqG/mJ62lhwWXKaDIe/Cfll70szIQvVAT","baseKeyType":1,"closed":-1,"used":1749062789495,"created":1749062789495,"remoteIdentityKey":"BQe05TVzeEahqXWe432qjLjYWZAwlwDs8aBmoOqr5co1"},"_chains":{"BTHCpzeJWhm181IUjAFn94Isji12AYRLhE9L+6SSBSIK":{"chainKey":{"counter":0,"key":"lP4edyQu0qcWRef7hAI3HW0kMIz9iW4gY52/vCKWueo="},"chainType":1,"messageKeys":{}}},"pendingPreKey":{"signedKeyId":1,"baseKey":"BXl9BCqZ0UuaqG/mJ62lhwWXKaDIe/Cfll70szIQvVAT"}}},"version":"v1"}