{"_sessions":{"BRamfFzxDj5IgZY4MgMMh97EPFjnESmsWBTuEkP+Yg0S":{"registrationId":1521876491,"currentRatchet":{"ephemeralKeyPair":{"pubKey":"BYXtMKbspHjhXcNGtfNxnOekHBjrSHuBO0w971LTFLc1","privKey":"4Pn1XRKK4CR1eUn7dyy7wtDz8PcmvKReOFg+JmMB13U="},"lastRemoteEphemeralKey":"BcyqwcFNcx5Szg3NTBcCc7RnNkYHN2MBd4yRhmAq2F9q","previousCounter":0,"rootKey":"ZWY8fJP9WcTeUoFdfl/Rat2oWndDf4wODH79mCHW8D4="},"indexInfo":{"baseKey":"BRamfFzxDj5IgZY4MgMMh97EPFjnESmsWBTuEkP+Yg0S","baseKeyType":2,"closed":-1,"used":1749118695204,"created":1749118695204,"remoteIdentityKey":"BQfovyslyjdRUk81U2Eylzs+aNY1X6KCQCinCxor4Ogd"},"_chains":{"BcyqwcFNcx5Szg3NTBcCc7RnNkYHN2MBd4yRhmAq2F9q":{"chainKey":{"counter":0,"key":"PPfdTUjO4eKVhuC9QfWIp/ahd1V8v9pZc5ZiUYzKoYo="},"chainType":2,"messageKeys":{}},"BYXtMKbspHjhXcNGtfNxnOekHBjrSHuBO0w971LTFLc1":{"chainKey":{"counter":-1,"key":"kw/+2OSuEio+ESAVFvU+kkS2IIbd1NBcr/oRZkxx96k="},"chainType":1,"messageKeys":{}}}}},"version":"v1"}