{"_sessions":{"BWIR0M5DQw35iyhhrP9LNcSDyJLrv0PbO2iwfdFPAAJr":{"registrationId":9944,"currentRatchet":{"ephemeralKeyPair":{"pubKey":"BYfBec5Aq8pmn5NnZxer0ZFqpjAKVEvpiVsDe7sJTHoX","privKey":"YN1kYbECq3elrHAf3yXJbgzihHtUNEtl4qJxElTToFE="},"lastRemoteEphemeralKey":"BXa8KRhC0gy40rSa0K1oaHGj9JColmtK9F5n+hM9Gwsd","previousCounter":0,"rootKey":"w/YtyBmhp0fzuksbtjoRs1bb/AhJoDtCEzYqJX300K0="},"indexInfo":{"baseKey":"BWIR0M5DQw35iyhhrP9LNcSDyJLrv0PbO2iwfdFPAAJr","baseKeyType":1,"closed":-1,"used":1749048596491,"created":1749048596491,"remoteIdentityKey":"BSdTVDswVCZ0DwhjReTBY2E+UF2wajRQsrhY2+xsaLR4"},"_chains":{"BYfBec5Aq8pmn5NnZxer0ZFqpjAKVEvpiVsDe7sJTHoX":{"chainKey":{"counter":0,"key":"9tVO8/SXwM7sH8mCgmMpaavv5G1OpIxcaGjd7LgUe64="},"chainType":1,"messageKeys":{}}},"pendingPreKey":{"signedKeyId":1,"baseKey":"BWIR0M5DQw35iyhhrP9LNcSDyJLrv0PbO2iwfdFPAAJr","preKeyId":604}}},"version":"v1"}