{"_sessions":{"Bdes85U/CHKUaNo+2VqMzv10nHacn+8JDaP26fwdx/R9":{"registrationId":1075496077,"currentRatchet":{"ephemeralKeyPair":{"pubKey":"BcettvAd2ThRVCH6FifwDYoJikvIkOBM99nhOcEb60xe","privKey":"aBzH8pXBjkNsDXdQkhT4gv9K3iV/Uy3W+XtOzZHslFo="},"lastRemoteEphemeralKey":"BZzSGcEEMqO2RfYrwrfuoR5fLJJezwtMMDCSRKGKXqcI","previousCounter":0,"rootKey":"HWQvkUCewTvra6xi1KJm+bNwiaPugewa2B0vdTndr+A="},"indexInfo":{"baseKey":"Bdes85U/CHKUaNo+2VqMzv10nHacn+8JDaP26fwdx/R9","baseKeyType":1,"closed":-1,"used":1749062789536,"created":1749062789536,"remoteIdentityKey":"BUSd5wCbAnwmsXZPBFpQHurihZ64MHtxZ/u6ZO0YJog6"},"_chains":{"BcettvAd2ThRVCH6FifwDYoJikvIkOBM99nhOcEb60xe":{"chainKey":{"counter":0,"key":"DwQ7Fma1b5qmDiz2dkOYYZ0RbveqJxNzvb+v6TNa6kg="},"chainType":1,"messageKeys":{}}},"pendingPreKey":{"signedKeyId":2,"baseKey":"Bdes85U/CHKUaNo+2VqMzv10nHacn+8JDaP26fwdx/R9","preKeyId":2953}}},"version":"v1"}