{"_sessions":{"BZZTVo/ot1fOIggfRjsBcnL8v6noAYxDTnYB4Fyl0qkg":{"registrationId":529537201,"currentRatchet":{"ephemeralKeyPair":{"pubKey":"BVL8BhCazxYOdMpaPZXeJuJ40PEgm2km0+/gsZeRyStD","privKey":"KGiuFUdjf5hvbhgc5SbGMs7jb3jqa/GvzABzH1pjnV8="},"lastRemoteEphemeralKey":"BQm8un0HHtEoK0ld1z0NCNnd6K3MFk75Zzwq6uu2S105","previousCounter":0,"rootKey":"+IxWi7vIRZSdKIAcwlSnOF3AKTTq1hpg2GHy9ojAdLg="},"indexInfo":{"baseKey":"BZZTVo/ot1fOIggfRjsBcnL8v6noAYxDTnYB4Fyl0qkg","baseKeyType":1,"closed":-1,"used":1749048596526,"created":1749048596526,"remoteIdentityKey":"BerUIt59EqFB8fz7KJdX3cqR8+JvhoDznT2M9Y8E7Tla"},"_chains":{"BVL8BhCazxYOdMpaPZXeJuJ40PEgm2km0+/gsZeRyStD":{"chainKey":{"counter":0,"key":"+4jYiYJMwYrpGt6Mw4T2XSQuyH2qxJeKRb675r2TJS4="},"chainType":1,"messageKeys":{}}},"pendingPreKey":{"signedKeyId":1,"baseKey":"BZZTVo/ot1fOIggfRjsBcnL8v6noAYxDTnYB4Fyl0qkg","preKeyId":4454621}}},"version":"v1"}