{"_sessions":{"BaAJOnbR284zCkfqGZSgp6mnrRKC4PeSp0fKVwIHdFI4":{"registrationId":1891300246,"currentRatchet":{"ephemeralKeyPair":{"pubKey":"BUMJ5fl+8FKc6NCXaMprotZc5jzGbkjsrTzcLjwl9eNg","privKey":"INTvjyfOoWD8SRM9uWE+xVxFo761K0IT80f9j3wLBmQ="},"lastRemoteEphemeralKey":"BTA+bIp5d0WGLyPPO9C9niRi8M/6YEYjJJsHKoH+haEJ","previousCounter":0,"rootKey":"lUEnOQW2qMaHZUYjhbsfZtLI8F8r99D2m0itKkieiJ0="},"indexInfo":{"baseKey":"BaAJOnbR284zCkfqGZSgp6mnrRKC4PeSp0fKVwIHdFI4","baseKeyType":2,"closed":-1,"used":1749118696078,"created":1749118696078,"remoteIdentityKey":"BeRUAAmyyR9fAvoKsQQEq/UXDnhrTQf9Jngkbc4MyE5w"},"_chains":{"BTA+bIp5d0WGLyPPO9C9niRi8M/6YEYjJJsHKoH+haEJ":{"chainKey":{"counter":0,"key":"cFPmEAR2Ur2gOGtZDq8Qr9tXltD23giRLvszgipned4="},"chainType":2,"messageKeys":{}},"BUMJ5fl+8FKc6NCXaMprotZc5jzGbkjsrTzcLjwl9eNg":{"chainKey":{"counter":-1,"key":"Yhymu4gXWQ7nwgtZi0L/3xopg1u6VFcC/tKy39sHJE8="},"chainType":1,"messageKeys":{}}}}},"version":"v1"}