{"_sessions":{"BRzrWD1L3+yDFr8Hz26ODSZkvYW+eZPgj43ojC2F+Ztf":{"registrationId":1025623929,"currentRatchet":{"ephemeralKeyPair":{"pubKey":"BSOLxhmEoLKfcV4rbwOu7HJXNyacziw9VnAtAE6kbQpB","privKey":"mM13agOVcSwFwy2GHnPcIPOglpl0LyCJajL5wx8saWI="},"lastRemoteEphemeralKey":"BZvZbMB+3WMtRCLtPnI99eHFJlGezOarixhYJzVIntxM","previousCounter":0,"rootKey":"ZBouKuiODf13LBoW38BZmjb+1QN+iP0E6SX40s7/yxg="},"indexInfo":{"baseKey":"BRzrWD1L3+yDFr8Hz26ODSZkvYW+eZPgj43ojC2F+Ztf","baseKeyType":1,"closed":-1,"used":1749048596533,"created":1749048596533,"remoteIdentityKey":"Bd87RxiPxjB8GK0b8PsmFHe7iL5iIjzrPHKu2j5hd8YG"},"_chains":{"BSOLxhmEoLKfcV4rbwOu7HJXNyacziw9VnAtAE6kbQpB":{"chainKey":{"counter":0,"key":"YX/G4QgVccTWRQ7nqkjuQT7IwQz8fExPv+tYuIrWCPo="},"chainType":1,"messageKeys":{}}},"pendingPreKey":{"signedKeyId":0,"baseKey":"BRzrWD1L3+yDFr8Hz26ODSZkvYW+eZPgj43ojC2F+Ztf","preKeyId":15415206}}},"version":"v1"}