{"_sessions":{"Bd1bhZnrGVm5BPv7H3rLRrzSaD7u9l8tCwy6jnzu9cBI":{"registrationId":1323725103,"currentRatchet":{"ephemeralKeyPair":{"pubKey":"BQgrYojv37a1Q2JWPBerWiYtZx0jW13ysnPvyZp1gWYR","privKey":"0ID7PjAqAA/ZNUAkK8yLilG6DB3R6CPukrLoQGyjX0s="},"lastRemoteEphemeralKey":"BbG6UtyDdd7wAmiAejr1tBsiJ6hJKszbKls4GziOxEt2","previousCounter":0,"rootKey":"VUX4M+oykLXj5UU6c9JiDUVxiz/PFDiXPaUZHB8FgvE="},"indexInfo":{"baseKey":"Bd1bhZnrGVm5BPv7H3rLRrzSaD7u9l8tCwy6jnzu9cBI","baseKeyType":2,"closed":-1,"used":1749120244315,"created":1749120244315,"remoteIdentityKey":"BWiNovjL1fLEefP377CO77pux1PnEAyoyAsSNPwEz0Zx"},"_chains":{"BbG6UtyDdd7wAmiAejr1tBsiJ6hJKszbKls4GziOxEt2":{"chainKey":{"counter":0,"key":"z7k7Pd+pOEVsZhpxXE722OIK+YChPBQ0e2td4NoUMPI="},"chainType":2,"messageKeys":{}},"BQgrYojv37a1Q2JWPBerWiYtZx0jW13ysnPvyZp1gWYR":{"chainKey":{"counter":-1,"key":"krJ/2U3tKHu/B/6QXglySIhRTnmjXd/h5b/qOBOxgYo="},"chainType":1,"messageKeys":{}}}}},"version":"v1"}