{"_sessions":{"BSZGrWmxVf1TWYySbLm/5/5B9bwI9aRWDvPBPRtDfE8L":{"registrationId":1208065136,"currentRatchet":{"ephemeralKeyPair":{"pubKey":"Be7Q130+ssObZq271RAC7LEQQYfTq3T1XDHV1Dbf6GJn","privKey":"qOLIPagV6875GF5AUNwZ34Z8TlG2lU641ZRGAeo6UFo="},"lastRemoteEphemeralKey":"BSyQYLxeXhZWGzCJYHBZ5DV2UPQ8U8bPrcPjhOqosKg6","previousCounter":0,"rootKey":"Kqd1Ee5Vm12p7cirF7XyGYHgo/UbGpqOlTInuKVYRro="},"indexInfo":{"baseKey":"BSZGrWmxVf1TWYySbLm/5/5B9bwI9aRWDvPBPRtDfE8L","baseKeyType":2,"closed":-1,"used":1749057409288,"created":1749057409288,"remoteIdentityKey":"BSzq4TaDU+IDUPy1R+8WhuqtEbePO62UZwuK0MGyX8I9"},"_chains":{"BSyQYLxeXhZWGzCJYHBZ5DV2UPQ8U8bPrcPjhOqosKg6":{"chainKey":{"counter":0,"key":"rWbs4UwxFgKGKhfA9kbVo2jWBQ+l6yfNaFcIzEb+14o="},"chainType":2,"messageKeys":{}},"Be7Q130+ssObZq271RAC7LEQQYfTq3T1XDHV1Dbf6GJn":{"chainKey":{"counter":0,"key":"wz4pKgz1gL00CtZ8zSR7jMAReLz3y4LXb0yELgfrin4="},"chainType":1,"messageKeys":{}}}}},"version":"v1"}