{"_sessions":{"BWYS4kGdFJivTr2f6rwMtfUV5PGe885KAw5A7m/T6tB5":{"registrationId":145,"currentRatchet":{"ephemeralKeyPair":{"pubKey":"BU1ZGQSLKZiS2/hGiKjzUOhPMWtjKiNiz3x7RUXDjrYH","privKey":"CHYGmTKlhS+9m0SnZOLtLm4WJhiQtvkRG2aCoR4wsUk="},"lastRemoteEphemeralKey":"BY3RA55Ed5SITSjFl6rqiV6oLlawcqKxj+/3ZkKonc0C","previousCounter":0,"rootKey":"qYXV5XS59YFKpyITYT6Spg/QvqttI6vAKQX+3V+QtH4="},"indexInfo":{"baseKey":"BWYS4kGdFJivTr2f6rwMtfUV5PGe885KAw5A7m/T6tB5","baseKeyType":1,"closed":-1,"used":1749048596481,"created":1749048596481,"remoteIdentityKey":"BfswJLIU6Emc/oeqxckqq8CrRySfVNYqs1fQt1jt9PQf"},"_chains":{"BU1ZGQSLKZiS2/hGiKjzUOhPMWtjKiNiz3x7RUXDjrYH":{"chainKey":{"counter":0,"key":"8cnCZowoOXBULEefyJX2FZVqJzgenvmr6MafyhtFPDg="},"chainType":1,"messageKeys":{}}},"pendingPreKey":{"signedKeyId":1,"baseKey":"BWYS4kGdFJivTr2f6rwMtfUV5PGe885KAw5A7m/T6tB5"}}},"version":"v1"}