{"_sessions":{"BbhZR2ZlUwb90FjOor+b2zWyrDtyClSsp7YQZDLjRJEG":{"registrationId":2120038230,"currentRatchet":{"ephemeralKeyPair":{"pubKey":"BVlCW6D7R5yFJ0+Hb7boaQWrQEqcDezRLJBRLWRV5dsN","privKey":"UG+iWNBKW6PLRsiK+hridKpta6PPJ8OKprGtAN31FXQ="},"lastRemoteEphemeralKey":"BQgxOO+bBes90Tocwbc/3D+8UPTEpedBKrjHeVQgdvZS","previousCounter":0,"rootKey":"jy47pwp9BAm8FIL9aX1/f/aO7R4De3CEztJ/ZGRhlQc="},"indexInfo":{"baseKey":"BbhZR2ZlUwb90FjOor+b2zWyrDtyClSsp7YQZDLjRJEG","baseKeyType":1,"closed":-1,"used":1749062789583,"created":1749062789583,"remoteIdentityKey":"BcRkbu4A8WRMp8IdfILrYvKqACRTmn6nqi3AdNgj9Tpv"},"_chains":{"BVlCW6D7R5yFJ0+Hb7boaQWrQEqcDezRLJBRLWRV5dsN":{"chainKey":{"counter":0,"key":"RQLo5EjksNzSjfg/WxN1HM7LlnB5Z4YiPRBsPJXo86w="},"chainType":1,"messageKeys":{}}},"pendingPreKey":{"signedKeyId":1,"baseKey":"BbhZR2ZlUwb90FjOor+b2zWyrDtyClSsp7YQZDLjRJEG"}}},"version":"v1"}