{"_sessions":{"Beazxl+ya+3V6jjFxK7AAa15d8DQpO8NFm+A/ZiO4iIm":{"registrationId":177,"currentRatchet":{"ephemeralKeyPair":{"pubKey":"BbTWuaYqz5vPR5l6RzaaYws8GOW9AnbvHAMO9Q40gBQp","privKey":"wF9k3vQiFg2kSiEkV5wxt360ZXIAih38wtm8rLrdLX0="},"lastRemoteEphemeralKey":"BRY+h+X5qh5kVHv91AYmxHyHweXZn4kYlVmEfQQjP5UO","previousCounter":0,"rootKey":"qCM9ITjuEDXLwsT0pzUYSyI80BlCyDzCB6+M0F6HKcI="},"indexInfo":{"baseKey":"Beazxl+ya+3V6jjFxK7AAa15d8DQpO8NFm+A/ZiO4iIm","baseKeyType":1,"closed":-1,"used":1749062789560,"created":1749062789560,"remoteIdentityKey":"BUXbgnm55Nbqs1gTF3eqdbay+7ZRTRbAnleOUCBDJlxD"},"_chains":{"BbTWuaYqz5vPR5l6RzaaYws8GOW9AnbvHAMO9Q40gBQp":{"chainKey":{"counter":0,"key":"Wv//i4m7U2jAGi4Jy2rNZQYHbMt7841EtLjmQtK+SeY="},"chainType":1,"messageKeys":{}}},"pendingPreKey":{"signedKeyId":1,"baseKey":"Beazxl+ya+3V6jjFxK7AAa15d8DQpO8NFm+A/ZiO4iIm","preKeyId":185}}},"version":"v1"}