{"_sessions":{"BQSZrrVfSNLFKRLfqpFfOrjzKtW1VdvDI+sbfCrG4CJ2":{"registrationId":1424920950,"currentRatchet":{"ephemeralKeyPair":{"pubKey":"BYUkNPp+M/+vl/a7OR9hWb0J5LN1/kI2Oy9cZjyQtGIM","privKey":"8OsmIUI9ARqhQucJMsBqWdvbLw/EtCt+6OrLf+uHNnE="},"lastRemoteEphemeralKey":"Bf+AliVMA4KVzAhIE0XJ3gVdTKhsJpVBOjB8u5inDNVD","previousCounter":0,"rootKey":"5An/CWnH4hmSC7tfbqtKYhOhKtfWLo6F5ojlNmr6qHA="},"indexInfo":{"baseKey":"BQSZrrVfSNLFKRLfqpFfOrjzKtW1VdvDI+sbfCrG4CJ2","baseKeyType":2,"closed":-1,"used":1749055824085,"created":1749055824085,"remoteIdentityKey":"BQ4EdGvXKsab/Hfe0HAOiASsuYsbOs1yZq5dntJR2ccI"},"_chains":{"Bf+AliVMA4KVzAhIE0XJ3gVdTKhsJpVBOjB8u5inDNVD":{"chainKey":{"counter":2,"key":"ZnDXQuUG1D2ZOUqYd8St/dXxmi2hLuLPD4azYqih39k="},"chainType":2,"messageKeys":{}},"BYUkNPp+M/+vl/a7OR9hWb0J5LN1/kI2Oy9cZjyQtGIM":{"chainKey":{"counter":-1,"key":"bmUc0EQXVhVnL+/XD5+RJPC+54b6l+qqQMIcD1HOSaI="},"chainType":1,"messageKeys":{}}}}},"version":"v1"}