{"_sessions":{"BX9XgNhNe3H4D2kwFwQTPSG9UZ+sBe9xL4f2FZtkmpkv":{"registrationId":725859799,"currentRatchet":{"ephemeralKeyPair":{"pubKey":"BQZydA+C1t22NLH0mZt8sc1+SC83D6Hs47bvE+SnzsFk","privKey":"wHuy/9MM5uaE88cO6Oqxx4VAH0cQfF7aSCFlb8crdmQ="},"lastRemoteEphemeralKey":"BdDxyeAoXwp1g3UtCnTW+hY8tg67VQqSGKja0bV62Ywg","previousCounter":0,"rootKey":"N8a038FeAPCiqiWpf84elxJl4ulzx4CiqFO5iLGC+vY="},"indexInfo":{"baseKey":"BX9XgNhNe3H4D2kwFwQTPSG9UZ+sBe9xL4f2FZtkmpkv","baseKeyType":2,"closed":-1,"used":1749059551700,"created":1749059551700,"remoteIdentityKey":"BQYoD86BKK1AmJrlhJk6JL7PWwl8FPlyNa7fQSKsBtgD"},"_chains":{"BdDxyeAoXwp1g3UtCnTW+hY8tg67VQqSGKja0bV62Ywg":{"chainKey":{"counter":0,"key":"vbKyYNSf58J+DH1Wr8kpYHTQhebxVY39791/kt+35gE="},"chainType":2,"messageKeys":{}},"BQZydA+C1t22NLH0mZt8sc1+SC83D6Hs47bvE+SnzsFk":{"chainKey":{"counter":-1,"key":"7GfeF/22EYp9dSaWEQg+gAGJp8EP3pDyB18y6XB2ujM="},"chainType":1,"messageKeys":{}}}}},"version":"v1"}